# Blender 4.5.3 LTS
# www.blender.org
o Cube
v 16.615879 0.374479 -16.529873
v 16.723438 -0.633392 16.441347
v -16.498098 0.709869 -16.348209
v -16.738802 -0.239885 16.535393
v 7.966209 -0.891359 16.571186
v -0.059934 -0.047075 16.549765
v -8.336502 -1.351180 16.444447
v 15.802909 0.399267 -8.309562
v 16.553022 0.332442 0.071500
v 16.657696 0.341733 8.344334
v -16.294718 -0.365326 8.150964
v -15.408853 0.570324 -0.367097
v -16.189531 1.281444 -8.709835
v -8.413858 -0.416314 -16.250078
v -0.009445 -0.636066 -16.382967
v 8.311254 -0.674085 -16.098635
v 7.907568 6.434841 -8.369846
v 0.902970 4.468879 -8.258862
v -9.480934 6.771725 -8.513556
v 8.297708 0.918847 -0.006481
v -0.135664 0.042150 -0.386872
v -9.336712 5.546207 -0.391460
v 8.297862 0.995593 8.281918
v -0.104844 0.897850 8.124196
v -8.328214 1.812515 8.236290
v 16.207293 -0.916601 16.433304
v 15.684358 -1.120131 16.430443
v 15.155715 -1.237770 16.431515
v 14.620555 -1.286534 16.433989
v 14.076342 -1.291361 16.436333
v 13.521318 -1.275575 16.439138
v 12.954988 -1.261757 16.443171
v 12.381294 -1.253915 16.449760
v 11.806920 -1.240743 16.459068
v 11.239139 -1.204513 16.469433
v 10.675829 -1.168321 16.483040
v 10.111713 -1.157013 16.497541
v 9.551523 -1.131389 16.514799
v 9.004325 -1.082234 16.533495
v 8.475828 -1.001368 16.552431
v 7.474289 -0.740266 16.587374
v 6.992998 -0.570776 16.602264
v 6.522971 -0.404217 16.614363
v 6.051621 -0.294176 16.624340
v 5.570636 -0.273915 16.633894
v 5.071290 -0.349433 16.643139
v 4.552735 -0.430814 16.640247
v 4.034918 -0.500980 16.637251
v 3.519299 -0.525143 16.632433
v 3.003931 -0.499439 16.625933
v 2.486393 -0.449073 16.618486
v 1.969906 -0.354188 16.605780
v 1.469117 -0.198658 16.589567
v 0.971542 -0.034734 16.573280
v 0.454221 0.016738 16.561750
v -0.577039 -0.069927 16.541285
v -1.095330 -0.053785 16.532537
v -1.611687 -0.121232 16.524605
v -2.105579 -0.288388 16.515778
v -2.613239 -0.406746 16.506851
v -3.134745 -0.454702 16.501945
v -3.645576 -0.564230 16.492355
v -4.159084 -0.653981 16.482531
v -4.673752 -0.737012 16.472807
v -5.187334 -0.832257 16.465235
v -5.703346 -0.926516 16.459074
v -6.221714 -1.017079 16.454229
v -6.744296 -1.106829 16.450449
v -7.271755 -1.193383 16.447712
v -7.802802 -1.275470 16.445602
v -8.872111 -1.419128 16.444836
v -9.407521 -1.476127 16.446117
v -9.942369 -1.524593 16.449032
v -10.476725 -1.560738 16.453251
v -11.013133 -1.584628 16.457294
v -11.552728 -1.584287 16.459421
v -12.091614 -1.561313 16.461473
v -12.632126 -1.501728 16.463037
v -13.166681 -1.417464 16.464861
v -13.697525 -1.309043 16.468542
v -14.222816 -1.176497 16.474255
v -14.740697 -1.021826 16.481726
v -15.250113 -0.844237 16.491755
v -15.751682 -0.649767 16.504381
v -16.246920 -0.447372 16.519073
v 16.619593 0.200686 -15.980270
v 16.617365 0.071929 -15.428286
v 16.606670 -0.003612 -14.876060
v 16.586761 -0.029295 -14.326672
v 16.557280 -0.020985 -13.782907
v 16.477091 0.014544 -13.224181
v 16.339403 0.100930 -12.711635
v 16.219469 0.169666 -12.206305
v 16.109091 0.228858 -11.710222
v 16.012756 0.279041 -11.218579
v 15.927515 0.311332 -10.729684
v 15.843956 0.319303 -10.245337
v 15.801966 0.348852 -9.761176
v 15.783658 0.372886 -9.278507
v 15.790674 0.399514 -8.794530
v 15.834127 0.377698 -7.820805
v 15.877431 0.339399 -7.329832
v 15.935046 0.283625 -6.832827
v 16.010902 0.207600 -6.331609
v 16.101418 0.107171 -5.813914
v 16.199877 -0.010893 -5.296370
v 16.335297 -0.170201 -4.717343
v 16.370029 -0.259815 -4.163536
v 16.398912 -0.324883 -3.604187
v 16.423485 -0.343399 -3.045493
v 16.445601 -0.303872 -2.493440
v 16.466236 -0.205156 -1.953392
v 16.487141 -0.062940 -1.428137
v 16.508907 0.096962 -0.917603
v 16.531006 0.234931 -0.419453
v 16.574005 0.368648 0.560053
v 16.592512 0.338716 1.050933
v 16.608444 0.244338 1.547683
v 16.622028 0.110194 2.052794
v 16.633911 -0.037221 2.566037
v 16.645218 -0.173671 3.087097
v 16.656643 -0.285829 3.614456
v 16.668631 -0.371380 4.147524
v 16.679947 -0.424694 4.684374
v 16.688963 -0.433948 5.222403
v 16.694307 -0.395487 5.758812
v 16.694981 -0.311285 6.290742
v 16.690712 -0.182955 6.815661
v 16.681770 -0.019904 7.332472
v 16.670183 0.160749 7.841361
v 16.646955 0.488756 8.843359
v 16.642057 0.573078 9.337156
v 16.643797 0.587988 9.827967
v 16.651907 0.542980 10.317660
v 16.667307 0.448065 10.806803
v 16.688219 0.327411 11.297174
v 16.711599 0.212155 11.789639
v 16.733782 0.110753 12.283992
v 16.752913 -0.015896 12.781270
v 16.767601 -0.191076 13.283188
v 16.776304 -0.405818 13.791744
v 16.777634 -0.625966 14.308634
v 16.771584 -0.793977 14.833765
v 16.759686 -0.861415 15.365265
v 16.743347 -0.808435 15.901410
v -16.760757 -0.333776 15.995876
v -16.782888 -0.412782 15.452635
v -16.801214 -0.462040 14.909843
v -16.812962 -0.475241 14.369093
v -16.816700 -0.457096 13.828661
v -16.811440 -0.425491 13.285300
v -16.796080 -0.387752 12.741125
v -16.770479 -0.356962 12.198356
v -16.734777 -0.344669 11.661465
v -16.691057 -0.343304 11.134665
v -16.635223 -0.358284 10.620986
v -16.572693 -0.373099 10.119868
v -16.503309 -0.385417 9.628307
v -16.433657 -0.390938 9.140878
v -16.364283 -0.385774 8.650253
v -16.213158 -0.341107 7.632460
v -16.117517 -0.327219 7.087175
v -16.006645 -0.332573 6.514059
v -15.886027 -0.356939 5.922332
v -15.764110 -0.389849 5.325410
v -15.656057 -0.406841 4.738002
v -15.606808 -0.379094 4.151072
v -15.634063 -0.236998 3.615379
v -15.650949 -0.107481 3.095368
v -15.668505 0.050585 2.552061
v -15.642479 0.171754 2.015090
v -15.600839 0.291289 1.491380
v -15.548591 0.397445 0.995233
v -15.493803 0.485038 0.522928
v -15.450879 0.539838 0.087482
v -15.364841 0.566250 -0.833484
v -15.310774 0.525067 -1.312666
v -15.241632 0.467269 -1.817107
v -15.169112 0.392701 -2.345840
v -15.101229 0.319300 -2.891967
v -15.053510 0.267580 -3.453487
v -15.036551 0.245249 -4.023101
v -15.064610 0.264546 -4.595575
v -15.128603 0.302618 -5.168781
v -15.222031 0.354013 -5.741221
v -15.342060 0.430714 -6.302895
v -15.484139 0.540704 -6.847308
v -15.679671 0.727801 -7.344540
v -15.940595 0.987915 -7.753958
v -16.118332 1.188206 -8.209519
v -16.139435 1.218217 -9.209010
v -15.956216 0.990782 -9.613711
v -15.671252 0.680689 -9.864674
v -15.486729 0.408825 -10.220881
v -15.431933 0.202859 -10.647878
v -15.459917 0.071327 -11.097270
v -15.498619 -0.045314 -11.547706
v -15.554181 -0.139327 -12.008884
v -15.631374 -0.193616 -12.488901
v -15.728854 -0.203286 -12.996310
v -15.847135 -0.167103 -13.533195
v -15.986732 -0.077324 -14.093919
v -16.139328 0.076952 -14.668443
v -16.288397 0.288949 -15.241276
v -16.411327 0.528379 -15.797341
v -15.973836 0.641972 -16.335344
v -15.462882 0.561615 -16.318674
v -14.970299 0.440164 -16.305500
v -14.488117 0.294454 -16.288797
v -13.994593 0.193387 -16.261349
v -13.492999 0.133362 -16.232563
v -12.991063 0.074609 -16.205151
v -12.490083 0.017863 -16.184025
v -11.994190 -0.045597 -16.164824
v -11.499087 -0.101780 -16.153259
v -11.002156 -0.156294 -16.150446
v -10.500565 -0.206890 -16.157530
v -9.991924 -0.257634 -16.174377
v -9.474016 -0.309418 -16.197952
v -8.948313 -0.368566 -16.224060
v -7.872665 -0.444617 -16.277115
v -7.326169 -0.440535 -16.305496
v -6.773038 -0.377914 -16.340673
v -6.222940 -0.235524 -16.383183
v -5.688282 -0.019176 -16.431410
v -5.154908 0.191049 -16.479853
v -4.624714 0.338465 -16.519520
v -4.106474 0.413237 -16.545179
v -3.598828 0.411064 -16.553854
v -3.098335 0.317567 -16.548164
v -2.606957 0.134901 -16.531351
v -2.112670 -0.079970 -16.503855
v -1.604804 -0.279851 -16.474499
v -1.082381 -0.450866 -16.441248
v -0.550442 -0.573008 -16.410273
v 0.538909 -0.642649 -16.360588
v 1.090690 -0.593184 -16.346394
v 1.642928 -0.504443 -16.341711
v 2.190076 -0.398468 -16.347460
v 2.728486 -0.290140 -16.363173
v 3.256723 -0.192051 -16.385752
v 3.789236 -0.112051 -16.371273
v 4.296734 -0.081902 -16.370056
v 4.799408 -0.078705 -16.367214
v 5.296726 -0.109801 -16.355255
v 5.793742 -0.191659 -16.322380
v 6.285129 -0.314275 -16.269484
v 6.780527 -0.432335 -16.214722
v 7.280766 -0.551198 -16.158253
v 7.792324 -0.625065 -16.121754
v 8.838237 -0.690670 -16.093569
v 9.372067 -0.675968 -16.106634
v 9.909739 -0.632312 -16.137018
v 10.449322 -0.571142 -16.180487
v 10.987494 -0.497290 -16.233541
v 11.521716 -0.419707 -16.290234
v 12.048863 -0.345473 -16.346315
v 12.572056 -0.288019 -16.397797
v 13.084092 -0.245428 -16.444387
v 13.604985 -0.210895 -16.493933
v 14.107577 -0.179214 -16.495510
v 14.607651 -0.136195 -16.496058
v 15.106973 -0.065725 -16.498337
v 15.607475 0.041452 -16.504135
v 16.110325 0.191407 -16.514736
v 7.405090 6.306696 -8.353793
v 6.888910 6.221740 -8.303496
v 6.408257 6.012908 -8.287459
v 5.958915 5.758071 -8.276797
v 5.534139 5.468551 -8.292364
v 5.170553 5.120519 -8.334550
v 4.735583 4.884906 -8.354575
v 4.267669 4.827216 -8.354622
v 3.816349 4.874527 -8.349779
v 3.373245 4.849810 -8.342151
v 2.958452 4.738695 -8.339148
v 2.578181 4.554753 -8.336453
v 2.163746 4.505545 -8.324440
v 1.753981 4.548473 -8.305161
v 1.329978 4.524674 -8.284397
v 0.459516 4.467900 -8.221272
v 0.004570 4.514865 -8.174199
v -0.465723 4.591061 -8.123797
v -0.958748 4.657267 -8.088428
v -1.474540 4.720827 -8.086091
v -2.014484 4.783477 -8.114400
v -2.596191 4.850709 -8.153435
v -3.235407 4.924599 -8.194360
v -3.949558 5.020498 -8.228456
v -4.741710 5.143917 -8.258684
v -5.599890 5.208373 -8.270082
v -6.475904 5.349983 -8.276762
v -7.310024 5.620781 -8.299671
v -8.064675 5.987429 -8.349444
v -8.764918 6.369824 -8.416791
v 7.963133 6.169616 -7.875377
v 7.984539 5.923493 -7.394703
v 8.016511 5.630459 -6.924417
v 8.075257 5.265306 -6.486667
v 8.149719 4.828096 -6.077216
v 8.212759 4.352889 -5.638535
v 8.228286 3.883309 -5.225366
v 7.938239 3.294033 -9.803655
v 7.764553 2.020243 -9.409423
v 7.855654 1.276955 -8.556386
v 7.992892 0.662026 -3.140813
v 8.012263 0.541168 -2.288459
v 8.146375 0.801944 -1.564017
v 8.264097 1.072046 -0.954269
v 8.298397 1.031460 -0.514829
v 0.931420 4.463805 -7.719123
v 0.952946 4.457637 -7.171616
v 0.956938 4.432443 -6.625383
v 0.935216 4.410226 -6.089447
v 0.891218 4.372866 -5.558952
v 0.820720 4.188226 -5.025049
v 0.697491 3.623898 -4.522002
v 0.521775 2.740808 -4.094473
v 0.361665 2.108030 -3.591530
v 0.224745 1.695020 -3.052644
v 0.105263 1.296978 -2.587044
v 0.014395 0.973975 -2.140282
v -0.046832 0.712428 -1.712107
v -0.090735 0.472598 -1.291237
v -0.121697 0.250984 -0.856234
v -9.471970 6.872147 -7.886590
v -9.502152 6.919296 -7.277090
v -9.540010 6.888748 -6.656213
v -9.598740 6.739308 -6.043121
v -9.657436 6.558692 -5.430717
v -9.691612 6.425641 -4.809949
v -9.701676 6.327198 -4.207264
v -9.692664 6.239335 -3.641931
v -9.666476 6.156667 -3.128830
v -9.630179 6.080234 -2.670332
v -9.591663 6.007697 -2.260170
v -9.552401 5.934810 -1.884402
v -9.505993 5.851712 -1.523552
v -9.461143 5.757237 -1.164504
v -9.414742 5.656103 -0.811607
v 7.779194 0.861412 -0.007573
v 7.260149 0.786971 -0.011320
v 6.720692 0.695388 -0.033338
v 6.069523 0.676620 -0.193964
v 5.341333 0.621025 -0.428917
v 4.793629 0.522141 -0.441557
v 4.375268 0.450046 -0.320072
v 4.015627 0.411523 -0.156922
v 3.677799 0.406246 0.008646
v 3.330598 0.413139 0.149608
v 2.926893 0.430246 0.234464
v 2.370781 0.476233 0.191692
v 1.659570 0.459872 -0.036138
v 1.003597 0.316612 -0.251429
v 0.417862 0.159701 -0.364576
v -0.673910 -0.030489 -0.349461
v -1.203815 -0.047631 -0.287441
v -1.729137 0.002983 -0.233684
v -2.244345 0.108103 -0.192966
v -2.751022 0.266855 -0.168142
v -3.252501 0.472153 -0.152788
v -3.753386 0.708165 -0.135192
v -4.251778 0.976331 -0.109623
v -4.775763 1.268754 -0.079984
v -5.321727 1.658464 -0.048946
v -5.892635 2.242170 -0.001087
v -6.451045 3.031961 0.054158
v -7.094217 3.799190 0.042743
v -7.818164 4.487838 -0.055564
v -8.540509 5.116499 -0.208147
v 8.292037 0.909601 0.514478
v 8.291904 0.921250 1.032829
v 8.290895 0.941304 1.549090
v 8.284324 0.974904 2.057927
v 8.273929 1.014803 2.566034
v 8.258357 1.063941 3.075891
v 8.240547 1.115753 3.593092
v 8.226342 1.150789 4.121080
v 8.220353 1.160069 4.656662
v 8.223601 1.143980 5.193648
v 8.235746 1.107296 5.724687
v 8.254128 1.058170 6.245314
v 8.275734 0.997740 6.753755
v 8.291770 0.956781 7.257754
v 8.297700 0.953846 7.766539
v -0.123847 -0.137887 0.134285
v -0.092745 -0.238869 0.690531
v -0.054427 -0.267924 1.288097
v -0.009655 -0.197148 1.936293
v 0.013114 -0.071238 2.571050
v 0.115053 -0.039901 3.202175
v 0.151783 -0.068928 3.724160
v 0.105164 -0.082150 4.175011
v 0.026202 -0.111626 4.630672
v -0.076459 -0.043688 5.124251
v -0.182822 0.132862 5.654955
v -0.267001 0.311881 6.187761
v -0.297733 0.448151 6.679104
v -0.273083 0.553510 7.132236
v -0.203560 0.704820 7.597315
v -9.263797 5.438288 0.058525
v -9.165492 5.317735 0.534636
v -9.056405 5.175682 1.047441
v -8.941624 5.016468 1.584423
v -8.829723 4.839665 2.140834
v -8.729214 4.641898 2.709494
v -8.641701 4.424139 3.285521
v -8.562249 4.198885 3.861980
v -8.503143 3.942586 4.445668
v -8.462894 3.652840 4.998591
v -8.431457 3.347951 5.546172
v -8.393002 3.057925 6.103314
v -8.370100 2.733996 6.645779
v -8.357759 2.396445 7.171176
v -8.343543 2.087483 7.702974
v 7.778926 0.967400 8.279437
v 7.263618 0.898661 8.277681
v 6.750631 0.803258 8.276937
v 6.234364 0.701003 8.275846
v 5.709743 0.635286 8.266683
v 5.187386 0.608292 8.255965
v 4.672398 0.692051 8.248608
v 4.151600 0.798575 8.251833
v 3.631997 0.898990 8.253952
v 3.112707 0.974336 8.255337
v 2.592775 1.016101 8.257683
v 2.072580 1.023068 8.260405
v 1.554683 0.973284 8.260105
v 0.992554 0.951178 8.244906
v 0.413672 0.919757 8.188181
v -0.703396 0.808622 8.056295
v -1.316251 0.685779 8.044256
v -1.817502 0.598906 8.124291
v -2.205726 0.562079 8.249706
v -2.518252 0.559575 8.355023
v -2.829888 0.601829 8.428768
v -3.256006 0.726109 8.463371
v -3.918515 0.932879 8.396032
v -4.652931 1.074554 8.278370
v -5.197939 1.135139 8.261151
v -5.717165 1.207059 8.259725
v -6.238528 1.281705 8.255842
v -6.761782 1.380690 8.249274
v -7.284310 1.511556 8.243792
v -7.805634 1.666178 8.241819
v 8.314086 -0.542631 -15.589447
v 8.315354 -0.245278 -15.155163
v 8.312757 0.240008 -14.818283
v 8.287379 0.795523 -14.345170
v 8.256664 1.499882 -13.847479
v 8.221258 2.226267 -13.255749
v 8.188542 2.884019 -12.684714
v 8.153036 3.520198 -12.131977
v 8.112588 4.147432 -11.599536
v 8.066671 4.733654 -11.108653
v 8.014763 5.272035 -10.664898
v 7.956576 5.767381 -10.250383
v 7.870081 6.261631 -9.888741
v 7.800696 6.620888 -9.408648
v 7.810757 6.687984 -8.888268
v -0.006935 -0.657741 -15.857075
v -0.001053 -0.509175 -15.348544
v 0.010880 -0.182528 -14.858672
v 0.029407 0.308211 -14.381698
v 0.061809 0.942400 -13.927426
v 0.108585 1.665032 -13.512766
v 0.183285 2.291792 -13.030625
v 0.287180 2.792102 -12.488435
v 0.380975 3.441411 -12.021068
v 0.503503 4.092804 -11.461147
v 0.615705 4.484260 -10.893298
v 0.709099 4.591690 -10.350109
v 0.776144 4.568553 -9.823793
v 0.830654 4.522656 -9.305580
v 0.871883 4.485353 -8.787447
v -8.432751 -0.422929 -15.743928
v -8.451068 -0.304681 -15.260504
v -8.475738 -0.052086 -14.802523
v -8.507912 0.367380 -14.374789
v -8.548809 0.992541 -13.989677
v -8.604871 1.823448 -13.661420
v -8.680450 2.741861 -13.332305
v -8.793526 3.552680 -12.935975
v -8.948936 4.186030 -12.441935
v -9.124584 4.694181 -11.875074
v -9.310546 5.059733 -11.252439
v -9.426753 5.517056 -10.734156
v -9.491660 5.937106 -10.212868
v -9.544724 6.326023 -9.703703
v -9.533200 6.606795 -9.150126
v -15.798712 1.558324 -8.777270
v -15.454499 1.888597 -8.833385
v -15.134641 2.308062 -8.881895
v -14.825667 2.858615 -8.929708
v -14.530793 3.576175 -8.974154
v -14.231636 4.381913 -9.004378
v -13.921836 5.149842 -9.035912
v -13.648749 5.862161 -9.089138
v -13.494205 6.745679 -9.387045
v -13.461930 7.800484 -9.781671
v -13.457680 8.663845 -10.086779
v -13.218534 9.176490 -10.201055
v -12.627533 9.300535 -10.034599
v -11.707346 8.650770 -9.620872
v -10.493040 7.549585 -8.986962
v -15.106028 1.099260 -0.321923
v -14.851665 1.788598 -0.283240
v -14.541835 2.580614 -0.253214
v -14.275891 3.412301 -0.224549
v -13.946169 4.151784 -0.220434
v -13.465562 4.693099 -0.263538
v -12.910044 5.064041 -0.362687
v -12.538870 5.571314 -0.449143
v -12.414833 6.127481 -0.532287
v -12.376155 6.653587 -0.621306
v -12.102691 7.047401 -0.688639
v -11.664782 7.207262 -0.727123
v -11.129585 7.086519 -0.722280
v -10.574337 6.679968 -0.667934
v -10.060621 6.048175 -0.573009
v -15.759855 -0.352368 8.153820
v -15.252453 -0.192096 8.168795
v -14.772658 0.110407 8.192213
v -14.316368 0.522923 8.218630
v -13.872468 0.985631 8.240662
v -13.424797 1.417871 8.250652
v -12.959822 1.761781 8.250747
v -12.471170 1.981320 8.245401
v -11.961204 2.101164 8.240808
v -11.444847 2.172865 8.237210
v -10.927639 2.203809 8.233076
v -10.409687 2.195401 8.231050
v -9.890845 2.147191 8.230412
v -9.371038 2.063650 8.231771
v -8.849888 1.947754 8.232630
v -8.343006 -1.425936 15.921885
v -8.343972 -1.455170 15.402406
v -8.343229 -1.414114 14.883562
v -8.341684 -1.301266 14.367744
v -8.338931 -1.125228 13.856619
v -8.334177 -0.901636 13.348578
v -8.327664 -0.644965 12.841692
v -8.320836 -0.366229 12.336654
v -8.314725 -0.079084 11.833817
v -8.309854 0.206803 11.330302
v -8.306874 0.483176 10.823745
v -8.306306 0.745414 10.314271
v -8.308216 1.007976 9.799483
v -8.311990 1.274293 9.285257
v -8.320888 1.524153 8.755925
v -0.061939 -0.003027 16.034042
v -0.060940 0.025840 15.516397
v -0.057163 0.068968 14.996046
v -0.051057 0.111390 14.470037
v -0.043455 0.194209 13.945084
v -0.041495 0.344378 13.431026
v -0.032174 0.437766 12.908132
v -0.024166 0.591096 12.398857
v -0.019814 0.762393 11.896468
v -0.010802 0.796808 11.373026
v 0.001700 0.783064 10.851522
v 0.003777 0.846647 10.333353
v 0.001993 0.908127 9.811649
v -0.010635 0.960298 9.267421
v -0.042518 0.984979 8.702922
v 7.956754 -0.957706 16.049675
v 7.984078 -0.884933 15.522243
v 8.039747 -0.739026 14.987633
v 8.101940 -0.579610 14.394040
v 8.162491 -0.462779 13.822787
v 8.214231 -0.405390 13.329909
v 8.247018 -0.355003 12.863179
v 8.263617 -0.230358 12.379587
v 8.266549 -0.026905 11.888106
v 8.279169 0.225324 11.421110
v 8.294288 0.522416 10.916103
v 8.295767 0.802690 10.369898
v 8.295527 0.965485 9.837900
v 8.296816 1.016621 9.318913
v 8.297668 1.006518 8.800242
v 16.143167 0.238771 8.346199
v 15.621962 0.195010 8.343328
v 15.094645 0.221489 8.336315
v 14.562770 0.315445 8.326367
v 14.028448 0.460005 8.315064
v 13.426524 0.611623 8.311427
v 12.671809 0.668911 8.289120
v 12.114969 0.630422 8.272681
v 11.790905 0.609825 8.257486
v 11.514647 0.645821 8.246655
v 11.153255 0.747828 8.268619
v 10.550032 0.901767 8.292477
v 9.863666 0.981653 8.289423
v 9.334280 0.975153 8.286572
v 8.815871 0.979503 8.284697
v 16.032316 0.311201 0.074299
v 15.514907 0.361442 0.070481
v 15.000630 0.472820 0.060730
v 14.488817 0.621632 0.046614
v 13.978333 0.774464 0.030353
v 13.467535 0.899530 0.014983
v 12.954569 0.973203 0.004299
v 12.438694 0.998392 0.000025
v 11.920723 1.001133 -0.000605
v 11.402308 1.000768 -0.000683
v 10.884521 0.999911 -0.006748
v 10.367670 0.998924 -0.006610
v 9.850337 0.994776 -0.006327
v 9.333016 0.982452 -0.005983
v 8.815377 0.958696 -0.006124
v 15.357956 0.792440 -8.291109
v 14.885553 1.215714 -8.271879
v 14.387390 1.725649 -8.255611
v 13.853671 2.334479 -8.237665
v 13.283119 2.995712 -8.208801
v 12.665150 3.539579 -8.191418
v 12.051307 3.912976 -8.223166
v 11.521399 4.320071 -8.229190
v 11.063993 4.739602 -8.217522
v 10.655746 5.160996 -8.208646
v 10.281958 5.581759 -8.242959
v 9.925924 6.004053 -8.307144
v 9.453425 6.287687 -8.338086
v 8.931172 6.402887 -8.354344
v 8.425050 6.469748 -8.360390
v 7.465214 5.994577 -7.930339
v 6.953890 5.995816 -7.824891
v 6.434486 5.928832 -7.759046
v 5.950978 5.713715 -7.759841
v 5.563467 5.372430 -7.793810
v 5.171731 5.059772 -7.812642
v 4.735103 4.827008 -7.838018
v 4.267670 4.761474 -7.847432
v 3.820756 4.805430 -7.826840
v 3.382379 4.808302 -7.820043
v 2.962786 4.725531 -7.816777
v 2.587091 4.540382 -7.811117
v 2.180607 4.469305 -7.801236
v 1.773187 4.496115 -7.781446
v 1.356882 4.520015 -7.752576
v 7.524415 5.685071 -7.504595
v 7.006523 5.613940 -7.455760
v 6.502052 5.671632 -7.296105
v 5.984034 5.567828 -7.243332
v 5.511987 5.360250 -7.259513
v 5.072494 5.114831 -7.291543
v 4.701180 4.785345 -7.314696
v 4.263502 4.606011 -7.341272
v 3.810224 4.579530 -7.347939
v 3.388863 4.671963 -7.305001
v 2.964283 4.688094 -7.288113
v 2.566875 4.576873 -7.281058
v 2.185385 4.437711 -7.269593
v 1.778453 4.413791 -7.250438
v 1.375218 4.495523 -7.211649
v 7.580620 5.364620 -7.069370
v 7.058589 5.273568 -7.035329
v 6.560090 5.341203 -6.866834
v 6.041701 5.286171 -6.775316
v 5.542636 5.141340 -6.750069
v 5.061354 4.992512 -6.743381
v 4.607854 4.812106 -6.769042
v 4.229849 4.531330 -6.809723
v 3.794426 4.403694 -6.836433
v 3.360050 4.424325 -6.825415
v 2.967202 4.566927 -6.761574
v 2.552899 4.563568 -6.743590
v 2.174259 4.418666 -6.732076
v 1.772654 4.379818 -6.708155
v 1.368315 4.429730 -6.670076
v 7.631525 5.014138 -6.627039
v 7.104150 4.926458 -6.587014
v 6.611212 5.013485 -6.400294
v 6.086968 4.955695 -6.305665
v 5.599425 4.756226 -6.322439
v 5.105100 4.639700 -6.282193
v 4.622807 4.586601 -6.214931
v 4.169555 4.474324 -6.238052
v 3.773526 4.254718 -6.300298
v 3.331599 4.219700 -6.309506
v 2.930940 4.340915 -6.259602
v 2.541571 4.455763 -6.201701
v 2.139358 4.451568 -6.184242
v 1.746606 4.368201 -6.169096
v 1.340505 4.350068 -6.136445
v 7.671246 4.631380 -6.164778
v 7.144030 4.572102 -6.098590
v 6.646729 4.650798 -5.911233
v 6.117043 4.580183 -5.818378
v 5.627429 4.373966 -5.833507
v 5.144989 4.180907 -5.857043
v 4.652041 4.102508 -5.806632
v 4.194484 4.154363 -5.674820
v 3.743224 4.129790 -5.685715
v 3.315800 4.087632 -5.719603
v 2.888515 4.109252 -5.729123
v 2.501237 4.250126 -5.667028
v 2.103666 4.324924 -5.629724
v 1.702143 4.337895 -5.615423
v 1.295007 4.345307 -5.593237
v 7.698543 4.222289 -5.659723
v 7.180027 4.210474 -5.555480
v 6.668016 4.242972 -5.394825
v 6.138769 4.159142 -5.301609
v 5.631349 3.972414 -5.290761
v 5.162217 3.729158 -5.340300
v 4.663840 3.596845 -5.332456
v 4.181294 3.589870 -5.250883
v 3.740498 3.688114 -5.115121
v 3.292858 3.737629 -5.104686
v 2.860855 3.799255 -5.117923
v 2.441975 3.879895 -5.121285
v 2.034349 3.971142 -5.103277
v 1.631912 4.062790 -5.068118
v 1.224057 4.133271 -5.044477
v 7.702106 3.805232 -5.131501
v 7.200434 3.834362 -4.959759
v 6.680077 3.796394 -4.837367
v 6.156907 3.672745 -4.768789
v 5.641429 3.504939 -4.734219
v 5.146239 3.303178 -4.743469
v 4.669252 3.089763 -4.784705
v 4.170319 3.004275 -4.772358
v 3.693575 3.028880 -4.698298
v 3.251202 3.131880 -4.580069
v 2.803512 3.209921 -4.557583
v 2.364971 3.258942 -4.602169
v 1.936079 3.336362 -4.620255
v 1.525655 3.461272 -4.562746
v 1.108343 3.551520 -4.536651
v 7.476808 3.130368 -4.970829
v 6.931277 3.075427 -4.787380
v 6.475401 2.943131 -4.634469
v 6.027887 2.879391 -4.511654
v 5.610029 2.919315 -4.283135
v 5.141473 2.828064 -4.153457
v 4.651572 2.652121 -4.174043
v 4.165870 2.493861 -4.217293
v 3.669507 2.438571 -4.212566
v 3.189679 2.467950 -4.170617
v 2.727694 2.516204 -4.135178
v 2.274338 2.564001 -4.120102
v 1.832016 2.623164 -4.107453
v 1.392145 2.668159 -4.108769
v 0.954088 2.705324 -4.106938
v 7.319510 2.131652 -4.608288
v 6.806275 2.104196 -4.442061
v 6.378134 1.980554 -4.299614
v 5.948904 1.870818 -4.245163
v 5.603912 2.096381 -3.896289
v 5.162853 2.269823 -3.606227
v 4.647890 2.212769 -3.586762
v 4.149739 2.090789 -3.620697
v 3.652685 1.990272 -3.652912
v 3.155126 1.961545 -3.657446
v 2.668403 1.982414 -3.636540
v 2.196598 2.020541 -3.613666
v 1.732268 2.056164 -3.600186
v 1.273824 2.072169 -3.605845
v 0.815568 2.088319 -3.607275
v 7.378541 1.309011 -3.857053
v 6.862281 1.247661 -3.753221
v 6.567576 1.157298 -3.565894
v 6.158820 1.306038 -3.196551
v 5.758712 1.538113 -2.888632
v 5.316977 1.608587 -2.827796
v 4.768655 1.651078 -2.927572
v 4.171169 1.690868 -3.038649
v 3.638053 1.658350 -3.084604
v 3.132308 1.605535 -3.104572
v 2.630590 1.590922 -3.107554
v 2.136327 1.603996 -3.097503
v 1.650571 1.614708 -3.094288
v 1.172214 1.634915 -3.089799
v 0.698101 1.662653 -3.076777
v 7.297924 0.666564 -3.099534
v 6.860381 0.716234 -3.050469
v 6.433935 0.848421 -2.798632
v 6.071483 1.060709 -2.491380
v 5.733895 1.099273 -2.300818
v 5.364460 1.038269 -2.216284
v 4.948566 1.056640 -2.199565
v 4.380727 1.180765 -2.305657
v 3.700372 1.304475 -2.499397
v 3.123072 1.317491 -2.580816
v 2.605544 1.297845 -2.592351
v 2.096216 1.280106 -2.600106
v 1.592038 1.275696 -2.601138
v 1.090885 1.274278 -2.603359
v 0.597212 1.281252 -2.599825
v 7.356468 0.545334 -2.219506
v 6.852823 0.648492 -2.266568
v 6.384646 0.849670 -2.191743
v 5.997817 0.934248 -2.059333
v 5.635161 0.827431 -1.957201
v 5.295339 0.740875 -1.856318
v 4.942472 0.720723 -1.760598
v 4.512390 0.775477 -1.707554
v 3.906740 0.927963 -1.789060
v 3.193623 1.062237 -1.996235
v 2.597095 1.073705 -2.097164
v 2.067838 1.049235 -2.114968
v 1.548775 1.022933 -2.132569
v 1.034157 0.997401 -2.145695
v 0.521914 0.976632 -2.150824
v 7.560091 0.896709 -1.504032
v 6.947342 0.917508 -1.668843
v 6.360666 0.925849 -1.752861
v 5.896847 0.812396 -1.738625
v 5.520670 0.665670 -1.669091
v 5.183314 0.578474 -1.558620
v 4.844836 0.543145 -1.426437
v 4.470338 0.557911 -1.295774
v 4.003891 0.632354 -1.218476
v 3.372416 0.790884 -1.301026
v 2.657694 0.906040 -1.506937
v 2.063429 0.897626 -1.621918
v 1.524777 0.844092 -1.675617
v 0.996508 0.784231 -1.708614
v 0.471834 0.734211 -1.725045
v 7.743797 1.074957 -1.001651
v 7.111977 1.019583 -1.134421
v 6.411869 0.905813 -1.318946
v 5.837386 0.720621 -1.403790
v 5.408310 0.578682 -1.361364
v 5.045413 0.496964 -1.244799
v 4.701117 0.454228 -1.092288
v 4.345313 0.447467 -0.925428
v 3.949093 0.485886 -0.774838
v 3.465402 0.583059 -0.704069
v 2.811717 0.736266 -0.819722
v 2.121975 0.783379 -1.040441
v 1.524887 0.712362 -1.188791
v 0.969845 0.609506 -1.273225
v 0.435562 0.524772 -1.301800
v 7.781442 0.963688 -0.517255
v 7.241517 0.890387 -0.546216
v 6.585462 0.810627 -0.709682
v 5.878173 0.683053 -0.933054
v 5.323434 0.562436 -0.977921
v 4.901425 0.482670 -0.883257
v 4.531091 0.436029 -0.724546
v 4.180328 0.418120 -0.545901
v 3.824116 0.431499 -0.375394
v 3.429979 0.478357 -0.247293
v 2.923873 0.563936 -0.219900
v 2.243069 0.642494 -0.394452
v 1.575626 0.588795 -0.628624
v 0.970595 0.458650 -0.791432
v 0.412995 0.335425 -0.861522
v 0.494697 4.453655 -7.675285
v 0.042571 4.507478 -7.622542
v -0.414962 4.592865 -7.573062
v -0.890447 4.660166 -7.539591
v -1.382783 4.724035 -7.532073
v -1.900118 4.787960 -7.548424
v -2.465622 4.857744 -7.579940
v -3.099582 4.937789 -7.609223
v -3.813195 5.078189 -7.633742
v -4.634510 5.202200 -7.662791
v -5.530485 5.314795 -7.672668
v -6.444683 5.482822 -7.679196
v -7.306619 5.770291 -7.706863
v -8.088483 6.125485 -7.753009
v -8.790576 6.486365 -7.818055
v 0.529815 4.443370 -7.122964
v 0.091892 4.494187 -7.072045
v -0.346437 4.592742 -7.027524
v -0.800976 4.662220 -6.994667
v -1.271709 4.726251 -6.976280
v -1.770141 4.790217 -6.976213
v -2.319900 4.866745 -6.986510
v -2.946517 4.972164 -6.997000
v -3.671040 5.128648 -7.007873
v -4.530062 5.236888 -7.026331
v -5.476840 5.371390 -7.040634
v -6.424106 5.593328 -7.050578
v -7.316404 5.890783 -7.081191
v -8.119570 6.234558 -7.134059
v -8.816835 6.594237 -7.209305
v 0.547952 4.439931 -6.574971
v 0.129318 4.501238 -6.529253
v -0.289779 4.590538 -6.488232
v -0.722133 4.663149 -6.452986
v -1.173764 4.732063 -6.427533
v -1.653993 4.806204 -6.406856
v -2.190550 4.900592 -6.390003
v -2.814805 5.031127 -6.371502
v -3.563170 5.147038 -6.356626
v -4.452608 5.266455 -6.357697
v -5.441768 5.434867 -6.372991
v -6.427430 5.679978 -6.395409
v -7.328157 6.008385 -6.443475
v -8.126223 6.360282 -6.506075
v -8.848204 6.664222 -6.578993
v 0.535706 4.442061 -6.044891
v 0.133267 4.506688 -6.002290
v -0.269104 4.582914 -5.961324
v -0.685234 4.648910 -5.925119
v -1.120937 4.720591 -5.891410
v -1.589141 4.805269 -5.855372
v -2.115804 4.922751 -5.813166
v -2.736724 5.071275 -5.759792
v -3.489254 5.237008 -5.707746
v -4.382761 5.431362 -5.686729
v -5.389574 5.638155 -5.699665
v -6.402615 5.883228 -5.735081
v -7.337284 6.150331 -5.789700
v -8.168905 6.389432 -5.852431
v -8.915069 6.594445 -5.937383
v 0.497234 4.419774 -5.518667
v 0.105933 4.481917 -5.479757
v -0.287345 4.538064 -5.445885
v -0.692915 4.601413 -5.412352
v -1.119053 4.680118 -5.377960
v -1.579132 4.781263 -5.335843
v -2.100514 4.912280 -5.274745
v -2.722199 5.063801 -5.185444
v -3.479492 5.247209 -5.086968
v -4.381461 5.451094 -5.006304
v -5.399555 5.668863 -4.979959
v -6.441789 5.885999 -5.021062
v -7.408313 6.086401 -5.113677
v -8.255085 6.238593 -5.218395
v -8.998344 6.378550 -5.332890
v 0.427759 4.253290 -4.985207
v 0.037794 4.320853 -4.954175
v -0.350511 4.398985 -4.926759
v -0.751580 4.483805 -4.901606
v -1.170331 4.578756 -4.876828
v -1.630555 4.695864 -4.840032
v -2.155185 4.830503 -4.782263
v -2.790088 4.982774 -4.690713
v -3.564421 5.155740 -4.570827
v -4.489138 5.325645 -4.441719
v -5.511894 5.503256 -4.357144
v -6.538267 5.688357 -4.373521
v -7.496227 5.858941 -4.489052
v -8.337162 5.999461 -4.623127
v -9.062145 6.184974 -4.730739
v 0.293375 3.697926 -4.487219
v -0.102101 3.770050 -4.457719
v -0.496280 3.861834 -4.429432
v -0.893560 3.983566 -4.402691
v -1.315898 4.132599 -4.381672
v -1.779526 4.287886 -4.356480
v -2.315213 4.453930 -4.321099
v -2.972102 4.638076 -4.262853
v -3.777905 4.841270 -4.171377
v -4.721664 5.045255 -4.036080
v -5.718256 5.231151 -3.896117
v -6.677856 5.410173 -3.839460
v -7.576896 5.611895 -3.907529
v -8.393184 5.796717 -4.035206
v -9.097740 6.043517 -4.137434
v 0.099050 2.775127 -4.063467
v -0.313294 2.819795 -4.012800
v -0.722642 2.891941 -3.963100
v -1.139670 2.995985 -3.919479
v -1.575050 3.122681 -3.886596
v -2.043502 3.298253 -3.845519
v -2.587245 3.504220 -3.816620
v -3.245960 3.781105 -3.776015
v -4.061004 4.168045 -3.740199
v -4.999950 4.563834 -3.634512
v -5.928853 4.918386 -3.435264
v -6.810922 5.174892 -3.329474
v -7.640113 5.409894 -3.357756
v -8.419040 5.626075 -3.472553
v -9.102806 5.922732 -3.574744
v -0.085281 2.124950 -3.567051
v -0.524893 2.144424 -3.526758
v -0.963208 2.188643 -3.481850
v -1.402545 2.254583 -3.427854
v -1.862569 2.345642 -3.387391
v -2.352749 2.478366 -3.349077
v -2.900337 2.638829 -3.302950
v -3.541707 2.882718 -3.252377
v -4.306131 3.340298 -3.180582
v -5.167904 3.977046 -3.061881
v -6.034228 4.566131 -2.893034
v -6.886562 4.951066 -2.812428
v -7.678293 5.223658 -2.849171
v -8.421540 5.473507 -2.955483
v -9.083389 5.812300 -3.058245
v -0.248267 1.700759 -3.043346
v -0.716126 1.704133 -3.020358
v -1.177402 1.717545 -2.975412
v -1.641096 1.746219 -2.921167
v -2.129476 1.833363 -2.872423
v -2.619850 1.911390 -2.821041
v -3.164742 2.062880 -2.786332
v -3.771542 2.288810 -2.723544
v -4.463356 2.704157 -2.622285
v -5.247586 3.367873 -2.498955
v -6.041712 4.131179 -2.341268
v -6.884625 4.678479 -2.303114
v -7.677837 5.032959 -2.372736
v -8.403371 5.331357 -2.484605
v -9.045318 5.710528 -2.591073
v -0.381947 1.347136 -2.541087
v -0.868079 1.383831 -2.493473
v -1.356485 1.380127 -2.462079
v -1.844868 1.373639 -2.430284
v -2.337065 1.412204 -2.383451
v -2.849627 1.502969 -2.343487
v -3.360744 1.634521 -2.291467
v -3.918316 1.836509 -2.233433
v -4.557312 2.216905 -2.136303
v -5.265259 2.831058 -2.004415
v -5.986508 3.672839 -1.847718
v -6.820695 4.363179 -1.827134
v -7.628088 4.828561 -1.918437
v -8.362582 5.186402 -2.049549
v -8.993410 5.617151 -2.167219
v -0.490829 0.995875 -2.109008
v -0.992702 1.043351 -2.053400
v -1.490487 1.110824 -1.980126
v -1.993028 1.128322 -1.941150
v -2.496654 1.128497 -1.921616
v -3.000020 1.205065 -1.888494
v -3.516714 1.327969 -1.862932
v -4.034549 1.536685 -1.806414
v -4.607170 1.859325 -1.717078
v -5.254235 2.424000 -1.585893
v -5.922970 3.238769 -1.428891
v -6.711374 4.020458 -1.391041
v -7.529117 4.604067 -1.485244
v -8.284973 5.039937 -1.633511
v -8.923532 5.524417 -1.770714
v -0.563530 0.708127 -1.681167
v -1.078315 0.739972 -1.628095
v -1.586210 0.811002 -1.553944
v -2.096572 0.873084 -1.497774
v -2.604949 0.893394 -1.486411
v -3.100838 0.980626 -1.459178
v -3.603589 1.122991 -1.435766
v -4.117333 1.308604 -1.399644
v -4.654068 1.626565 -1.328480
v -5.247602 2.122363 -1.216939
v -5.886469 2.862828 -1.077463
v -6.594453 3.696849 -1.001288
v -7.397427 4.371877 -1.075840
v -8.174958 4.885052 -1.228942
v -8.832335 5.428993 -1.383390
v -0.612716 0.455360 -1.250973
v -1.133961 0.463026 -1.195890
v -1.653153 0.507658 -1.130471
v -2.163512 0.585506 -1.073385
v -2.672720 0.656845 -1.058818
v -3.169091 0.787110 -1.042711
v -3.661128 0.963371 -1.017485
v -4.172961 1.165185 -0.989618
v -4.704229 1.459674 -0.946185
v -5.259644 1.912854 -0.853740
v -5.867070 2.585768 -0.741773
v -6.507771 3.415288 -0.652075
v -7.269815 4.150671 -0.696051
v -8.046815 4.735639 -0.837104
v -8.730881 5.331877 -0.997944
v -0.647533 0.205633 -0.811334
v -1.174032 0.199894 -0.748356
v -1.695742 0.235321 -0.683979
v -2.206546 0.316174 -0.635249
v -2.711176 0.435680 -0.610778
v -3.211326 0.612919 -0.603777
v -3.707711 0.828789 -0.591964
v -4.219543 1.053491 -0.569466
v -4.735622 1.337321 -0.526617
v -5.290844 1.776940 -0.476655
v -5.877055 2.402247 -0.401514
v -6.478299 3.188334 -0.315050
v -7.169870 3.967707 -0.338712
v -7.928657 4.615850 -0.465311
v -8.633259 5.246893 -0.632886
v 7.773535 0.855632 0.512981
v 7.255785 0.780073 0.510929
v 6.737189 0.701703 0.508702
v 6.201376 0.713007 0.490485
v 5.538436 0.732742 0.344803
v 4.811849 0.630928 0.139536
v 4.281374 0.511880 0.138716
v 3.883399 0.443681 0.249610
v 3.538569 0.419431 0.394974
v 3.210436 0.390858 0.533543
v 2.856616 0.384372 0.640277
v 2.409992 0.385066 0.666908
v 1.759384 0.345902 0.528921
v 1.063141 0.203367 0.315674
v 0.447890 0.017763 0.179246
v 7.773674 0.876873 1.031514
v 7.255510 0.823444 1.029975
v 6.736430 0.788837 1.028205
v 6.217602 0.797505 1.026954
v 5.671758 0.830419 1.003989
v 5.000692 0.812358 0.865795
v 4.311123 0.687670 0.692814
v 3.808285 0.575056 0.693496
v 3.422481 0.506080 0.798428
v 3.084050 0.456981 0.928786
v 2.750949 0.413474 1.047754
v 2.372855 0.364729 1.112123
v 1.830497 0.296398 1.052821
v 1.118584 0.153113 0.876646
v 0.493798 -0.061891 0.749911
v 7.773712 0.907266 1.550176
v 7.255153 0.876040 1.548493
v 6.736142 0.861435 1.546259
v 6.217321 0.867080 1.544455
v 5.699339 0.901229 1.542212
v 5.140827 0.947249 1.505197
v 4.483030 0.930206 1.375348
v 3.833904 0.796930 1.240560
v 3.347315 0.663664 1.256337
v 2.967055 0.572364 1.358903
v 2.631090 0.486740 1.478645
v 2.285546 0.411270 1.569403
v 1.836884 0.334122 1.576088
v 1.169226 0.188102 1.445718
v 0.530515 -0.046168 1.344369
v 7.770269 0.941865 2.064709
v 7.254846 0.917825 2.066714
v 6.735862 0.911070 2.064098
v 6.216939 0.910574 2.061860
v 5.699306 0.940352 2.059976
v 5.184539 1.006947 2.059477
v 4.622734 1.076437 2.020901
v 3.976255 1.049337 1.908970
v 3.347886 0.894487 1.819777
v 2.875725 0.736505 1.850193
v 2.506775 0.614092 1.942199
v 2.167740 0.515030 2.040251
v 1.781725 0.415359 2.102572
v 1.240143 0.260923 2.062941
v 0.546514 0.060260 1.955957
v 7.761588 0.981726 2.575673
v 7.250796 0.952604 2.581777
v 6.735346 0.934467 2.581827
v 6.216063 0.921439 2.579058
v 5.697168 0.925606 2.579300
v 5.186187 0.978281 2.586922
v 4.677320 1.081771 2.591369
v 4.108476 1.154950 2.551210
v 3.444687 1.070694 2.437894
v 2.847179 0.867343 2.377214
v 2.404176 0.716580 2.425875
v 2.042042 0.595349 2.516430
v 1.683738 0.477798 2.602251
v 1.250870 0.332991 2.650385
v 0.648361 0.144839 2.621490
v 7.750743 1.018278 3.088879
v 7.243001 0.982114 3.095915
v 6.733456 0.944649 3.098206
v 6.215584 0.898302 3.095283
v 5.696306 0.852371 3.092335
v 5.186421 0.869251 3.097884
v 4.689872 0.993547 3.108418
v 4.166119 1.120126 3.097095
v 3.558887 1.148477 3.022541
v 2.881729 0.992953 2.900000
v 2.332412 0.771611 2.879034
v 1.930171 0.604696 2.949003
v 1.572100 0.477900 3.043288
v 1.182026 0.333783 3.132974
v 0.701396 0.150119 3.193324
v 7.738617 1.049723 3.606169
v 7.235173 0.997641 3.612267
v 6.730635 0.935667 3.613888
v 6.220114 0.849526 3.609340
v 5.699812 0.782355 3.603010
v 5.186643 0.765545 3.600313
v 4.686871 0.923259 3.604851
v 4.177509 1.064767 3.606324
v 3.624770 1.168454 3.581649
v 2.955266 1.088829 3.476907
v 2.316362 0.815950 3.363885
v 1.852831 0.577543 3.360122
v 1.468751 0.425478 3.433111
v 1.082459 0.283622 3.538471
v 0.654369 0.119606 3.646302
v 7.728228 1.070004 4.128589
v 7.229407 1.001440 4.131301
v 6.728688 0.923437 4.129522
v 6.222794 0.827386 4.123753
v 5.703824 0.769691 4.118054
v 5.186078 0.785082 4.115520
v 4.678605 0.895078 4.119149
v 4.167805 1.016822 4.125902
v 3.639243 1.098754 4.128083
v 3.044123 1.063109 4.075262
v 2.391810 0.841455 3.921112
v 1.829211 0.576846 3.810609
v 1.375820 0.389540 3.833689
v 0.974453 0.229305 3.935191
v 0.560307 0.071661 4.059521
v 7.723856 1.069882 4.655357
v 7.227876 0.989452 4.651693
v 6.728313 0.899240 4.645400
v 6.221103 0.817477 4.638443
v 5.705123 0.754455 4.631487
v 5.186576 0.739139 4.628837
v 4.668584 0.799765 4.633687
v 4.154486 0.897630 4.641750
v 3.636441 0.990318 4.645289
v 3.101200 1.008829 4.634403
v 2.507598 0.875003 4.545671
v 1.866111 0.669215 4.375698
v 1.315348 0.416638 4.312067
v 0.877364 0.207742 4.378523
v 0.457108 0.042190 4.497655
v 7.727307 1.049384 5.182446
v 7.231695 0.953737 5.171444
v 6.732529 0.839408 5.159103
v 6.223324 0.734908 5.149342
v 5.709392 0.648325 5.140126
v 5.189944 0.627139 5.134959
v 4.663723 0.666511 5.134099
v 4.139809 0.749525 5.140257
v 3.628788 0.876035 5.152968
v 3.110419 0.953918 5.155829
v 2.578787 0.941460 5.144677
v 1.972139 0.778765 5.041513
v 1.333032 0.487601 4.915034
v 0.801571 0.270851 4.909674
v 0.348128 0.107382 4.997181
v 7.738346 1.010116 5.705577
v 7.242992 0.891335 5.687102
v 6.743644 0.746349 5.668301
v 6.231275 0.593005 5.651071
v 5.719327 0.451034 5.635738
v 5.198130 0.450673 5.636930
v 4.665887 0.536296 5.641306
v 4.137803 0.657643 5.651126
v 3.616183 0.765385 5.659567
v 3.109374 0.904586 5.670800
v 2.589601 0.957089 5.673240
v 2.057130 0.892496 5.660247
v 1.403010 0.642127 5.575668
v 0.767086 0.423641 5.515017
v 0.260124 0.261165 5.555590
v 7.755349 0.959295 6.221709
v 7.257590 0.830450 6.201169
v 6.752228 0.680725 6.182339
v 6.235906 0.497005 6.162843
v 5.721555 0.303821 6.144657
v 5.202770 0.275170 6.146023
v 4.671319 0.419759 6.156928
v 4.140164 0.586423 6.167705
v 3.615382 0.720879 6.177502
v 3.101280 0.833737 6.184745
v 2.589221 0.941127 6.191774
v 2.068865 0.949866 6.192226
v 1.469348 0.842712 6.172158
v 0.779272 0.625043 6.122788
v 0.209403 0.453310 6.125500
v 7.771795 0.917076 6.733232
v 7.265159 0.810453 6.717511
v 6.753506 0.669165 6.703526
v 6.236791 0.483377 6.687853
v 5.716430 0.287476 6.671858
v 5.198440 0.192950 6.668888
v 4.673695 0.356445 6.679088
v 4.145378 0.564710 6.689467
v 3.624680 0.734074 6.696999
v 3.106215 0.849836 6.703426
v 2.586590 0.894585 6.707271
v 2.067904 0.896577 6.710411
v 1.503388 0.889254 6.704359
v 0.824747 0.805686 6.676954
v 0.211738 0.617064 6.660686
v 7.780113 0.907570 7.245431
v 7.266949 0.823709 7.236113
v 6.752623 0.695699 7.228598
v 6.235320 0.530745 7.217885
v 5.711350 0.355895 7.205348
v 5.190703 0.229004 7.201557
v 4.672132 0.380941 7.205667
v 4.151256 0.600935 7.211048
v 3.628185 0.763202 7.216845
v 3.103999 0.845359 7.222917
v 2.583669 0.885385 7.227957
v 2.066613 0.924726 7.228875
v 1.530934 0.988988 7.219420
v 0.871429 0.898410 7.194100
v 0.262551 0.729338 7.155785
v 7.781041 0.929439 7.761332
v 7.263718 0.863945 7.757239
v 6.749958 0.751010 7.753185
v 6.234478 0.611282 7.747441
v 5.709696 0.475504 7.738008
v 5.185642 0.356429 7.732803
v 4.671840 0.500450 7.730107
v 4.149308 0.673256 7.733506
v 3.626530 0.804618 7.737603
v 3.106774 0.896240 7.740743
v 2.590259 0.974868 7.740199
v 2.071885 1.017155 7.740162
v 1.546384 1.019008 7.741109
v 0.933997 0.913665 7.712306
v 0.337836 0.805610 7.656717
v -0.683079 -0.226835 0.143506
v -1.237273 -0.229795 0.173847
v -1.772800 -0.154276 0.213549
v -2.296551 -0.024253 0.251105
v -2.804009 0.153341 0.288058
v -3.301652 0.374691 0.319897
v -3.790678 0.639087 0.351477
v -4.262684 0.960696 0.383478
v -4.801278 1.228637 0.407447
v -5.343796 1.599623 0.430717
v -5.905078 2.152387 0.445368
v -6.498693 2.879442 0.458051
v -7.083577 3.642057 0.453264
v -7.725115 4.370142 0.378304
v -8.454051 4.996133 0.236429
v -0.684830 -0.331418 0.663607
v -1.271514 -0.323484 0.662506
v -1.825881 -0.245255 0.697214
v -2.352265 -0.106170 0.744617
v -2.857298 0.079866 0.791316
v -3.344892 0.318394 0.832486
v -3.821411 0.604516 0.866461
v -4.291930 0.933691 0.896159
v -4.818669 1.210938 0.914192
v -5.356263 1.576373 0.934572
v -5.920146 2.095481 0.937229
v -6.501783 2.779838 0.931698
v -7.045346 3.541685 0.911604
v -7.660851 4.261273 0.839097
v -8.386861 4.866180 0.705616
v -0.656984 -0.367773 1.249308
v -1.281437 -0.359709 1.225894
v -1.865397 -0.279734 1.247025
v -2.395446 -0.141642 1.297396
v -2.891397 0.048879 1.344966
v -3.372334 0.289843 1.381674
v -3.847432 0.580099 1.408876
v -4.321426 0.905387 1.426111
v -4.833525 1.208860 1.441154
v -5.371745 1.559927 1.449998
v -5.923816 2.058362 1.450436
v -6.484659 2.720602 1.424636
v -7.022330 3.437344 1.395382
v -7.608662 4.140173 1.325180
v -8.309781 4.724819 1.203979
v -0.592431 -0.331436 1.908447
v -1.235667 -0.336845 1.866930
v -1.864400 -0.271556 1.859758
v -2.407831 -0.139074 1.889094
v -2.894836 0.046210 1.930788
v -3.369413 0.289023 1.956729
v -3.850215 0.577177 1.967767
v -4.329009 0.905047 1.973978
v -4.823076 1.240158 1.977252
v -5.369324 1.565810 1.979975
v -5.937760 2.024950 1.961771
v -6.467263 2.640385 1.937996
v -6.989165 3.337666 1.896874
v -7.563368 4.006130 1.829715
v -8.235684 4.566554 1.721047
v -0.519283 -0.262252 2.576818
v -1.132805 -0.293714 2.560332
v -1.792154 -0.242659 2.508625
v -2.382457 -0.132820 2.502354
v -2.872573 0.035544 2.530352
v -3.339478 0.295121 2.538237
v -3.827806 0.595440 2.532535
v -4.314657 0.924712 2.525119
v -4.802343 1.274128 2.515697
v -5.349483 1.591110 2.508182
v -5.923737 2.000267 2.490058
v -6.470418 2.556108 2.451411
v -6.966642 3.219556 2.412324
v -7.522321 3.859612 2.348757
v -8.162026 4.396168 2.255656
v -0.473680 -0.191997 3.192025
v -1.044940 -0.243176 3.204168
v -1.662432 -0.210403 3.177227
v -2.298539 -0.126222 3.126202
v -2.842079 0.008868 3.115422
v -3.316997 0.284808 3.106354
v -3.789192 0.628325 3.086295
v -4.282429 0.957741 3.068381
v -4.778688 1.298164 3.051080
v -5.307246 1.630417 3.034284
v -5.882906 1.981045 3.016443
v -6.447674 2.476640 2.984602
v -6.942498 3.103011 2.935050
v -7.487208 3.697610 2.883070
v -8.093740 4.217617 2.804041
v -0.408085 -0.227183 3.759401
v -0.987145 -0.232971 3.781991
v -1.559779 -0.179397 3.782740
v -2.177529 -0.115019 3.738403
v -2.785675 0.011394 3.684249
v -3.299868 0.291291 3.651892
v -3.772794 0.635436 3.627244
v -4.258133 0.971880 3.602452
v -4.755852 1.307164 3.580412
v -5.267596 1.650477 3.559631
v -5.833130 1.983967 3.539265
v -6.406550 2.414001 3.509444
v -6.916918 2.973269 3.478344
v -7.444057 3.542374 3.423887
v -8.031566 4.022083 3.361306
v -0.400146 -0.223353 4.258942
v -0.953919 -0.234920 4.309325
v -1.501802 -0.176448 4.333613
v -2.078781 -0.099907 4.311269
v -2.701653 0.051427 4.244652
v -3.283342 0.316141 4.183759
v -3.775927 0.623435 4.155868
v -4.258959 0.952182 4.130065
v -4.741055 1.294344 4.105008
v -5.240063 1.636974 4.085403
v -5.775399 1.985656 4.064749
v -6.345027 2.363970 4.039666
v -6.884413 2.842076 4.009515
v -7.406207 3.362710 3.982108
v -7.980853 3.814906 3.922728
v -0.441677 -0.187813 4.742958
v -0.949122 -0.190303 4.816944
v -1.468082 -0.142737 4.860150
v -1.996811 -0.074936 4.865503
v -2.613970 0.100355 4.795090
v -3.240772 0.370662 4.714416
v -3.759330 0.652787 4.678256
v -4.242603 0.959951 4.652022
v -4.728616 1.276923 4.629979
v -5.227660 1.589316 4.609158
v -5.746648 1.929720 4.593020
v -6.295293 2.294485 4.572342
v -6.845881 2.706262 4.546214
v -7.386495 3.153330 4.518695
v -7.949966 3.560918 4.478930
v -0.513946 -0.093579 5.247103
v -0.973247 -0.101419 5.337512
v -1.452838 -0.074112 5.389946
v -1.936825 0.000792 5.410417
v -2.520613 0.190887 5.343561
v -3.180291 0.444906 5.243222
v -3.742423 0.694098 5.196139
v -4.228139 0.968181 5.170984
v -4.718822 1.250506 5.151046
v -5.226200 1.522913 5.133353
v -5.743321 1.826104 5.116581
v -6.271384 2.174773 5.104108
v -6.820389 2.542472 5.082283
v -7.381562 2.909343 5.048545
v -7.924371 3.295737 5.021172
v -0.596838 0.056676 5.770880
v -1.016149 0.025801 5.870015
v -1.453846 0.030469 5.929595
v -1.904953 0.091025 5.956219
v -2.417510 0.285832 5.910504
v -3.091983 0.544526 5.779953
v -3.715965 0.756731 5.711103
v -4.221133 0.966539 5.688505
v -4.721363 1.197370 5.669026
v -5.227822 1.439829 5.653645
v -5.745847 1.701301 5.640598
v -6.271174 2.010693 5.629555
v -6.800248 2.355994 5.616994
v -7.339766 2.707632 5.599423
v -7.884841 3.045670 5.574903
v -0.678191 0.218686 6.275303
v -1.074082 0.171053 6.367612
v -1.479715 0.171371 6.441816
v -1.897476 0.233970 6.483481
v -2.342674 0.377999 6.472649
v -2.970211 0.601551 6.355402
v -3.665704 0.830743 6.229670
v -4.195414 1.011152 6.203372
v -4.706925 1.182656 6.189419
v -5.225051 1.360492 6.174932
v -5.745184 1.574557 6.163033
v -6.268483 1.838158 6.153533
v -6.795675 2.138430 6.144914
v -7.324348 2.459993 6.136597
v -7.857995 2.774491 6.119061
v -0.733966 0.346230 6.728893
v -1.136956 0.292575 6.806313
v -1.533015 0.287236 6.896062
v -1.926160 0.347913 6.971134
v -2.321217 0.467107 6.997906
v -2.842623 0.637620 6.940946
v -3.587612 0.841857 6.779099
v -4.196315 0.977407 6.719072
v -4.707214 1.125740 6.705561
v -5.222558 1.281417 6.694965
v -5.743255 1.450961 6.685535
v -6.266933 1.664248 6.676460
v -6.792072 1.914533 6.667310
v -7.317612 2.190328 6.659379
v -7.843389 2.471316 6.652709
v -0.760793 0.450718 7.144739
v -1.199076 0.402680 7.201432
v -1.608190 0.390194 7.300576
v -1.991376 0.427975 7.414082
v -2.351747 0.521478 7.487319
v -2.767609 0.674473 7.491920
v -3.429519 0.886728 7.368078
v -4.171227 1.005186 7.238867
v -4.700607 1.092546 7.224902
v -5.219643 1.206221 7.215625
v -5.739170 1.340486 7.208258
v -6.260627 1.508916 7.200765
v -6.784923 1.709792 7.192203
v -7.311114 1.930614 7.182645
v -7.836171 2.164475 7.175161
v -0.762333 0.617615 7.559378
v -1.266953 0.540097 7.592695
v -1.706366 0.491947 7.695985
v -2.089097 0.489671 7.832392
v -2.424834 0.546907 7.939793
v -2.773416 0.650251 7.995693
v -3.294717 0.824653 7.963573
v -4.064975 1.030136 7.805619
v -4.683639 1.128971 7.744445
v -5.205775 1.186651 7.740577
v -5.729321 1.261630 7.734024
v -6.251824 1.379255 7.727483
v -6.774086 1.534291 7.721350
v -7.295462 1.718863 7.716908
v -7.818586 1.910598 7.712472
v 16.114729 -0.000978 -15.962258
v 15.612860 -0.157091 -15.951048
v 15.113407 -0.259344 -15.946563
v 14.615137 -0.316817 -15.946906
v 14.114189 -0.341078 -15.947225
v 13.606976 -0.248026 -15.915943
v 13.105350 -0.156142 -15.903079
v 12.584922 -0.137972 -15.874685
v 12.058739 -0.160900 -15.839387
v 11.526952 -0.225942 -15.790685
v 10.995593 -0.323711 -15.728887
v 10.459435 -0.416437 -15.671803
v 9.919465 -0.487776 -15.626748
v 9.380137 -0.533894 -15.597516
v 8.845329 -0.553225 -15.584864
v 16.111782 -0.132055 -15.408355
v 15.609325 -0.280714 -15.397280
v 15.109032 -0.366502 -15.394670
v 14.593470 -0.385916 -15.379513
v 14.105661 -0.199596 -15.391809
v 13.616762 -0.052149 -15.413528
v 13.104723 0.042308 -15.410303
v 12.586171 0.102894 -15.408932
v 12.056526 0.109942 -15.394955
v 11.523325 0.061081 -15.358898
v 10.991608 -0.026118 -15.302091
v 10.457077 -0.111986 -15.247638
v 9.920339 -0.192003 -15.197187
v 9.382412 -0.247279 -15.162142
v 8.847296 -0.266423 -15.147236
v 16.099045 -0.194520 -14.854920
v 15.594748 -0.323129 -14.844741
v 15.055738 -0.340298 -14.811728
v 14.592236 -0.110331 -14.873262
v 14.113888 0.072729 -14.923606
v 13.609749 0.221077 -14.942430
v 13.095164 0.332901 -14.950145
v 12.572101 0.407182 -14.951749
v 12.043235 0.450128 -14.955253
v 11.508656 0.454611 -14.954738
v 10.971961 0.418840 -14.943740
v 10.436427 0.353767 -14.907886
v 9.907743 0.262391 -14.832945
v 9.375485 0.198122 -14.777044
v 8.840065 0.179607 -14.761542
v 16.076317 -0.195598 -14.304976
v 15.522184 -0.240303 -14.264732
v 15.060590 -0.009960 -14.344118
v 14.583975 0.179119 -14.399624
v 14.103508 0.395449 -14.455228
v 13.596661 0.571697 -14.487046
v 13.071841 0.702416 -14.486884
v 12.543779 0.790021 -14.472714
v 12.014487 0.845766 -14.461497
v 11.482932 0.884828 -14.461533
v 10.949313 0.902311 -14.472731
v 10.413453 0.898398 -14.473776
v 9.878346 0.867457 -14.450907
v 9.346678 0.826892 -14.408935
v 8.819535 0.789594 -14.357084
v 15.997612 -0.117294 -13.737392
v 15.510327 0.079901 -13.801681
v 15.027318 0.253840 -13.847957
v 14.561669 0.499393 -13.917128
v 14.078198 0.745874 -13.979989
v 13.569527 0.977272 -14.023449
v 13.038644 1.155757 -14.027563
v 12.502090 1.272094 -13.993249
v 11.968134 1.339691 -13.940916
v 11.435911 1.386726 -13.899788
v 10.904360 1.437227 -13.884285
v 10.372994 1.488025 -13.884218
v 9.840831 1.516624 -13.885174
v 9.309707 1.519502 -13.866775
v 8.785687 1.504802 -13.840366
v 15.948662 0.150848 -13.262826
v 15.459759 0.308175 -13.297706
v 14.986355 0.529502 -13.353122
v 14.511880 0.789652 -13.415321
v 14.029493 1.092157 -13.482458
v 13.527903 1.394239 -13.541134
v 13.000069 1.654130 -13.570492
v 12.453963 1.838239 -13.544994
v 11.911513 1.943575 -13.460642
v 11.378227 2.004722 -13.351480
v 10.845807 2.057909 -13.264616
v 10.315041 2.121487 -13.222477
v 9.788782 2.188569 -13.218512
v 9.264346 2.233080 -13.225642
v 8.746154 2.234413 -13.231071
v 15.873522 0.328712 -12.758054
v 15.391338 0.512378 -12.795323
v 14.921534 0.751022 -12.845409
v 14.446054 1.045251 -12.904622
v 13.961568 1.388121 -12.969815
v 13.469871 1.760370 -13.034525
v 12.959796 2.116829 -13.086817
v 12.424707 2.394812 -13.104493
v 11.872773 2.576983 -13.053487
v 11.330202 2.680670 -12.927462
v 10.803794 2.736465 -12.773172
v 10.276955 2.779358 -12.658993
v 9.749627 2.826342 -12.612678
v 9.227796 2.875397 -12.622355
v 8.712930 2.892008 -12.650178
v 15.777655 0.440769 -12.251137
v 15.314879 0.669518 -12.290490
v 14.849739 0.932987 -12.337890
v 14.373414 1.251157 -12.393170
v 13.885195 1.622506 -12.452073
v 13.389826 2.045420 -12.507351
v 12.900244 2.480906 -12.558658
v 12.397672 2.863511 -12.602449
v 11.859915 3.154267 -12.610599
v 11.303734 3.336044 -12.546775
v 10.760943 3.431566 -12.405939
v 10.240326 3.468661 -12.234293
v 9.717515 3.483981 -12.113372
v 9.192159 3.507756 -12.076240
v 8.677818 3.528710 -12.100441
v 15.681574 0.527640 -11.749871
v 15.230915 0.791100 -11.786155
v 14.770658 1.085046 -11.830071
v 14.288684 1.431075 -11.877815
v 13.775028 1.833285 -11.919928
v 13.247549 2.289604 -11.948260
v 12.753490 2.770733 -11.972404
v 12.284771 3.236505 -12.004764
v 11.803926 3.635081 -12.050104
v 11.275621 3.933364 -12.068987
v 10.718182 4.107900 -12.014955
v 10.179102 4.175681 -11.875128
v 9.669009 4.173698 -11.699385
v 9.151774 4.156715 -11.587386
v 8.635600 4.157588 -11.577424
v 15.588591 0.596751 -11.251695
v 15.144213 0.893972 -11.281308
v 14.682165 1.222539 -11.317946
v 14.185496 1.605341 -11.353134
v 13.636534 2.036257 -11.373572
v 13.055708 2.490511 -11.373089
v 12.517719 2.967977 -11.369811
v 12.059323 3.459424 -11.380486
v 11.629203 3.929841 -11.406910
v 11.184541 4.349587 -11.457232
v 10.682025 4.658691 -11.506819
v 10.131495 4.810458 -11.478056
v 9.599612 4.836464 -11.352184
v 9.099514 4.791260 -11.182688
v 8.589738 4.753092 -11.109878
v 15.506372 0.654564 -10.754888
v 15.061970 0.984185 -10.775525
v 14.592980 1.350813 -10.802464
v 14.082493 1.777159 -10.824058
v 13.507010 2.244711 -10.825084
v 12.876707 2.695654 -10.792920
v 12.284395 3.130711 -10.768315
v 11.774037 3.570644 -10.782966
v 11.329585 4.034105 -10.810588
v 10.965758 4.527892 -10.836617
v 10.570481 4.961639 -10.886764
v 10.092555 5.274009 -10.955750
v 9.549335 5.399748 -10.951690
v 9.028586 5.383419 -10.835900
v 8.536686 5.314945 -10.702485
v 15.440900 0.706012 -10.259718
v 14.991454 1.063548 -10.270445
v 14.513130 1.469511 -10.286435
v 13.993942 1.946993 -10.296401
v 13.420153 2.477834 -10.289011
v 12.799537 2.983372 -10.249257
v 12.205069 3.407471 -10.204998
v 11.657990 3.800337 -10.195634
v 11.146292 4.183188 -10.215034
v 10.697473 4.591881 -10.264485
v 10.319164 5.027699 -10.317527
v 9.979776 5.483552 -10.366782
v 9.507531 5.783004 -10.433829
v 8.970187 5.879726 -10.433912
v 8.466936 5.829711 -10.331409
v 15.392462 0.750786 -9.766725
v 14.933770 1.132676 -9.767633
v 14.446002 1.576805 -9.773385
v 13.923466 2.106982 -9.774671
v 13.374451 2.710448 -9.765971
v 12.810337 3.301479 -9.751059
v 12.255989 3.770805 -9.742790
v 11.705474 4.158208 -9.732294
v 11.150091 4.467789 -9.703619
v 10.632698 4.779271 -9.707170
v 10.177356 5.138798 -9.756590
v 9.780080 5.534222 -9.815331
v 9.400736 5.938409 -9.878216
v 8.913215 6.209996 -9.930118
v 8.393286 6.303034 -9.940966
v 15.362382 0.783688 -9.273721
v 14.895322 1.184277 -9.266737
v 14.401110 1.660193 -9.263825
v 13.876836 2.231827 -9.257631
v 13.332505 2.877048 -9.244335
v 12.803730 3.507839 -9.231677
v 12.283514 4.012881 -9.236185
v 11.753005 4.427781 -9.240077
v 11.234776 4.785478 -9.248686
v 10.725930 5.104729 -9.257918
v 10.232987 5.395213 -9.270285
v 9.741468 5.678806 -9.289181
v 9.313648 6.033910 -9.347055
v 8.846076 6.384444 -9.408862
v 8.358094 6.622841 -9.433929
v 15.350051 0.799770 -8.791966
v 14.876644 1.214826 -8.782020
v 14.377014 1.713156 -8.769837
v 13.849490 2.312932 -8.750653
v 13.319256 2.992354 -8.726141
v 12.768828 3.603491 -8.703380
v 12.215696 4.062091 -8.697498
v 11.698037 4.482330 -8.701077
v 11.211548 4.875622 -8.710621
v 10.729178 5.219044 -8.731831
v 10.222196 5.487436 -8.741296
v 9.792377 5.846282 -8.785306
v 9.375750 6.205157 -8.847858
v 8.868708 6.497418 -8.894764
v 8.365522 6.692241 -8.904383
v 7.793275 -0.474145 -15.620740
v 7.281983 -0.380275 -15.665667
v 6.777008 -0.261975 -15.722419
v 6.281379 -0.130830 -15.782906
v 5.784262 -0.014306 -15.833463
v 5.285873 0.069445 -15.865633
v 4.785245 0.104293 -15.876779
v 4.282923 0.098041 -15.878761
v 3.769479 0.029340 -15.869307
v 3.271666 -0.127105 -15.836747
v 2.731813 -0.281772 -15.834523
v 2.194120 -0.399698 -15.818017
v 1.647266 -0.512716 -15.812529
v 1.094657 -0.607972 -15.818099
v 0.542270 -0.663429 -15.833421
v 7.791244 -0.179937 -15.185646
v 7.278743 -0.077996 -15.235766
v 6.771838 0.047417 -15.294115
v 6.271861 0.179925 -15.353821
v 5.769529 0.294843 -15.398789
v 5.266355 0.372394 -15.425271
v 4.763419 0.401244 -15.433835
v 4.257463 0.364805 -15.416746
v 3.755777 0.258693 -15.383601
v 3.244150 0.113737 -15.362160
v 2.739526 -0.069592 -15.320889
v 2.190995 -0.225542 -15.311180
v 1.648002 -0.338898 -15.305147
v 1.098283 -0.438268 -15.310117
v 0.547545 -0.502491 -15.325017
v 7.784020 0.262056 -14.798251
v 7.266602 0.349906 -14.837220
v 6.762346 0.486289 -14.910219
v 6.255961 0.608385 -14.959392
v 5.750540 0.715613 -15.003572
v 5.239138 0.773212 -15.011108
v 4.731502 0.751129 -14.971478
v 4.236774 0.655274 -14.914597
v 3.746228 0.513144 -14.862264
v 3.241632 0.378434 -14.833044
v 2.714834 0.274949 -14.843973
v 2.185297 0.151828 -14.837164
v 1.645898 0.018536 -14.821247
v 1.101987 -0.081408 -14.824409
v 0.555875 -0.155200 -14.837082
v 7.763292 0.842541 -14.383451
v 7.251079 0.930574 -14.444221
v 6.740826 1.031939 -14.500093
v 6.231822 1.137614 -14.551884
v 5.715446 1.198142 -14.557057
v 5.201112 1.177797 -14.500813
v 4.711040 1.071693 -14.418240
v 4.223680 0.946180 -14.345315
v 3.719250 0.868915 -14.317009
v 3.207079 0.815532 -14.337724
v 2.689741 0.752375 -14.375464
v 2.166735 0.661580 -14.383375
v 1.639765 0.554826 -14.374167
v 1.108649 0.448986 -14.359256
v 0.569430 0.362328 -14.370769
v 7.733829 1.523166 -13.892284
v 7.219769 1.575514 -13.949714
v 6.709008 1.643455 -14.015126
v 6.190866 1.683892 -14.033947
v 5.674387 1.654086 -13.984864
v 5.182254 1.541037 -13.887709
v 4.684114 1.445684 -13.813520
v 4.173150 1.415956 -13.804578
v 3.669372 1.412718 -13.852448
v 3.162868 1.427045 -13.940886
v 2.653108 1.361304 -13.928300
v 2.151519 1.240464 -13.877911
v 1.631708 1.193399 -13.915761
v 1.115155 1.106197 -13.916237
v 0.589704 1.017441 -13.912409
v 7.700833 2.223912 -13.318425
v 7.187585 2.234973 -13.391586
v 6.670063 2.232983 -13.440976
v 6.154065 2.180458 -13.421112
v 5.655650 2.068590 -13.345318
v 5.147320 1.996137 -13.293394
v 4.630767 1.997602 -13.308536
v 4.134062 2.045096 -13.405424
v 3.627900 2.076593 -13.484535
v 3.122758 2.022091 -13.443111
v 2.648068 1.875219 -13.328564
v 2.138334 1.844970 -13.332103
v 1.647222 1.880757 -13.454238
v 1.135908 1.830301 -13.485349
v 0.628039 1.725984 -13.463964
v 7.668450 2.860051 -12.751815
v 7.152810 2.825705 -12.815164
v 6.637231 2.753754 -12.837636
v 6.133489 2.644372 -12.806839
v 5.621614 2.577369 -12.792497
v 5.107548 2.584590 -12.838889
v 4.619140 2.655719 -12.977533
v 4.108366 2.683547 -13.027871
v 3.605401 2.625607 -12.961082
v 3.149768 2.454325 -12.815757
v 2.642055 2.425279 -12.789069
v 2.171602 2.508584 -12.921250
v 1.682918 2.538291 -13.017530
v 1.185067 2.477945 -13.022940
v 0.684977 2.397082 -13.028860
v 7.632586 3.474810 -12.190119
v 7.117461 3.402108 -12.228550
v 6.607910 3.295962 -12.243018
v 6.095182 3.218864 -12.273544
v 5.587764 3.201540 -12.360543
v 5.103579 3.254703 -12.516875
v 4.592765 3.261934 -12.559361
v 4.096570 3.180415 -12.479490
v 3.653857 2.989024 -12.326790
v 3.155333 2.943005 -12.269020
v 2.673628 3.008770 -12.337408
v 2.222937 3.115496 -12.500734
v 1.735734 3.125895 -12.558863
v 1.253712 3.043562 -12.541273
v 0.773230 2.922514 -12.508093
v 7.593008 4.085486 -11.645345
v 7.081785 3.996864 -11.676675
v 6.567424 3.914774 -11.730315
v 6.062440 3.875606 -11.847263
v 5.572474 3.882340 -12.002192
v 5.063073 3.843466 -12.045534
v 4.579895 3.714659 -11.968705
v 4.154631 3.482665 -11.826367
v 3.659621 3.428372 -11.754709
v 3.176272 3.499345 -11.806125
v 2.744519 3.637421 -11.973683
v 2.272780 3.697029 -12.042963
v 1.801000 3.656702 -12.021523
v 1.329458 3.629624 -12.041527
v 0.855198 3.555435 -12.040588
v 7.551095 4.655926 -11.145100
v 7.038813 4.582263 -11.199553
v 6.531743 4.534823 -11.310960
v 6.032511 4.508633 -11.453004
v 5.522950 4.419494 -11.493492
v 5.056531 4.231462 -11.434513
v 4.651403 3.950898 -11.314020
v 4.156610 3.880471 -11.249843
v 3.677002 3.948998 -11.302742
v 3.248050 4.105557 -11.459440
v 2.785940 4.184586 -11.514425
v 2.323223 4.172675 -11.492803
v 1.868659 4.184654 -11.499019
v 1.411305 4.202707 -11.518248
v 0.958540 4.137212 -11.474892
v 7.501654 5.179737 -10.694837
v 6.994082 5.125123 -10.781321
v 6.488649 5.089004 -10.904525
v 5.978934 4.965984 -10.937181
v 5.527295 4.730386 -10.888934
v 5.143807 4.399077 -10.797373
v 4.645318 4.298230 -10.752110
v 4.175210 4.365023 -10.833001
v 3.732349 4.501323 -10.964214
v 3.267505 4.544167 -10.973112
v 2.815951 4.510546 -10.949028
v 2.372327 4.470297 -10.929073
v 1.932374 4.517335 -10.941732
v 1.496285 4.506625 -10.926628
v 1.052035 4.485934 -10.904916
v 7.447329 5.651900 -10.277721
v 6.940679 5.609840 -10.379135
v 6.432517 5.472765 -10.398644
v 5.987345 5.209107 -10.357800
v 5.628361 4.837092 -10.283938
v 5.127615 4.686821 -10.253723
v 4.655624 4.750973 -10.358604
v 4.193852 4.823482 -10.445306
v 3.722811 4.807957 -10.436007
v 3.286426 4.717532 -10.418021
v 2.849151 4.597632 -10.389170
v 2.410197 4.670557 -10.403828
v 1.987735 4.609456 -10.388270
v 1.564830 4.504187 -10.375706
v 1.134544 4.589285 -10.364301
v 7.378007 6.097095 -9.887923
v 6.885361 5.937659 -9.884401
v 6.437727 5.666797 -9.847172
v 6.091431 5.276493 -9.784822
v 5.605516 5.067361 -9.756577
v 5.113018 5.079902 -9.844602
v 4.635589 5.085557 -9.900651
v 4.167072 4.997031 -9.891483
v 3.757636 4.794176 -9.895372
v 3.311732 4.716311 -9.880426
v 2.872535 4.790133 -9.888532
v 2.444394 4.709792 -9.874753
v 2.055692 4.527124 -9.875083
v 1.623653 4.512981 -9.856437
v 1.210792 4.585310 -9.844237
v 7.304482 6.397672 -9.400114
v 6.904195 6.073943 -9.344684
v 6.514034 5.734402 -9.296701
v 6.059262 5.466100 -9.272081
v 5.553580 5.402941 -9.327226
v 5.068402 5.316159 -9.350641
v 4.611546 5.149567 -9.349482
v 4.234437 4.855095 -9.383999
v 3.778659 4.755484 -9.375226
v 3.339712 4.857127 -9.375414
v 2.899091 4.810049 -9.369316
v 2.518861 4.602856 -9.370278
v 2.100598 4.527379 -9.360051
v 1.682369 4.560476 -9.343493
v 1.261156 4.566956 -9.325521
v 7.315435 6.486915 -8.874251
v 6.877016 6.219853 -8.843030
v 6.459163 5.912896 -8.800669
v 5.998168 5.681113 -8.796086
v 5.505649 5.541053 -8.810919
v 5.063364 5.307501 -8.815115
v 4.707111 4.968132 -8.861505
v 4.256918 4.802043 -8.868651
v 3.803004 4.802161 -8.861877
v 3.360414 4.867332 -8.861187
v 2.930510 4.783539 -8.857267
v 2.556636 4.573499 -8.857091
v 2.135381 4.521367 -8.843244
v 1.723647 4.565360 -8.826757
v 1.298260 4.544438 -8.806383
v -0.548754 -0.590735 -15.885779
v -1.083288 -0.465661 -15.918890
v -1.607396 -0.287560 -15.952641
v -2.114557 -0.079522 -15.983276
v -2.611613 0.135436 -16.011200
v -3.107246 0.304150 -16.027946
v -3.605946 0.399666 -16.032198
v -4.113795 0.420931 -16.022299
v -4.636674 0.351325 -15.996616
v -5.165850 0.185321 -15.956624
v -5.692355 -0.049121 -15.908806
v -6.233810 -0.252659 -15.863517
v -6.785036 -0.390967 -15.824472
v -7.338151 -0.458972 -15.792596
v -7.886951 -0.463478 -15.767754
v -0.542445 -0.457008 -15.378026
v -1.078653 -0.341650 -15.408960
v -1.601893 -0.163388 -15.443816
v -2.112299 0.032183 -15.473677
v -2.614283 0.228118 -15.498318
v -3.113595 0.376550 -15.512000
v -3.611091 0.476161 -15.518839
v -4.121380 0.505320 -15.513801
v -4.646034 0.424233 -15.489757
v -5.169228 0.237567 -15.450768
v -5.697125 0.006772 -15.406888
v -6.241192 -0.183685 -15.366779
v -6.793405 -0.311166 -15.332018
v -7.348035 -0.370955 -15.303486
v -7.900473 -0.362156 -15.281564
v -0.530564 -0.158354 -14.882601
v -1.064923 -0.064467 -14.915999
v -1.590515 0.082110 -14.948560
v -2.105419 0.244739 -14.972363
v -2.615318 0.396396 -14.988248
v -3.114715 0.535775 -15.004385
v -3.613137 0.642316 -15.018831
v -4.127433 0.656405 -15.013515
v -4.649131 0.551820 -14.985949
v -5.166674 0.354433 -14.947248
v -5.700786 0.151381 -14.912287
v -6.247521 -0.015378 -14.880596
v -6.801404 -0.125506 -14.852657
v -7.358326 -0.169176 -14.830106
v -7.916636 -0.138716 -14.814950
v -0.507779 0.305678 -14.410048
v -1.041586 0.350506 -14.437682
v -1.569927 0.438766 -14.462085
v -2.088126 0.555754 -14.484955
v -2.600650 0.679248 -14.499193
v -3.106823 0.786434 -14.513465
v -3.613239 0.880513 -14.530055
v -4.131711 0.851564 -14.508216
v -4.643054 0.712294 -14.470308
v -5.166767 0.547201 -14.439058
v -5.706800 0.397687 -14.417509
v -6.255451 0.271474 -14.397463
v -6.810909 0.190419 -14.379519
v -7.374197 0.178956 -14.368878
v -7.941381 0.242191 -14.367651
v -0.470445 0.898644 -13.955180
v -1.002686 0.877582 -13.973199
v -1.530496 0.894329 -13.990297
v -2.057103 0.952128 -14.007141
v -2.568503 1.075297 -14.060755
v -3.089978 1.126292 -14.050964
v -3.610693 1.120757 -14.023688
v -4.122846 1.026822 -13.976984
v -4.642400 0.930661 -13.942416
v -5.175341 0.847281 -13.927271
v -5.716772 0.769808 -13.923014
v -6.265779 0.695968 -13.916225
v -6.825751 0.664473 -13.914875
v -7.397459 0.701382 -13.923354
v -7.974658 0.812674 -13.945950
v -0.409436 1.565451 -13.515704
v -0.935978 1.493502 -13.534782
v -1.464794 1.463169 -13.562463
v -1.994902 1.435819 -13.556708
v -2.531015 1.446251 -13.560515
v -3.058329 1.368937 -13.510639
v -3.587010 1.313916 -13.473214
v -4.118092 1.268089 -13.439511
v -4.652811 1.248865 -13.424476
v -5.188864 1.255481 -13.433724
v -5.729195 1.244228 -13.439622
v -6.280784 1.243842 -13.449409
v -6.850172 1.285366 -13.465554
v -7.435377 1.393001 -13.497717
v -8.023256 1.577151 -13.562884
v -0.327971 2.178521 -13.028862
v -0.846099 2.072270 -13.033454
v -1.376172 1.964850 -13.031774
v -1.902484 1.817225 -12.992208
v -2.444895 1.723323 -12.977575
v -2.993704 1.668114 -12.960355
v -3.544632 1.629829 -12.935506
v -4.099533 1.631483 -12.929967
v -4.650264 1.676814 -12.948990
v -5.195015 1.737845 -12.974848
v -5.743598 1.794361 -12.984460
v -6.306688 1.871148 -12.998116
v -6.893081 1.994412 -13.021655
v -7.489928 2.196364 -13.092005
v -8.086752 2.456948 -13.199971
v -0.209647 2.662295 -12.472882
v -0.714256 2.516796 -12.445498
v -1.232435 2.379534 -12.433460
v -1.771404 2.255185 -12.428955
v -2.323844 2.156959 -12.421621
v -2.888715 2.094115 -12.422892
v -3.462084 2.074467 -12.431216
v -4.039899 2.102294 -12.460604
v -4.610386 2.185895 -12.512656
v -5.182754 2.248310 -12.513374
v -5.760723 2.327308 -12.504032
v -6.350079 2.470494 -12.521338
v -6.947044 2.698796 -12.590938
v -7.544217 2.994893 -12.719498
v -8.161063 3.292019 -12.839954
v -0.084922 3.269545 -11.949781
v -0.570535 3.101723 -11.905587
v -1.083536 2.944777 -11.887895
v -1.616989 2.813935 -11.882479
v -2.175804 2.709855 -11.885649
v -2.752778 2.636529 -11.899833
v -3.345228 2.603656 -11.931228
v -3.942421 2.642243 -12.000689
v -4.544788 2.687587 -12.026558
v -5.154202 2.720730 -12.000336
v -5.768160 2.843473 -12.017800
v -6.379037 3.071996 -12.089250
v -6.978623 3.379842 -12.214850
v -7.612028 3.689120 -12.319260
v -8.271966 3.971132 -12.400724
v 0.036531 4.038454 -11.459728
v -0.442414 3.936121 -11.440516
v -0.925290 3.776201 -11.374143
v -1.445359 3.614555 -11.338430
v -2.002115 3.476236 -11.347299
v -2.593114 3.350088 -11.381192
v -3.205255 3.242874 -11.405872
v -3.831049 3.184930 -11.440798
v -4.466727 3.178648 -11.473358
v -5.108053 3.235838 -11.497243
v -5.753456 3.409578 -11.564672
v -6.372608 3.702176 -11.701175
v -7.022505 4.001131 -11.790460
v -7.705172 4.289188 -11.847548
v -8.414114 4.517486 -11.868283
v 0.168206 4.488517 -10.888984
v -0.299142 4.469639 -10.879870
v -0.780982 4.426730 -10.855892
v -1.296720 4.372078 -10.846769
v -1.838051 4.306740 -10.859403
v -2.425322 4.233480 -10.887578
v -3.048139 4.134552 -10.919696
v -3.695540 4.015809 -10.942540
v -4.365439 3.909925 -10.941729
v -5.045682 3.921052 -11.003541
v -5.720707 4.061927 -11.110920
v -6.393939 4.294147 -11.214048
v -7.090108 4.545999 -11.280251
v -7.821153 4.759075 -11.291795
v -8.559839 4.933112 -11.283761
v 0.268949 4.565815 -10.331672
v -0.188285 4.575680 -10.317920
v -0.667743 4.629171 -10.308549
v -1.178315 4.651299 -10.306073
v -1.725887 4.663794 -10.316493
v -2.303316 4.687084 -10.345534
v -2.923992 4.690082 -10.388155
v -3.581452 4.638558 -10.429052
v -4.269395 4.589927 -10.474757
v -4.972548 4.600896 -10.535600
v -5.692516 4.661653 -10.592884
v -6.420202 4.802053 -10.666116
v -7.166250 4.959636 -10.700271
v -7.927000 5.110358 -10.703873
v -8.691856 5.234945 -10.680563
v 0.344621 4.510574 -9.806917
v -0.113541 4.526841 -9.785546
v -0.582964 4.592565 -9.767726
v -1.093681 4.642684 -9.757834
v -1.642154 4.686915 -9.760757
v -2.227002 4.736275 -9.780027
v -2.849566 4.797177 -9.818154
v -3.504304 4.865806 -9.873466
v -4.197135 4.914773 -9.933091
v -4.920376 4.960179 -9.990943
v -5.674949 5.024080 -10.039503
v -6.449080 5.116891 -10.073906
v -7.236429 5.204522 -10.084336
v -8.007101 5.378447 -10.102303
v -8.771929 5.584514 -10.124476
v 0.396855 4.488717 -9.283450
v -0.057416 4.515271 -9.255734
v -0.524203 4.580676 -9.229349
v -1.030655 4.640669 -9.206947
v -1.578896 4.698153 -9.204265
v -2.165923 4.756157 -9.223423
v -2.780539 4.818956 -9.261706
v -3.431224 4.894575 -9.312989
v -4.127613 4.996064 -9.368494
v -4.874493 5.072326 -9.417324
v -5.660842 5.176536 -9.455091
v -6.475862 5.223106 -9.470535
v -7.287872 5.329433 -9.476371
v -8.076052 5.541578 -9.490437
v -8.788553 5.902114 -9.562967
v 0.430730 4.473558 -8.757939
v -0.023078 4.508584 -8.720658
v -0.492003 4.586019 -8.678909
v -0.996735 4.650619 -8.645404
v -1.533290 4.712628 -8.642385
v -2.098780 4.773166 -8.669165
v -2.696972 4.836699 -8.712005
v -3.342683 4.908261 -8.757527
v -4.049788 4.990108 -8.802323
v -4.816909 5.102623 -8.838487
v -5.640121 5.171177 -8.859970
v -6.479595 5.284104 -8.872381
v -7.310918 5.448515 -8.877208
v -8.082457 5.753258 -8.910821
v -8.792471 6.124489 -8.979745
v -8.971388 -0.359328 -15.719650
v -9.501993 -0.279954 -15.694812
v -10.024381 -0.201663 -15.672475
v -10.537057 -0.124837 -15.656885
v -11.041252 -0.051861 -15.650833
v -11.538805 0.021550 -15.655067
v -12.032091 0.093531 -15.668528
v -12.523012 0.168921 -15.689975
v -13.009869 0.236848 -15.716647
v -13.494020 0.270860 -15.737481
v -13.971330 0.258252 -15.748355
v -14.444524 0.258085 -15.763333
v -14.915726 0.314138 -15.776529
v -15.393841 0.395194 -15.782677
v -15.891790 0.458899 -15.790489
v -8.996696 -0.215508 -15.240367
v -9.536386 -0.104033 -15.219517
v -10.065819 0.012209 -15.202968
v -10.583912 0.119896 -15.190909
v -11.092103 0.214325 -15.186003
v -11.591745 0.303700 -15.191659
v -12.084887 0.388929 -15.208958
v -12.571061 0.463624 -15.234005
v -13.045799 0.509287 -15.261534
v -13.506235 0.491689 -15.273626
v -13.947404 0.410785 -15.265758
v -14.381454 0.306785 -15.251440
v -14.829235 0.255318 -15.244919
v -15.291065 0.252539 -15.237592
v -15.774347 0.263358 -15.234479
v -9.030335 0.076359 -14.792567
v -9.577486 0.233982 -14.784296
v -10.111738 0.396284 -14.782693
v -10.634286 0.536488 -14.779655
v -11.146913 0.647377 -14.773036
v -11.650038 0.740974 -14.773589
v -12.144163 0.823182 -14.788321
v -12.623996 0.882166 -14.819396
v -13.084858 0.878140 -14.845255
v -13.523569 0.788661 -14.844545
v -13.930474 0.620921 -14.812258
v -14.312703 0.408194 -14.760179
v -14.725096 0.249506 -14.720963
v -15.166042 0.153890 -14.690785
v -15.634934 0.101272 -14.670671
v -9.068722 0.539259 -14.389348
v -9.621119 0.741166 -14.411636
v -10.163232 0.941635 -14.431988
v -10.692445 1.112411 -14.448580
v -11.210653 1.240130 -14.448858
v -11.717427 1.325332 -14.434622
v -12.211567 1.378676 -14.427022
v -12.683980 1.392718 -14.451884
v -13.132357 1.318116 -14.468802
v -13.550570 1.138366 -14.448239
v -13.924542 0.870862 -14.383871
v -14.248439 0.550977 -14.289240
v -14.620649 0.290809 -14.213900
v -15.037400 0.106779 -14.155151
v -15.492194 -0.009386 -14.113162
v -9.117901 1.216009 -14.046018
v -9.679211 1.450025 -14.110747
v -10.234613 1.656031 -14.148142
v -10.773590 1.817722 -14.180878
v -11.296632 1.940042 -14.214786
v -11.808458 2.007135 -14.198183
v -12.299154 2.015788 -14.149597
v -12.758834 1.950433 -14.117279
v -13.193414 1.789224 -14.111676
v -13.595552 1.510219 -14.068361
v -13.940473 1.144347 -13.970964
v -14.203911 0.730973 -13.836592
v -14.530534 0.379308 -13.726070
v -14.919223 0.112509 -13.638694
v -15.359739 -0.067383 -13.572433
v -9.181507 2.089415 -13.770019
v -9.758815 2.322425 -13.851727
v -10.327080 2.495965 -13.905869
v -10.880335 2.605177 -13.920298
v -11.413346 2.655912 -13.918546
v -11.923366 2.648183 -13.861644
v -12.404163 2.603911 -13.799846
v -12.857573 2.499611 -13.788864
v -13.282478 2.261230 -13.767964
v -13.670697 1.887267 -13.697510
v -13.979342 1.424876 -13.561968
v -14.184521 0.932337 -13.394972
v -14.464073 0.504046 -13.254426
v -14.821592 0.164145 -13.140769
v -15.246560 -0.073731 -13.054266
v -9.281903 2.989416 -13.435122
v -9.880380 3.174745 -13.503436
v -10.460687 3.299410 -13.562606
v -11.023060 3.358009 -13.602011
v -11.563197 3.330835 -13.571897
v -12.048793 3.221003 -13.436237
v -12.522802 3.108071 -13.374612
v -12.984171 3.003796 -13.447512
v -13.412007 2.704146 -13.424925
v -13.770709 2.240380 -13.314953
v -14.024848 1.693324 -13.143992
v -14.183491 1.136219 -12.955480
v -14.422560 0.647237 -12.793321
v -14.748283 0.250038 -12.660208
v -15.155398 -0.036212 -12.558409
v -9.426898 3.753481 -13.011410
v -10.052693 3.871500 -13.043898
v -10.646792 3.940720 -13.087512
v -11.202251 3.999354 -13.191231
v -11.748737 3.962746 -13.227541
v -12.244158 3.830061 -13.153626
v -12.690793 3.635870 -13.033547
v -13.156804 3.469521 -13.098977
v -13.564664 3.093772 -13.045341
v -13.873916 2.550538 -12.901558
v -14.062411 1.932944 -12.708196
v -14.188906 1.327523 -12.511199
v -14.402570 0.797964 -12.338761
v -14.702514 0.365414 -12.196280
v -15.088768 0.046332 -12.086214
v -9.614450 4.343123 -12.469169
v -10.250212 4.466454 -12.524755
v -10.865535 4.476187 -12.525227
v -11.417279 4.530390 -12.645430
v -11.938466 4.564098 -12.828773
v -12.458113 4.421854 -12.836060
v -12.888300 4.170812 -12.709163
v -13.342834 3.915421 -12.717093
v -13.715028 3.447694 -12.623842
v -13.955141 2.823447 -12.453567
v -14.072249 2.148788 -12.255915
v -14.198857 1.512177 -12.063682
v -14.406129 0.964927 -11.893097
v -14.687470 0.517003 -11.750459
v -15.048667 0.172066 -11.634714
v -9.834140 4.777874 -11.841291
v -10.469658 4.972208 -11.935356
v -11.056568 5.116262 -12.067039
v -11.580927 5.211949 -12.289531
v -12.122808 5.158657 -12.405601
v -12.630414 4.967165 -12.408306
v -13.087896 4.703159 -12.355789
v -13.508592 4.360103 -12.295612
v -13.825405 3.811513 -12.169950
v -13.997939 3.102254 -11.991656
v -14.072090 2.377062 -11.800611
v -14.217254 1.715452 -11.619911
v -14.438291 1.159259 -11.460393
v -14.711492 0.704668 -11.321968
v -15.038693 0.333315 -11.198341
v -9.996507 5.325839 -11.339744
v -10.614313 5.604381 -11.511601
v -11.213400 5.829416 -11.743473
v -11.799306 5.886455 -11.880012
v -12.306687 5.734563 -11.928082
v -12.799169 5.500918 -11.976619
v -13.264848 5.197400 -11.935956
v -13.647044 4.779459 -11.835475
v -13.897852 4.170825 -11.690113
v -13.995520 3.398844 -11.516589
v -14.072395 2.622892 -11.342968
v -14.256222 1.941309 -11.178535
v -14.507912 1.380168 -11.038667
v -14.786049 0.923311 -10.911806
v -15.073704 0.530800 -10.775842
v -10.123112 5.886363 -10.905125
v -10.933213 6.479948 -11.268444
v -11.732353 7.019943 -11.564193
v -12.330617 7.073545 -11.685090
v -12.722556 6.712202 -11.651617
v -13.039561 6.139307 -11.582746
v -13.395126 5.629731 -11.467104
v -13.736027 5.149700 -11.332671
v -13.909592 4.494792 -11.182624
v -13.922764 3.683367 -11.034688
v -14.087049 2.875728 -10.877176
v -14.342738 2.188162 -10.746106
v -14.619970 1.622414 -10.630363
v -14.893318 1.157266 -10.510198
v -15.171837 0.761801 -10.373868
v -10.402467 6.599009 -10.621102
v -11.543034 7.745058 -11.102500
v -12.404772 8.340364 -11.488855
v -12.927907 8.216426 -11.601502
v -13.225085 7.729209 -11.483293
v -13.399216 6.940078 -11.255557
v -13.515601 6.090413 -10.998213
v -13.714202 5.440784 -10.792857
v -13.757871 4.743660 -10.667907
v -13.911510 3.943096 -10.534105
v -14.170658 3.131924 -10.417521
v -14.471836 2.438702 -10.323748
v -14.751792 1.864362 -10.222228
v -15.036580 1.399327 -10.117902
v -15.339180 1.018298 -10.005227
v -10.720361 7.292833 -10.253309
v -11.938020 8.817679 -10.942870
v -12.818650 9.085063 -11.368667
v -13.292243 8.842275 -11.501101
v -13.543193 8.364036 -11.268563
v -13.582276 7.556058 -10.879635
v -13.543542 6.510266 -10.525035
v -13.684292 5.672835 -10.248759
v -13.805598 4.956370 -10.142833
v -14.047755 4.176274 -10.057311
v -14.341110 3.372441 -9.980590
v -14.621522 2.657327 -9.894526
v -14.913040 2.086474 -9.813969
v -15.237136 1.646384 -9.750163
v -15.579612 1.295817 -9.687302
v -10.679122 7.628078 -9.773504
v -11.995244 9.184517 -10.480601
v -12.933033 9.439432 -10.911577
v -13.420869 9.163662 -11.083869
v -13.611621 8.674857 -10.832781
v -13.574466 7.849326 -10.429409
v -13.538697 6.736343 -10.040780
v -13.681361 5.819366 -9.701604
v -13.941701 5.111144 -9.612882
v -14.212003 4.337649 -9.561611
v -14.482929 3.527744 -9.501765
v -14.739360 2.800489 -9.428611
v -15.045386 2.241040 -9.368777
v -15.383041 1.820104 -9.319654
v -15.743882 1.494650 -9.270049
v -10.247187 7.345627 -8.104347
v -11.161242 8.017849 -8.504168
v -12.094892 8.503164 -8.909304
v -12.771940 8.583701 -9.093490
v -13.156215 8.182474 -9.048214
v -13.278335 7.439168 -8.860970
v -13.409428 6.580581 -8.569216
v -13.568933 5.799928 -8.456816
v -13.761162 5.058564 -8.468969
v -14.108983 4.294211 -8.449273
v -14.481475 3.500889 -8.423083
v -14.833723 2.805112 -8.388797
v -15.143828 2.269966 -8.351940
v -15.432602 1.845108 -8.314881
v -15.741129 1.488991 -8.270123
v -10.160739 7.231863 -7.378529
v -10.847342 7.584726 -7.507882
v -11.590865 7.895397 -7.725377
v -12.259331 7.943863 -7.884655
v -12.759666 7.659457 -7.918569
v -13.073879 7.095679 -7.857333
v -13.338506 6.403633 -7.794895
v -13.525700 5.697568 -7.828921
v -13.652431 4.935627 -7.869680
v -13.915221 4.113018 -7.904043
v -14.322401 3.315212 -7.882139
v -14.708776 2.639593 -7.844170
v -15.015135 2.109895 -7.821698
v -15.286633 1.683446 -7.804718
v -15.586345 1.326502 -7.779200
v -10.186959 7.126071 -6.767585
v -10.773162 7.389361 -6.816268
v -11.371592 7.597968 -6.878467
v -11.979692 7.609671 -6.945820
v -12.529980 7.362722 -7.008659
v -12.967876 6.901340 -7.071692
v -13.309031 6.287254 -7.124418
v -13.530665 5.594307 -7.171945
v -13.621736 4.818880 -7.228343
v -13.763521 3.945124 -7.307173
v -14.072529 3.081881 -7.360821
v -14.453106 2.393395 -7.346238
v -14.753379 1.860166 -7.341948
v -15.023710 1.431768 -7.346272
v -15.364102 1.114013 -7.303611
v -10.216079 6.976069 -6.153376
v -10.755091 7.263256 -6.185413
v -11.318468 7.481712 -6.227733
v -11.905330 7.476976 -6.275741
v -12.445410 7.215383 -6.331859
v -12.908768 6.761827 -6.386151
v -13.305615 6.180820 -6.438241
v -13.580603 5.520299 -6.495760
v -13.696092 4.752779 -6.564834
v -13.730540 3.842815 -6.653677
v -13.882369 2.904176 -6.760874
v -14.173096 2.152875 -6.821404
v -14.471690 1.612892 -6.841429
v -14.763280 1.199610 -6.851673
v -15.093895 0.868953 -6.846903
v -10.235088 6.846292 -5.524110
v -10.735919 7.158979 -5.543907
v -11.278014 7.375683 -5.569872
v -11.849035 7.353894 -5.600629
v -12.376340 7.079557 -5.642433
v -12.842710 6.633969 -5.694214
v -13.272836 6.102832 -5.745580
v -13.615648 5.507126 -5.807328
v -13.813548 4.775022 -5.893631
v -13.841090 3.853995 -5.989733
v -13.830685 2.872977 -6.099977
v -13.985474 2.044893 -6.212177
v -14.253288 1.452564 -6.277690
v -14.553191 1.031053 -6.307440
v -14.898643 0.702395 -6.316213
v -10.238976 6.744223 -4.891456
v -10.718496 7.067520 -4.900990
v -11.244244 7.282460 -4.913389
v -11.801528 7.254443 -4.931041
v -12.308838 6.978998 -4.965165
v -12.748067 6.545507 -5.016112
v -13.185833 6.058725 -5.066317
v -13.585456 5.533821 -5.125381
v -13.894390 4.882981 -5.217590
v -14.035986 3.994084 -5.343646
v -13.957139 2.991868 -5.444369
v -13.938724 2.089789 -5.559982
v -14.111582 1.400343 -5.665823
v -14.399870 0.931867 -5.726075
v -14.762439 0.603219 -5.748475
v -10.233964 6.654502 -4.279225
v -10.698430 6.985317 -4.279594
v -11.207912 7.203108 -4.281765
v -11.750379 7.181638 -4.291542
v -12.235512 6.918783 -4.322435
v -12.636973 6.495752 -4.371612
v -13.054768 6.034461 -4.420780
v -13.486279 5.563859 -4.473647
v -13.875032 5.005237 -4.554470
v -14.162605 4.215143 -4.691028
v -14.230917 3.210447 -4.839836
v -14.069467 2.252279 -4.921857
v -14.083265 1.462624 -5.033972
v -14.306918 0.906276 -5.124289
v -14.665615 0.548598 -5.167435
v -10.218501 6.571903 -3.709929
v -10.670967 6.909308 -3.705075
v -11.161196 7.140458 -3.702996
v -11.687042 7.143027 -3.708534
v -12.158309 6.899507 -3.732663
v -12.526320 6.483280 -3.774198
v -12.903299 6.026431 -3.822489
v -13.345853 5.586812 -3.868538
v -13.776477 5.091097 -3.935705
v -14.164907 4.424027 -4.052786
v -14.404634 3.495164 -4.222772
v -14.374979 2.481302 -4.360353
v -14.201082 1.624967 -4.423351
v -14.296139 0.968685 -4.516238
v -14.609627 0.533803 -4.580904
v -10.195046 6.497221 -3.202186
v -10.641163 6.843387 -3.198609
v -11.111939 7.095411 -3.195264
v -11.624324 7.129304 -3.195796
v -12.089768 6.908113 -3.210174
v -12.432861 6.500333 -3.240794
v -12.758116 6.032046 -3.285431
v -13.192320 5.604181 -3.323215
v -13.647266 5.146761 -3.376298
v -14.074121 4.568352 -3.465621
v -14.446229 3.757984 -3.611478
v -14.595992 2.748758 -3.781481
v -14.455538 1.832898 -3.868872
v -14.393992 1.110848 -3.928004
v -14.613973 0.577900 -3.992954
v -10.170069 6.429909 -2.755838
v -10.615120 6.791831 -2.757876
v -11.072166 7.067239 -2.754986
v -11.574409 7.132161 -2.750509
v -12.037860 6.933903 -2.754746
v -12.365164 6.533990 -2.771658
v -12.633047 6.048481 -2.806403
v -13.041592 5.615767 -2.833340
v -13.514435 5.192770 -2.865638
v -13.949240 4.661957 -2.930062
v -14.370071 3.943045 -3.035224
v -14.687608 3.007470 -3.188048
v -14.720213 2.054139 -3.322986
v -14.566311 1.285315 -3.366705
v -14.693844 0.681682 -3.420579
v -10.152530 6.371439 -2.361448
v -10.601900 6.760691 -2.371306
v -11.053621 7.057606 -2.369343
v -11.548536 7.145605 -2.359980
v -12.009138 6.966226 -2.352706
v -12.325266 6.570331 -2.353572
v -12.532209 6.066567 -2.372727
v -12.907170 5.618338 -2.386287
v -13.388655 5.225082 -2.393820
v -13.842495 4.723582 -2.435009
v -14.249269 4.052454 -2.508742
v -14.643906 3.210611 -2.616353
v -14.847708 2.276406 -2.747487
v -14.772527 1.457798 -2.823147
v -14.821607 0.808517 -2.866092
v -10.143819 6.320247 -2.003497
v -10.603113 6.751354 -2.024754
v -11.062842 7.069429 -2.025351
v -11.555223 7.168950 -2.010300
v -12.009109 6.998101 -1.992122
v -12.310990 6.601738 -1.977089
v -12.456074 6.086445 -1.975860
v -12.787261 5.615338 -1.974228
v -13.269459 5.232592 -1.956562
v -13.758075 4.769334 -1.969513
v -14.149944 4.119845 -2.019944
v -14.525070 3.333884 -2.089357
v -14.844353 2.451149 -2.182801
v -14.918460 1.609856 -2.272958
v -14.939001 0.923867 -2.320724
v -10.133255 6.265778 -1.663746
v -10.605971 6.751425 -1.699695
v -11.085767 7.094109 -1.704385
v -11.583273 7.198468 -1.685156
v -12.029293 7.028133 -1.658311
v -12.314319 6.628129 -1.627808
v -12.405025 6.109203 -1.603115
v -12.687457 5.609661 -1.584238
v -13.153221 5.211512 -1.546041
v -13.676593 4.791834 -1.526455
v -14.087925 4.175667 -1.551198
v -14.411147 3.396930 -1.599118
v -14.763190 2.556365 -1.655414
v -14.956763 1.724349 -1.729546
v -15.024688 1.018899 -1.784405
v -10.121334 6.207550 -1.319963
v -10.606633 6.752917 -1.375161
v -11.114563 7.119136 -1.389561
v -11.621803 7.225113 -1.372786
v -12.060015 7.053761 -1.338621
v -12.330075 6.649288 -1.293807
v -12.381494 6.126433 -1.245030
v -12.614459 5.598652 -1.206484
v -13.052982 5.168087 -1.151305
v -13.598430 4.784878 -1.100160
v -14.041126 4.198244 -1.099784
v -14.336738 3.431722 -1.127942
v -14.673246 2.598039 -1.167005
v -14.935554 1.787155 -1.218740
v -15.071567 1.080826 -1.270583
v -10.096287 6.143529 -0.982190
v -10.596929 6.742433 -1.054190
v -11.131863 7.128702 -1.086704
v -11.653360 7.239854 -1.076711
v -12.088561 7.069483 -1.036223
v -12.353179 6.662067 -0.975935
v -12.379899 6.141439 -0.906104
v -12.562565 5.596029 -0.847848
v -12.965713 5.127278 -0.776521
v -13.516479 4.759277 -0.697125
v -13.981240 4.198928 -0.669951
v -14.290591 3.450004 -0.684771
v -14.594423 2.620668 -0.719710
v -14.891830 1.816613 -0.762048
v -15.097747 1.115505 -0.808928
v -9.998343 5.921144 -0.133247
v -10.512334 6.568032 -0.238800
v -11.086301 6.988828 -0.305200
v -11.636460 7.128469 -0.322737
v -12.090836 6.990813 -0.290265
v -12.390341 6.610369 -0.223389
v -12.478035 6.101359 -0.129397
v -12.531043 5.523182 -0.023173
v -12.869791 4.980931 0.071371
v -13.434725 4.618114 0.185791
v -13.932608 4.081446 0.242207
v -14.277718 3.352383 0.242291
v -14.509406 2.509060 0.213690
v -14.818753 1.717663 0.183577
v -15.119308 1.048592 0.146404
v -9.918301 5.757423 0.342609
v -10.438728 6.386569 0.236536
v -11.011066 6.807705 0.166992
v -11.562984 6.966955 0.142937
v -12.032341 6.863941 0.170955
v -12.371102 6.524927 0.235990
v -12.522260 6.030532 0.323544
v -12.566884 5.457823 0.430410
v -12.870708 4.903859 0.527972
v -13.404054 4.508370 0.639302
v -13.902117 3.979219 0.703217
v -14.264050 3.259296 0.704274
v -14.490841 2.413770 0.669200
v -14.790214 1.615572 0.633796
v -15.122552 0.964735 0.596799
v -9.797707 5.574660 0.864863
v -10.331711 6.155565 0.768481
v -10.896544 6.559194 0.707132
v -11.443269 6.736122 0.687463
v -11.928988 6.678556 0.715391
v -12.315591 6.394592 0.774429
v -12.541554 5.931371 0.844635
v -12.607946 5.369174 0.934159
v -12.889335 4.813793 1.023182
v -13.394951 4.394687 1.125495
v -13.890497 3.866235 1.186980
v -14.262004 3.138227 1.185709
v -14.475764 2.277771 1.141956
v -14.770955 1.472331 1.101134
v -15.136953 0.840966 1.065694
v -9.661254 5.374608 1.422222
v -10.205472 5.892112 1.342553
v -10.761193 6.260112 1.294514
v -11.299217 6.441165 1.283494
v -11.794718 6.429092 1.315943
v -12.226243 6.213973 1.372398
v -12.533861 5.800245 1.423978
v -12.666036 5.261664 1.483005
v -12.925060 4.708482 1.552728
v -13.398832 4.265571 1.635697
v -13.891474 3.736202 1.688856
v -14.266211 2.987427 1.681852
v -14.465067 2.106437 1.632295
v -14.751546 1.298884 1.584166
v -15.149408 0.688401 1.550084
v -9.516158 5.167562 2.001934
v -10.069922 5.611989 1.940748
v -10.617232 5.936435 1.906334
v -11.149004 6.106987 1.903028
v -11.649407 6.126348 1.939536
v -12.113516 5.978599 1.997828
v -12.496578 5.631964 2.038502
v -12.715473 5.129197 2.066438
v -12.975730 4.590961 2.109417
v -13.412383 4.124832 2.167374
v -13.900187 3.590714 2.207988
v -14.273269 2.818535 2.193942
v -14.456049 1.912625 2.139273
v -14.733237 1.102090 2.084235
v -15.154331 0.515390 2.055064
v -9.376665 4.960464 2.599165
v -9.937368 5.327193 2.546864
v -10.479451 5.608387 2.526051
v -11.006855 5.761521 2.528065
v -11.510769 5.790978 2.562074
v -11.993032 5.691780 2.619661
v -12.432494 5.421042 2.660128
v -12.758245 4.982642 2.669693
v -13.022836 4.454457 2.682235
v -13.444236 3.987700 2.718846
v -13.909457 3.434027 2.743685
v -14.276209 2.635102 2.717667
v -14.447429 1.710378 2.655251
v -14.719782 0.899754 2.595823
v -15.155013 0.342250 2.563785
v -9.252132 4.740038 3.200206
v -9.817484 5.038307 3.152999
v -10.353521 5.281738 3.138022
v -10.879313 5.417300 3.144539
v -11.387060 5.444550 3.171513
v -11.879595 5.369731 3.221653
v -12.351105 5.160788 3.265118
v -12.755970 4.792655 3.273414
v -13.073826 4.303386 3.265098
v -13.488332 3.842611 3.284429
v -13.919369 3.258246 3.291195
v -14.270553 2.434607 3.252343
v -14.448838 1.508975 3.177748
v -14.709940 0.720272 3.108286
v -15.130609 0.168909 3.093684
v -9.150688 4.496480 3.797771
v -9.712245 4.747888 3.752832
v -10.246362 4.956133 3.741089
v -10.768922 5.077543 3.747354
v -11.280245 5.099865 3.768179
v -11.780305 5.030637 3.806775
v -12.268736 4.859107 3.849167
v -12.722946 4.553471 3.865298
v -13.109262 4.121611 3.852680
v -13.523580 3.667673 3.857251
v -13.925756 3.058222 3.846399
v -14.265910 2.229941 3.790258
v -14.432744 1.318271 3.715763
v -14.704819 0.557207 3.646846
v -15.123701 0.034441 3.610504
v -9.067612 4.245502 4.392196
v -9.624357 4.461075 4.348854
v -10.156583 4.640898 4.335962
v -10.678712 4.740429 4.339428
v -11.191731 4.754804 4.352614
v -11.696568 4.687682 4.380514
v -12.194403 4.532418 4.415995
v -12.674375 4.271233 4.437081
v -13.116210 3.900527 4.430557
v -13.551868 3.470973 4.429392
v -13.939930 2.850344 4.407928
v -14.248692 2.020329 4.352341
v -14.441720 1.143753 4.257169
v -14.732354 0.424379 4.189282
v -15.137307 -0.073124 4.153900
v -9.012009 3.933725 4.967792
v -9.554749 4.150347 4.940404
v -10.083194 4.317137 4.932755
v -10.606026 4.406361 4.931152
v -11.122024 4.415243 4.934278
v -11.630259 4.346717 4.951693
v -12.134361 4.201894 4.979646
v -12.629027 3.964940 5.003744
v -13.102218 3.641131 5.007524
v -13.549045 3.226444 5.006513
v -13.914739 2.599897 4.970460
v -14.225124 1.793555 4.901166
v -14.463702 0.969631 4.815044
v -14.757215 0.300774 4.753187
v -15.158458 -0.163114 4.724267
v -8.972167 3.605522 5.520606
v -9.503222 3.818408 5.505178
v -10.027756 3.973734 5.498968
v -10.548958 4.052383 5.497092
v -11.064672 4.057950 5.502109
v -11.575671 3.993073 5.515488
v -12.082988 3.857209 5.534795
v -12.584233 3.644134 5.551946
v -13.073092 3.354652 5.558851
v -13.524952 2.951266 5.557045
v -13.892591 2.323086 5.521877
v -14.183815 1.547289 5.453269
v -14.454576 0.790985 5.382920
v -14.815855 0.199334 5.349098
v -15.255225 -0.194958 5.326526
v -8.927311 3.300379 6.087309
v -9.457898 3.488964 6.070930
v -9.984825 3.613226 6.056229
v -10.505145 3.682633 6.051605
v -11.020940 3.690719 6.057007
v -11.533669 3.631432 6.067724
v -12.043930 3.504792 6.082865
v -12.550861 3.313462 6.097023
v -13.046213 3.049010 6.107346
v -13.498848 2.641578 6.105033
v -13.867629 2.033192 6.076149
v -14.184131 1.309504 6.029581
v -14.518971 0.641678 5.978123
v -14.911609 0.126360 5.942059
v -15.369123 -0.209663 5.923682
v -8.897326 2.960616 6.639334
v -9.423375 3.140326 6.633248
v -9.948724 3.267632 6.622896
v -10.469718 3.331708 6.619579
v -10.987961 3.335192 6.620860
v -11.503260 3.277927 6.626113
v -12.015380 3.159718 6.635354
v -12.524568 2.978168 6.651332
v -13.020976 2.722934 6.661028
v -13.472171 2.316715 6.659527
v -13.860542 1.742981 6.635153
v -14.215172 1.092424 6.595797
v -14.587728 0.499417 6.557463
v -15.008121 0.049291 6.529917
v -15.482168 -0.229142 6.515167
v -8.878719 2.604373 7.171019
v -9.400586 2.771591 7.170940
v -9.922734 2.884208 7.168147
v -10.442960 2.943728 7.167160
v -10.961040 2.948927 7.168916
v -11.477292 2.899367 7.173567
v -11.991884 2.795529 7.179615
v -12.502003 2.636366 7.186579
v -12.992774 2.385777 7.193835
v -13.447820 1.993622 7.195355
v -13.858785 1.462935 7.180604
v -14.250215 0.882106 7.153548
v -14.656723 0.364869 7.125622
v -15.100151 -0.025189 7.102739
v -15.587537 -0.258125 7.088990
v -8.865203 2.255455 7.698651
v -9.383897 2.406526 7.702981
v -9.904358 2.507851 7.701976
v -10.423784 2.562025 7.701344
v -10.941724 2.568749 7.702998
v -11.458596 2.528536 7.707460
v -11.974376 2.440696 7.712344
v -12.483697 2.298400 7.717737
v -12.971495 2.058539 7.723789
v -13.430394 1.685249 7.725479
v -13.863232 1.204666 7.716907
v -14.284379 0.693790 7.696461
v -14.717594 0.235584 7.671254
v -15.180860 -0.107847 7.649072
v -15.679634 -0.303301 7.634984
v -8.841274 1.635585 8.754628
v -9.360735 1.735566 8.755957
v -9.880311 1.809500 8.756724
v -10.399467 1.851045 8.757005
v -10.917812 1.860444 8.759398
v -11.435585 1.836653 8.762866
v -11.952335 1.778547 8.764656
v -12.464717 1.685570 8.768688
v -12.958078 1.499573 8.773582
v -13.432144 1.197487 8.770979
v -13.893637 0.800080 8.754357
v -14.354234 0.378325 8.726285
v -14.825541 0.007399 8.695512
v -15.316249 -0.257885 8.669271
v -15.829344 -0.391174 8.652892
v -8.833723 1.343528 9.279078
v -9.354850 1.411396 9.275687
v -9.875091 1.466831 9.274516
v -10.394502 1.502957 9.275648
v -10.913354 1.515435 9.278875
v -11.431863 1.502683 9.283204
v -11.949465 1.460878 9.284542
v -12.464568 1.397636 9.287275
v -12.965223 1.255228 9.291595
v -13.450928 0.992629 9.284117
v -13.925920 0.637214 9.260097
v -14.400436 0.262559 9.226530
v -14.884960 -0.067038 9.191224
v -15.384528 -0.302536 9.161357
v -15.901121 -0.414990 9.143136
v -8.830671 1.050054 9.794384
v -9.352296 1.087438 9.789665
v -9.873444 1.122004 9.787683
v -10.394029 1.149747 9.789482
v -10.913985 1.167657 9.794724
v -11.433372 1.171283 9.800869
v -11.952003 1.154444 9.802366
v -12.469188 1.121425 9.802417
v -12.977873 1.024060 9.805431
v -13.476665 0.806843 9.792672
v -13.966517 0.503154 9.763937
v -14.455067 0.168389 9.724003
v -14.950399 -0.128551 9.682859
v -15.456991 -0.338190 9.648929
v -15.975074 -0.428243 9.629204
v -8.829781 0.759406 10.309162
v -9.352337 0.777496 10.306272
v -9.874923 0.797898 10.306659
v -10.396942 0.818911 10.309944
v -10.918342 0.837737 10.313765
v -11.438990 0.850237 10.317380
v -11.959192 0.849757 10.318737
v -12.477898 0.831848 10.314725
v -12.993178 0.784100 10.315557
v -13.502814 0.622779 10.300156
v -14.009927 0.367314 10.266296
v -14.513741 0.074802 10.220141
v -15.020086 -0.184025 10.174764
v -15.532062 -0.360243 10.138776
v -16.049835 -0.427219 10.118857
v -8.831804 0.469295 10.821770
v -9.355755 0.464678 10.820528
v -9.879851 0.468651 10.820101
v -10.403279 0.481227 10.822776
v -10.926062 0.498434 10.827462
v -11.448349 0.516963 10.832203
v -11.970004 0.531956 10.834025
v -12.490701 0.532453 10.826527
v -13.009694 0.522746 10.824764
v -13.531688 0.411205 10.805227
v -14.054098 0.205859 10.766998
v -14.571799 -0.035526 10.717512
v -15.087427 -0.247671 10.670335
v -15.603159 -0.387017 10.634484
v -16.119240 -0.428719 10.616642
v -8.836556 0.178298 11.332616
v -9.361974 0.158447 11.333415
v -9.887266 0.149394 11.333578
v -10.412142 0.152578 11.335010
v -10.936753 0.164612 11.338140
v -11.460678 0.184420 11.341223
v -11.983872 0.208231 11.341197
v -12.506807 0.226025 11.334326
v -13.032695 0.231762 11.329054
v -13.565249 0.162093 11.308566
v -14.098789 0.013228 11.268638
v -14.626822 -0.166464 11.219983
v -15.149112 -0.327427 11.174724
v -15.667104 -0.424092 11.141700
v -16.181276 -0.433140 11.126987
v -8.843069 -0.121086 11.838510
v -9.369996 -0.148673 11.841737
v -9.896538 -0.164632 11.841860
v -10.423159 -0.166515 11.843129
v -10.949571 -0.159079 11.843259
v -11.475402 -0.143491 11.842594
v -12.001860 -0.122126 11.839967
v -12.531034 -0.101802 11.834816
v -13.064685 -0.093707 11.826932
v -13.603922 -0.127094 11.808640
v -14.144154 -0.220882 11.771625
v -14.677798 -0.336252 11.728621
v -15.203357 -0.436122 11.688941
v -15.720734 -0.484108 11.660988
v -16.230833 -0.455488 11.650887
v -8.850060 -0.421957 12.338779
v -9.378553 -0.457038 12.343879
v -9.906712 -0.482916 12.344099
v -10.435004 -0.490488 12.345438
v -10.963205 -0.485483 12.344725
v -11.492815 -0.472125 12.343319
v -12.024631 -0.454694 12.340960
v -12.560445 -0.436556 12.336293
v -13.100430 -0.426584 12.326619
v -13.643485 -0.437890 12.307692
v -14.187031 -0.477967 12.277787
v -14.723259 -0.527094 12.243501
v -15.250021 -0.562935 12.211300
v -15.766356 -0.559899 12.189486
v -16.272787 -0.494765 12.184357
v -8.857037 -0.713341 12.839777
v -9.387064 -0.750241 12.846109
v -9.916801 -0.781937 12.847425
v -10.446557 -0.794662 12.848590
v -10.977885 -0.793991 12.848359
v -11.511521 -0.782928 12.847452
v -12.048645 -0.767683 12.845511
v -12.589755 -0.751669 12.840317
v -13.134510 -0.737900 12.829699
v -13.679663 -0.732769 12.810611
v -14.224600 -0.729553 12.787885
v -14.760535 -0.724432 12.762177
v -15.286375 -0.706081 12.738420
v -15.800755 -0.656073 12.723749
v -16.303553 -0.553328 12.723910
v -8.863452 -0.979265 13.344556
v -9.394714 -1.021569 13.349289
v -9.925892 -1.054391 13.352329
v -10.457368 -1.068855 13.354306
v -10.992003 -1.070543 13.355038
v -11.529256 -1.060453 13.354738
v -12.070304 -1.045744 13.352380
v -12.615478 -1.030275 13.346461
v -13.162477 -1.013947 13.334251
v -13.711247 -0.992504 13.318517
v -14.253657 -0.961150 13.299920
v -14.787988 -0.916286 13.281730
v -15.311868 -0.851955 13.266401
v -15.823706 -0.756994 13.259452
v -16.323042 -0.616468 13.265256
v -8.868983 -1.203898 13.854336
v -9.401108 -1.252880 13.857215
v -9.933412 -1.287503 13.860445
v -10.466789 -1.304195 13.863140
v -11.003901 -1.307077 13.864639
v -11.543550 -1.296707 13.864891
v -12.087279 -1.281176 13.862289
v -12.634028 -1.264148 13.855499
v -13.182415 -1.242499 13.843326
v -13.731145 -1.205842 13.829727
v -14.272296 -1.150859 13.815502
v -14.804651 -1.077717 13.802657
v -15.326009 -0.976985 13.794621
v -15.834831 -0.842018 13.795409
v -16.330957 -0.669024 13.806499
v -8.873044 -1.378162 14.367661
v -9.405927 -1.430783 14.370013
v -9.939040 -1.467543 14.372948
v -10.473883 -1.486759 14.375827
v -11.012483 -1.491204 14.377363
v -11.553547 -1.480243 14.377863
v -12.098195 -1.463760 14.374910
v -12.645560 -1.441706 14.368897
v -13.192866 -1.412983 14.357294
v -13.740725 -1.358065 14.347482
v -14.279932 -1.284286 14.336368
v -14.809587 -1.185286 14.328607
v -15.328009 -1.056074 14.326637
v -15.834279 -0.894695 14.332099
v -16.328344 -0.700778 14.346213
v -8.875541 -1.491184 14.884482
v -9.409003 -1.546321 14.886554
v -9.942687 -1.585607 14.889239
v -10.478137 -1.607278 14.891940
v -11.017460 -1.613770 14.893188
v -11.558842 -1.603990 14.893472
v -12.103769 -1.584626 14.891062
v -12.649865 -1.559041 14.885862
v -13.198470 -1.515036 14.878926
v -13.740552 -1.443898 14.871457
v -14.276430 -1.349410 14.864842
v -14.803126 -1.229649 14.861191
v -15.318950 -1.080543 14.862958
v -15.823304 -0.900342 14.871649
v -16.316399 -0.693697 14.887403
v -8.876774 -1.533028 15.403895
v -9.410496 -1.591040 15.405683
v -9.944443 -1.632969 15.408311
v -10.479655 -1.657623 15.410954
v -11.018600 -1.667957 15.412005
v -11.559916 -1.661885 15.412167
v -12.103278 -1.641422 15.410765
v -12.648051 -1.608492 15.407677
v -13.193150 -1.547122 15.404572
v -13.731853 -1.461560 15.400634
v -14.263845 -1.348660 15.398737
v -14.787265 -1.210643 15.399695
v -15.300665 -1.046319 15.404871
v -15.803692 -0.855138 15.415483
v -16.296686 -0.643531 15.431433
v -8.876039 -1.504450 15.923542
v -9.410043 -1.564803 15.925435
v -9.944333 -1.608059 15.928065
v -10.478871 -1.636858 15.931185
v -11.016909 -1.651752 15.932950
v -11.557089 -1.652646 15.933759
v -12.098882 -1.629556 15.934604
v -12.639992 -1.588498 15.933414
v -13.182128 -1.513277 15.933478
v -13.716474 -1.412922 15.933733
v -14.245155 -1.288563 15.935452
v -14.765379 -1.137805 15.940502
v -15.276477 -0.962823 15.949034
v -15.778476 -0.766576 15.961113
v -16.272404 -0.556428 15.976732
v -0.591665 0.933771 8.653559
v -1.298001 0.811731 8.583329
v -1.900954 0.693170 8.592018
v -2.305449 0.637061 8.659492
v -2.607557 0.620992 8.732506
v -2.901191 0.636004 8.804437
v -3.279011 0.710491 8.869330
v -3.843861 0.860717 8.886889
v -4.571627 1.008842 8.825507
v -5.188905 1.074860 8.783710
v -5.713005 1.115389 8.779373
v -6.233405 1.167989 8.776879
v -6.754896 1.231259 8.772120
v -7.277589 1.310547 8.765164
v -7.799938 1.409661 8.759138
v -0.523140 0.932863 9.256825
v -1.189157 0.877944 9.185735
v -1.899056 0.756828 9.092282
v -2.358788 0.696769 9.075333
v -2.678701 0.684076 9.104572
v -2.976523 0.697888 9.164699
v -3.337100 0.761555 9.242177
v -3.847730 0.874163 9.310678
v -4.520895 0.991066 9.327066
v -5.165255 1.048029 9.309926
v -5.706261 1.063880 9.303179
v -6.226788 1.077768 9.301491
v -6.747682 1.102481 9.297890
v -7.269096 1.143937 9.292688
v -7.790854 1.203363 9.287622
v -0.514552 0.887383 9.811716
v -1.068859 0.890676 9.791018
v -1.783917 0.831018 9.656180
v -2.342013 0.766393 9.546258
v -2.720566 0.727464 9.521855
v -3.047949 0.738501 9.560168
v -3.418849 0.789507 9.640489
v -3.908719 0.868274 9.736312
v -4.528526 0.941252 9.803648
v -5.149989 0.971791 9.822253
v -5.700166 0.967666 9.821340
v -6.222839 0.953623 9.819529
v -6.743642 0.945549 9.815470
v -7.264843 0.950071 9.809752
v -7.785902 0.970979 9.803556
v -0.514138 0.824661 10.336682
v -1.031527 0.841685 10.334350
v -1.625528 0.876849 10.272224
v -2.246639 0.816257 10.125479
v -2.712759 0.705368 10.026792
v -3.100558 0.717013 10.037465
v -3.506129 0.764914 10.109711
v -3.996137 0.817055 10.210985
v -4.571865 0.845160 10.292651
v -5.151609 0.843347 10.325885
v -5.696099 0.824963 10.331828
v -6.219325 0.799318 10.330288
v -6.740768 0.773449 10.327711
v -7.262661 0.752254 10.323989
v -7.783353 0.740810 10.318399
v -0.519470 0.748081 10.854193
v -1.036266 0.776668 10.853241
v -1.559246 0.817881 10.843362
v -2.130351 0.765200 10.756829
v -2.651519 0.626520 10.636318
v -3.117187 0.592925 10.600904
v -3.572956 0.650639 10.658587
v -4.072980 0.689648 10.740589
v -4.615407 0.697416 10.804537
v -5.161020 0.673701 10.830784
v -5.694042 0.639540 10.836371
v -6.215987 0.604326 10.835045
v -6.738808 0.568059 10.833671
v -7.261965 0.532846 10.831067
v -7.783053 0.502469 10.825795
v -0.528242 0.712443 11.372683
v -1.047204 0.763241 11.371429
v -1.566361 0.757774 11.368859
v -2.083510 0.674790 11.339466
v -2.593131 0.516538 11.264237
v -3.102761 0.444747 11.218997
v -3.604367 0.443159 11.228688
v -4.114459 0.479288 11.279134
v -4.639331 0.492809 11.320799
v -5.168796 0.476792 11.340505
v -5.691658 0.431018 11.339549
v -6.214036 0.381360 11.336473
v -6.737758 0.333484 11.334483
v -7.261825 0.286798 11.331530
v -7.784226 0.242819 11.328658
v -0.541017 0.744118 11.900987
v -1.060069 0.697997 11.898589
v -1.574038 0.624259 11.886828
v -2.077956 0.513860 11.853064
v -2.587915 0.419032 11.827036
v -3.093573 0.298683 11.795276
v -3.607530 0.233810 11.778233
v -4.126708 0.215486 11.785057
v -4.647352 0.243975 11.821580
v -5.169549 0.244833 11.842621
v -5.692505 0.212752 11.847874
v -6.214720 0.151084 11.841799
v -6.738325 0.089686 11.836176
v -7.263113 0.030032 11.832684
v -7.787360 -0.027887 11.830830
v -0.549531 0.605013 12.416825
v -1.051700 0.474993 12.374249
v -1.554239 0.342019 12.343162
v -2.070598 0.271079 12.335744
v -2.590439 0.265594 12.345593
v -3.108531 0.211638 12.337568
v -3.612946 0.084432 12.313294
v -4.126480 -0.001994 12.296388
v -4.647866 -0.037938 12.299764
v -5.169350 -0.017333 12.333589
v -5.693793 -0.032205 12.351117
v -6.218014 -0.083152 12.350838
v -6.740821 -0.159662 12.340977
v -7.266349 -0.230256 12.337179
v -7.792632 -0.300604 12.335902
v -0.532371 0.315590 12.875114
v -1.044519 0.244930 12.864041
v -1.557793 0.181327 12.860003
v -2.076471 0.134018 12.857910
v -2.596181 0.095741 12.859379
v -3.117902 0.082834 12.867006
v -3.635530 0.004327 12.855698
v -4.135561 -0.145444 12.829961
v -4.646529 -0.258509 12.810928
v -5.169169 -0.300687 12.815186
v -5.694003 -0.299256 12.842680
v -6.220476 -0.332200 12.854539
v -6.744565 -0.407087 12.847581
v -7.270419 -0.490823 12.842073
v -7.798912 -0.567463 12.842459
v -0.542965 0.188900 13.399966
v -1.061382 0.205514 13.399672
v -1.580328 0.171625 13.398171
v -2.089172 0.059508 13.389657
v -2.603457 -0.031492 13.383341
v -3.124595 -0.073980 13.385695
v -3.646035 -0.122911 13.386294
v -4.160008 -0.228075 13.371840
v -4.655612 -0.398480 13.345715
v -5.169622 -0.509676 13.330495
v -5.693154 -0.564399 13.332160
v -6.219503 -0.598696 13.344419
v -6.746497 -0.655341 13.348879
v -7.273738 -0.740926 13.345672
v -7.804456 -0.818375 13.348625
v -0.557721 0.162394 13.934684
v -1.075063 0.144213 13.931472
v -1.592705 0.097002 13.928638
v -2.107375 0.008157 13.922000
v -2.611886 -0.131509 13.909019
v -3.128477 -0.219603 13.903020
v -3.649347 -0.279581 13.903090
v -4.169342 -0.348105 13.901679
v -4.683001 -0.458449 13.887570
v -5.180102 -0.633559 13.862888
v -5.695732 -0.747439 13.850190
v -6.219821 -0.818512 13.848462
v -6.746770 -0.882896 13.850787
v -7.276162 -0.961141 13.852239
v -7.808092 -1.040406 13.855431
v -0.568259 0.105487 14.464070
v -1.078614 0.022094 14.450271
v -1.595742 -0.019330 14.446466
v -2.111613 -0.095852 14.442221
v -2.624488 -0.197875 14.434469
v -3.132321 -0.328777 14.422977
v -3.645900 -0.435436 14.413197
v -4.162299 -0.528579 14.406085
v -4.686285 -0.579031 14.409530
v -5.200026 -0.695262 14.396080
v -5.705172 -0.851847 14.377298
v -6.224007 -0.959296 14.368859
v -6.749513 -1.043242 14.366187
v -7.278634 -1.128846 14.365645
v -7.810157 -1.214517 14.366522
v -0.572694 0.027319 14.985320
v -1.082002 -0.063361 14.972247
v -1.596402 -0.124198 14.964613
v -2.113453 -0.185712 14.960299
v -2.627360 -0.277627 14.953528
v -3.135099 -0.408052 14.943084
v -3.645103 -0.532273 14.932216
v -4.158706 -0.640932 14.922095
v -4.675385 -0.732882 14.914695
v -5.192587 -0.828248 14.907178
v -5.711280 -0.927425 14.898854
v -6.230669 -1.031413 14.891582
v -6.753911 -1.132409 14.886900
v -7.281521 -1.229912 14.884322
v -7.811800 -1.323602 14.883121
v -0.574394 -0.043363 15.504403
v -1.089562 -0.080186 15.495539
v -1.604591 -0.137320 15.486975
v -2.115987 -0.233794 15.479271
v -2.632827 -0.306542 15.473400
v -3.143912 -0.422344 15.463675
v -3.652737 -0.549027 15.452854
v -4.160390 -0.682236 15.442199
v -4.672228 -0.798827 15.433059
v -5.190165 -0.891439 15.424550
v -5.710503 -0.980189 15.417068
v -6.232657 -1.066924 15.410988
v -6.756509 -1.164829 15.406593
v -7.283507 -1.264866 15.403767
v -7.813202 -1.361766 15.402096
v -0.577893 -0.053564 16.024399
v -1.095624 -0.060008 16.014627
v -1.611629 -0.122004 16.006037
v -2.115527 -0.254514 15.998608
v -2.627174 -0.352617 15.990780
v -3.141496 -0.449011 15.982335
v -3.649452 -0.577883 15.971651
v -4.165415 -0.666558 15.961691
v -4.674371 -0.788677 15.952707
v -5.188909 -0.891753 15.944541
v -5.708110 -0.979855 15.937005
v -6.229167 -1.065496 15.930803
v -6.753042 -1.157167 15.926367
v -7.280581 -1.250469 15.923552
v -7.810972 -1.339399 15.921831
v 7.782217 0.960795 8.799187
v 7.266444 0.910053 8.798959
v 6.750414 0.848593 8.799829
v 6.230333 0.808912 8.795617
v 5.708756 0.798893 8.784520
v 5.189100 0.803832 8.776032
v 4.671175 0.846985 8.771657
v 4.151740 0.901802 8.772973
v 3.632288 0.958946 8.774413
v 3.112330 0.988888 8.776045
v 2.592562 0.988439 8.777424
v 2.073846 0.981614 8.778525
v 1.554146 0.986181 8.780039
v 1.026064 1.018414 8.772172
v 0.477265 1.023808 8.742609
v 7.778926 1.011407 9.316428
v 7.261189 0.994932 9.313353
v 6.743961 0.964060 9.309987
v 6.226124 0.933233 9.306327
v 5.707138 0.918786 9.301474
v 5.188133 0.922837 9.296607
v 4.669193 0.941485 9.294218
v 4.149992 0.971923 9.293745
v 3.631099 1.009220 9.293688
v 3.111384 1.033084 9.293803
v 2.592254 1.025172 9.295127
v 2.072235 1.007352 9.297374
v 1.554566 1.045646 9.295482
v 1.034238 1.067798 9.295671
v 0.508448 1.024214 9.290589
v 7.777441 0.974062 9.836259
v 7.259336 0.977792 9.833802
v 6.741300 0.977812 9.830215
v 6.223195 0.973164 9.825597
v 5.704863 0.968756 9.821067
v 5.186241 0.974803 9.817555
v 4.667420 0.989016 9.815276
v 4.148792 1.013429 9.813960
v 3.629844 1.037724 9.813389
v 3.110256 1.048127 9.813376
v 2.590394 1.033927 9.813744
v 2.071310 1.055646 9.813962
v 1.551550 1.081354 9.814259
v 1.031918 1.044692 9.815586
v 0.521180 0.950674 9.814162
v 7.776208 0.823096 10.362131
v 7.257121 0.846523 10.356904
v 6.739361 0.876919 10.351941
v 6.221053 0.903439 10.346183
v 5.702453 0.922896 10.340243
v 5.183696 0.945000 10.336367
v 4.665258 0.977410 10.334625
v 4.146547 1.004089 10.333758
v 3.627259 1.018841 10.333078
v 3.107437 1.011055 10.331343
v 2.588268 1.037401 10.332932
v 2.069639 1.068366 10.333982
v 1.547075 1.068151 10.333420
v 1.032496 0.985338 10.331608
v 0.522410 0.893126 10.330997
v 7.776086 0.555259 10.910972
v 7.258386 0.604691 10.909892
v 6.741199 0.651964 10.902415
v 6.225191 0.705716 10.887931
v 5.705085 0.766822 10.872598
v 5.182754 0.828167 10.860072
v 4.662538 0.886950 10.855226
v 4.142736 0.927751 10.853070
v 3.622961 0.950714 10.851398
v 3.103531 0.967678 10.851476
v 2.585333 0.996117 10.854230
v 2.064661 0.998353 10.852377
v 1.546001 0.988317 10.850356
v 1.023762 0.974929 10.851104
v 0.514941 0.862864 10.847512
v 7.764378 0.264559 11.430135
v 7.247796 0.299743 11.436249
v 6.738853 0.337036 11.431077
v 6.232317 0.405741 11.427318
v 5.722474 0.510425 11.423755
v 5.196244 0.605048 11.405512
v 4.663924 0.688143 11.384969
v 4.139003 0.762973 11.375913
v 3.616488 0.822065 11.372787
v 3.097584 0.870200 11.372930
v 2.576780 0.884289 11.369974
v 2.059582 0.845108 11.355686
v 1.538885 0.791769 11.337277
v 1.024328 0.871339 11.369124
v 0.503287 0.869423 11.370567
v 7.747940 0.011916 11.890943
v 7.232269 0.040680 11.892500
v 6.728987 0.089555 11.901299
v 6.234850 0.174948 11.920655
v 5.733373 0.258802 11.929011
v 5.210901 0.334204 11.920621
v 4.672693 0.399728 11.897321
v 4.136742 0.501059 11.892367
v 3.610137 0.620344 11.899527
v 3.089678 0.693104 11.895823
v 2.566553 0.722531 11.884218
v 2.048527 0.678676 11.859580
v 1.531335 0.613165 11.835815
v 1.007815 0.626289 11.840717
v 0.502954 0.745518 11.882948
v 7.743847 -0.194347 12.385962
v 7.226721 -0.158424 12.386433
v 6.719923 -0.118099 12.392915
v 6.223029 -0.070355 12.403693
v 5.723714 -0.021011 12.415767
v 5.207732 0.028192 12.419752
v 4.673489 0.123994 12.426321
v 4.142654 0.269548 12.442826
v 3.603625 0.366606 12.433150
v 3.079306 0.440912 12.416349
v 2.558875 0.533065 12.414173
v 2.035301 0.535764 12.387530
v 1.518514 0.502080 12.363321
v 1.000084 0.446661 12.344830
v 0.481772 0.490912 12.360470
v 7.734049 -0.331428 12.880724
v 7.214139 -0.312584 12.894340
v 6.707911 -0.294282 12.908143
v 6.202812 -0.283049 12.924438
v 5.696406 -0.271580 12.948771
v 5.183392 -0.237503 12.972430
v 4.669299 -0.150519 12.998611
v 4.145449 -0.025733 13.011067
v 3.599040 0.044536 12.968232
v 3.068980 0.146727 12.940449
v 2.555239 0.307238 12.950985
v 2.027411 0.358109 12.925286
v 1.510319 0.285454 12.871370
v 0.990976 0.308834 12.867603
v 0.487679 0.444412 12.897212
v 7.707464 -0.400303 13.355420
v 7.195049 -0.395956 13.382378
v 6.689037 -0.400036 13.406075
v 6.171884 -0.416823 13.431979
v 5.661198 -0.434924 13.459857
v 5.150220 -0.450206 13.483382
v 4.648696 -0.424783 13.501396
v 4.135456 -0.351728 13.510299
v 3.609396 -0.256655 13.494937
v 3.070157 -0.125350 13.477137
v 2.550127 0.056569 13.482955
v 2.022151 0.155564 13.463352
v 1.496237 0.134468 13.409044
v 0.979998 0.199885 13.404051
v 0.480058 0.344282 13.424071
v 7.656751 -0.462068 13.843973
v 7.151865 -0.458946 13.865527
v 6.655283 -0.451169 13.892206
v 6.139672 -0.466647 13.918529
v 5.625587 -0.519946 13.940184
v 5.116452 -0.577195 13.957712
v 4.619833 -0.597306 13.974241
v 4.118426 -0.573756 13.986904
v 3.600874 -0.491887 13.997686
v 3.073358 -0.334844 14.011460
v 2.538492 -0.195374 14.002853
v 2.003119 -0.113111 13.969182
v 1.481400 -0.014027 13.949334
v 0.988521 0.167118 13.955029
v 0.471273 0.232833 13.952325
v 7.598230 -0.543861 14.403763
v 7.100485 -0.512155 14.415915
v 6.611056 -0.491275 14.431081
v 6.110575 -0.497366 14.443925
v 5.602292 -0.556815 14.453436
v 5.090150 -0.635663 14.462072
v 4.588480 -0.687121 14.476345
v 4.087683 -0.696184 14.493813
v 3.570154 -0.650912 14.513629
v 3.046014 -0.543855 14.523480
v 2.515228 -0.409050 14.521255
v 1.988925 -0.275947 14.504932
v 1.483195 -0.102477 14.493237
v 0.980600 0.055581 14.486584
v 0.465172 0.129674 14.478045
v 7.541473 -0.652951 15.000785
v 7.054795 -0.577535 15.013254
v 6.570585 -0.527454 15.023478
v 6.088301 -0.517264 15.032051
v 5.591625 -0.558769 15.034152
v 5.078706 -0.641404 15.032050
v 4.566321 -0.719290 15.035039
v 4.056425 -0.752683 15.044662
v 3.541862 -0.730472 15.053808
v 3.022239 -0.650315 15.057697
v 2.499491 -0.520216 15.053636
v 1.988607 -0.351691 15.040521
v 1.482807 -0.172767 15.027046
v 0.971563 -0.037357 15.013172
v 0.459164 0.046518 15.002252
v 7.493000 -0.749739 15.539321
v 7.013459 -0.622607 15.555263
v 6.538777 -0.536465 15.569732
v 6.064213 -0.501988 15.582921
v 5.580751 -0.519919 15.592702
v 5.074219 -0.597853 15.596256
v 4.557464 -0.691192 15.597750
v 4.041544 -0.743571 15.596550
v 3.526251 -0.740374 15.594200
v 3.009414 -0.671990 15.588879
v 2.494585 -0.549193 15.578490
v 1.986490 -0.382881 15.565645
v 1.478127 -0.216684 15.551551
v 0.967717 -0.079123 15.537215
v 0.456910 0.012337 15.524848
v 7.468172 -0.795812 16.065975
v 6.991339 -0.624488 16.080618
v 6.520487 -0.496181 16.094402
v 6.049690 -0.427282 16.107059
v 5.570674 -0.425160 16.116699
v 5.069664 -0.498175 16.122408
v 4.552701 -0.592027 16.123156
v 4.035979 -0.658050 16.121775
v 3.520400 -0.670761 16.117258
v 3.004682 -0.624341 16.109867
v 2.488850 -0.528638 16.098900
v 1.979297 -0.384727 16.085190
v 1.475325 -0.220109 16.071148
v 0.968723 -0.074587 16.057024
v 0.455673 0.000737 16.044306
v 16.131931 0.403062 8.844024
v 15.611101 0.364624 8.841488
v 15.084844 0.383228 8.836204
v 14.554568 0.458449 8.829043
v 14.018837 0.576895 8.821519
v 13.410701 0.695852 8.815503
v 12.682655 0.719666 8.780383
v 12.133276 0.654859 8.743760
v 11.798468 0.615710 8.732377
v 11.508751 0.638908 8.737540
v 11.133246 0.741083 8.777239
v 10.553305 0.888679 8.807819
v 9.863317 0.988587 8.805589
v 9.334046 0.998601 8.803842
v 8.815648 1.014419 8.802237
v 16.126907 0.494514 9.336365
v 15.606507 0.452182 9.334172
v 15.081129 0.455697 9.330935
v 14.552017 0.508827 9.327380
v 14.016598 0.600035 9.324064
v 13.413541 0.691776 9.311081
v 12.722339 0.707689 9.268248
v 12.156843 0.647950 9.220905
v 11.794677 0.614305 9.213030
v 11.485533 0.630524 9.239045
v 11.107219 0.726714 9.292584
v 10.556595 0.877370 9.330068
v 9.874252 0.994505 9.327554
v 9.333365 1.010125 9.322304
v 8.814784 1.014678 9.320893
v 16.128704 0.506247 9.825778
v 15.608791 0.449631 9.823875
v 15.084307 0.431851 9.822644
v 14.556340 0.455983 9.822621
v 14.025288 0.516303 9.824086
v 13.440990 0.586977 9.810147
v 12.791026 0.615662 9.759205
v 12.185196 0.577096 9.692945
v 11.776423 0.552297 9.681612
v 11.438156 0.561616 9.725456
v 11.063388 0.631774 9.803170
v 10.558345 0.763683 9.861830
v 9.911839 0.898191 9.862518
v 9.332797 0.946225 9.843298
v 8.813908 0.956841 9.840045
v 16.137100 0.449682 10.314054
v 15.617628 0.376388 10.312509
v 15.093739 0.332709 10.313365
v 14.566537 0.325031 10.316915
v 14.037697 0.351871 10.323229
v 13.482627 0.400584 10.320050
v 12.881393 0.449303 10.280744
v 12.240063 0.457476 10.194194
v 11.749527 0.442484 10.163134
v 11.368795 0.446406 10.205356
v 10.990850 0.482050 10.291003
v 10.539472 0.560724 10.371943
v 9.963301 0.667719 10.404607
v 9.350705 0.750521 10.387113
v 8.816675 0.783811 10.377295
v 16.153162 0.339778 10.802043
v 15.634132 0.244106 10.800929
v 15.110428 0.174705 10.803798
v 14.583121 0.137690 10.810635
v 14.053613 0.135019 10.821072
v 13.519321 0.165862 10.831689
v 12.952803 0.221392 10.815871
v 12.332221 0.272644 10.747016
v 11.746100 0.285297 10.678628
v 11.298571 0.286256 10.692313
v 10.905200 0.297067 10.756740
v 10.478457 0.328574 10.835728
v 9.962499 0.387392 10.895953
v 9.375379 0.452874 10.918645
v 8.815084 0.499023 10.921129
v 16.174871 0.203758 11.291324
v 15.656237 0.088137 11.290368
v 15.132445 -0.007429 11.294558
v 14.604242 -0.069295 11.303617
v 14.072350 -0.093132 11.316180
v 13.538132 -0.078632 11.331090
v 12.994309 -0.032422 11.340808
v 12.412427 0.025804 11.330510
v 11.778016 0.058696 11.275195
v 11.259359 0.066549 11.244559
v 10.834348 0.072609 11.255843
v 10.403500 0.087586 11.299709
v 9.907470 0.115387 11.357853
v 9.351460 0.156555 11.401133
v 8.800703 0.190426 11.413131
v 16.199137 0.075534 11.782422
v 15.680670 -0.053999 11.781038
v 15.156069 -0.163178 11.785717
v 14.625799 -0.241794 11.795559
v 14.091149 -0.280551 11.809599
v 13.553237 -0.282253 11.826020
v 13.004808 -0.253637 11.845459
v 12.422174 -0.216248 11.869020
v 11.816889 -0.188912 11.860415
v 11.274737 -0.173902 11.818480
v 10.810987 -0.163742 11.795534
v 10.355816 -0.150432 11.807442
v 9.855119 -0.130184 11.846273
v 9.322006 -0.098247 11.881785
v 8.790655 -0.066297 11.889587
v 16.222153 -0.031980 12.275265
v 15.703669 -0.160176 12.273218
v 15.177979 -0.268753 12.277642
v 14.645880 -0.351580 12.287980
v 14.108485 -0.400819 12.302842
v 13.566799 -0.417449 12.320080
v 13.007013 -0.406628 12.337933
v 12.412739 -0.387216 12.350874
v 11.833418 -0.370447 12.352172
v 11.300179 -0.356375 12.323153
v 10.809222 -0.343683 12.297728
v 10.321351 -0.332841 12.301123
v 9.809378 -0.318155 12.334023
v 9.295537 -0.295613 12.361857
v 8.780305 -0.266365 12.375169
v 16.241928 -0.167240 12.771247
v 15.723167 -0.294160 12.768325
v 15.196457 -0.386518 12.772407
v 14.662785 -0.439064 12.782888
v 14.121966 -0.471739 12.797075
v 13.575666 -0.494056 12.813647
v 13.013723 -0.498883 12.828049
v 12.419599 -0.492584 12.823607
v 11.841521 -0.479654 12.800629
v 11.312580 -0.463373 12.774972
v 10.806100 -0.442786 12.760017
v 10.292845 -0.422609 12.769462
v 9.771839 -0.412422 12.796211
v 9.264801 -0.399563 12.820721
v 8.761084 -0.379828 12.840703
v 16.256786 -0.361392 13.272214
v 15.737460 -0.496608 13.268551
v 15.209803 -0.579762 13.272370
v 14.673753 -0.613673 13.281845
v 14.129056 -0.619431 13.294233
v 13.577298 -0.616105 13.309070
v 13.017935 -0.622212 13.324058
v 12.436745 -0.622588 13.320071
v 11.862037 -0.608093 13.292707
v 11.322254 -0.575631 13.264229
v 10.797374 -0.529920 13.249096
v 10.266859 -0.480506 13.253291
v 9.745765 -0.438185 13.264939
v 9.240038 -0.415053 13.278795
v 8.731274 -0.407930 13.302349
v 16.264921 -0.603981 13.780421
v 15.744713 -0.750647 13.776595
v 15.216041 -0.831019 13.780062
v 14.677238 -0.861551 13.787395
v 14.128444 -0.857151 13.797207
v 13.571281 -0.834698 13.809384
v 13.007408 -0.823814 13.823595
v 12.438465 -0.823174 13.835150
v 11.869587 -0.804413 13.832507
v 11.316766 -0.750446 13.825530
v 10.775715 -0.671473 13.820410
v 10.241318 -0.587500 13.811310
v 9.717956 -0.520013 13.799102
v 9.200159 -0.480024 13.796987
v 8.679742 -0.465151 13.807952
v 16.264933 -0.849252 14.297929
v 15.743600 -1.005440 14.294467
v 15.213776 -1.088725 14.297125
v 14.673252 -1.120742 14.302260
v 14.121346 -1.115883 14.309046
v 13.559153 -1.090327 14.317989
v 12.988870 -1.071758 14.329277
v 12.416173 -1.061929 14.343658
v 11.847725 -1.034021 14.360248
v 11.290645 -0.966612 14.375972
v 10.745721 -0.867400 14.385130
v 10.208346 -0.774871 14.390064
v 9.674647 -0.703294 14.389742
v 9.142320 -0.656339 14.388926
v 8.616921 -0.617176 14.389178
v 16.257137 -1.045309 14.824466
v 15.734668 -1.212965 14.821620
v 15.204317 -1.300017 14.823556
v 14.663342 -1.334227 14.826806
v 14.110464 -1.332226 14.830982
v 13.545686 -1.310987 14.836879
v 12.970825 -1.291111 14.845092
v 12.392325 -1.275718 14.856854
v 11.817447 -1.241724 14.871881
v 11.255020 -1.170472 14.889938
v 10.703777 -1.073061 14.908360
v 10.157005 -0.993733 14.925803
v 9.613546 -0.936590 14.942705
v 9.076888 -0.882914 14.960324
v 8.551517 -0.819998 14.974697
v 16.243881 -1.134090 15.357111
v 15.720486 -1.318656 15.354891
v 15.190210 -1.416953 15.356691
v 14.650241 -1.456677 15.358978
v 14.098616 -1.457303 15.361456
v 13.534511 -1.439582 15.365177
v 12.958890 -1.421735 15.370975
v 12.377826 -1.406567 15.380395
v 11.798423 -1.375333 15.393162
v 11.231299 -1.308065 15.408884
v 10.671716 -1.228514 15.426786
v 10.114734 -1.170208 15.445719
v 9.562099 -1.127244 15.464802
v 9.019636 -1.074057 15.484779
v 8.492534 -0.996549 15.503642
v 16.226986 -1.092062 15.893648
v 15.703429 -1.289040 15.891419
v 15.173829 -1.398192 15.893096
v 14.635921 -1.445172 15.895281
v 14.087331 -1.451525 15.897305
v 13.526689 -1.437889 15.900093
v 12.954204 -1.423760 15.904555
v 12.374904 -1.412772 15.912306
v 11.796420 -1.389848 15.923514
v 11.226495 -1.336640 15.936014
v 10.661920 -1.278876 15.951605
v 10.098220 -1.243909 15.969086
v 9.539789 -1.209780 15.989271
v 8.993782 -1.158003 16.010828
v 8.464897 -1.076081 16.031210
v 16.053984 0.340848 0.562163
v 15.535510 0.382762 0.559744
v 15.018542 0.484956 0.553230
v 14.502769 0.626054 0.543908
v 13.987618 0.775165 0.533723
v 13.472366 0.896997 0.525029
v 12.956548 0.973020 0.519478
v 12.439132 1.000344 0.517787
v 11.920728 1.001125 0.517721
v 11.402312 1.000762 0.517643
v 10.883893 0.999134 0.517528
v 10.365473 0.994913 0.517348
v 9.847057 0.986314 0.517060
v 9.328656 0.971082 0.516616
v 8.810281 0.946536 0.515956
v 16.073502 0.299893 1.052264
v 15.554213 0.331952 1.051232
v 15.034748 0.428199 1.048119
v 14.515129 0.567404 1.043866
v 13.995628 0.721594 1.039778
v 13.476436 0.858437 1.037157
v 12.957623 0.951387 1.036210
v 12.439136 0.993842 1.036134
v 11.920732 1.001133 1.036049
v 11.402319 1.000849 1.035972
v 10.883953 0.999667 1.035655
v 10.365583 0.996763 1.034706
v 9.847016 0.989342 1.034229
v 9.328549 0.975203 1.034448
v 8.810460 0.953154 1.033761
v 16.090324 0.190321 1.548465
v 15.570447 0.212860 1.548761
v 15.049009 0.306253 1.548667
v 14.526369 0.451314 1.548820
v 14.003139 0.621681 1.549603
v 13.479954 0.783870 1.551587
v 12.958258 0.907846 1.553999
v 12.439139 0.978845 1.554480
v 11.921202 1.001810 1.553623
v 11.404701 1.007649 1.548782
v 10.886859 1.013183 1.543300
v 10.367090 1.014091 1.540115
v 9.846475 1.008047 1.539966
v 9.326496 0.994433 1.541526
v 8.807730 0.971877 1.545351
v 16.105043 0.036948 2.053276
v 15.584848 0.047260 2.054778
v 15.061785 0.138573 2.056999
v 14.536410 0.294031 2.059990
v 14.009777 0.486508 2.063871
v 13.483577 0.682602 2.068216
v 12.959675 0.849886 2.071495
v 12.442597 0.961213 2.068333
v 11.930683 1.018144 2.056799
v 11.415345 1.041134 2.043885
v 10.894456 1.054709 2.034087
v 10.369446 1.058712 2.030246
v 9.843676 1.050835 2.033061
v 9.320545 1.031622 2.040574
v 8.801025 1.004916 2.049912
v 16.117800 -0.133320 2.566929
v 15.597412 -0.136507 2.569354
v 15.073152 -0.047940 2.572862
v 14.545798 0.117550 2.577168
v 14.016844 0.335428 2.581657
v 13.488221 0.569822 2.585879
v 12.967307 0.787256 2.584233
v 12.458119 0.955488 2.571509
v 11.949431 1.048951 2.553020
v 11.432168 1.095167 2.535568
v 10.905279 1.116873 2.523437
v 10.372066 1.124097 2.519415
v 9.838349 1.114353 2.523818
v 9.309428 1.089461 2.535722
v 8.788406 1.053532 2.551524
v 16.129984 -0.294921 3.088484
v 15.609527 -0.314953 3.091318
v 15.084452 -0.231276 3.094903
v 14.555718 -0.056268 3.098671
v 14.024662 0.185146 3.102179
v 13.496739 0.458749 3.103186
v 12.984304 0.730353 3.094551
v 12.480567 0.951636 3.076911
v 11.972619 1.084985 3.056144
v 11.451808 1.157007 3.037575
v 10.917449 1.188408 3.025094
v 10.374874 1.198772 3.020731
v 9.831326 1.187980 3.026438
v 9.295329 1.157390 3.039884
v 8.771049 1.113237 3.057967
v 16.142210 -0.429961 3.616193
v 15.621710 -0.466241 3.618753
v 15.095909 -0.389866 3.621564
v 14.565735 -0.209717 3.623977
v 14.032587 0.049397 3.625655
v 13.508809 0.356906 3.622679
v 13.004086 0.675878 3.610560
v 12.504107 0.940781 3.592827
v 11.995554 1.116650 3.573954
v 11.470827 1.214637 3.557767
v 10.929005 1.257787 3.547041
v 10.376722 1.272044 3.543430
v 9.823920 1.260303 3.548539
v 9.280672 1.224751 3.560791
v 8.752938 1.172560 3.577034
v 16.154579 -0.536494 4.149245
v 15.633693 -0.587130 4.150898
v 15.106879 -0.517889 4.152190
v 14.575247 -0.336810 4.152627
v 14.041006 -0.067613 4.151837
v 13.520794 0.265804 4.146354
v 13.020915 0.619589 4.135187
v 12.523137 0.922197 4.121360
v 12.013247 1.133127 4.109205
v 11.484952 1.255805 4.101902
v 10.938565 1.312023 4.093699
v 10.377998 1.331683 4.088592
v 9.817554 1.318767 4.092273
v 9.268698 1.277549 4.100563
v 8.738234 1.219282 4.110979
v 16.166157 -0.605002 4.686028
v 15.644884 -0.667329 4.686578
v 15.117105 -0.605609 4.686007
v 14.584036 -0.426714 4.683957
v 14.048450 -0.152434 4.680087
v 13.528954 0.192158 4.673783
v 13.030456 0.561869 4.666293
v 12.529443 0.890069 4.662900
v 12.004166 1.119318 4.685427
v 11.484333 1.251387 4.703018
v 10.952394 1.323308 4.688351
v 10.386584 1.357072 4.661944
v 9.814167 1.349073 4.652730
v 9.262489 1.302971 4.654501
v 8.731075 1.239282 4.656246
v 16.175409 -0.623532 5.224075
v 15.653781 -0.694520 5.223447
v 15.125164 -0.640501 5.220787
v 14.590917 -0.468144 5.216004
v 14.053725 -0.199083 5.209076
v 13.531817 0.142735 5.202155
v 13.030804 0.514869 5.198807
v 12.487991 0.841506 5.229067
v 11.944153 1.056389 5.299772
v 11.467531 1.178844 5.334836
v 10.984337 1.262100 5.308459
v 10.420569 1.323425 5.251127
v 9.820652 1.337788 5.219253
v 9.263930 1.293577 5.211690
v 8.733700 1.227705 5.203653
v 16.181038 -0.587948 5.760674
v 15.659154 -0.664561 5.758915
v 15.129848 -0.618517 5.754068
v 14.594745 -0.456528 5.746446
v 14.056028 -0.198953 5.736295
v 13.530067 0.128928 5.728024
v 13.013647 0.487656 5.730207
v 12.394230 0.782238 5.793598
v 11.862316 0.957793 5.881001
v 11.452521 1.062060 5.904345
v 11.026530 1.152902 5.868022
v 10.472306 1.242647 5.806948
v 9.836022 1.289957 5.771985
v 9.272626 1.253245 5.759618
v 8.744992 1.189287 5.743607
v 16.181950 -0.499412 6.292937
v 15.659979 -0.577177 6.290196
v 15.130363 -0.537283 6.283309
v 14.594977 -0.386418 6.273015
v 14.055861 -0.146277 6.259902
v 13.524545 0.157922 6.249567
v 12.964998 0.484928 6.262956
v 12.279339 0.719899 6.351351
v 11.803671 0.845925 6.415179
v 11.457117 0.934759 6.414404
v 11.071667 1.032658 6.370439
v 10.513716 1.151187 6.316308
v 9.846172 1.224394 6.301920
v 9.286391 1.194138 6.290093
v 8.762507 1.135059 6.269284
v 16.177748 -0.358269 6.818192
v 15.655902 -0.433201 6.814723
v 15.126453 -0.400039 6.806258
v 14.591285 -0.263166 6.794167
v 14.052478 -0.041239 6.779636
v 13.514537 0.233469 6.767065
v 12.878284 0.506813 6.797866
v 12.187194 0.664468 6.875654
v 11.777911 0.748767 6.902652
v 11.474685 0.821642 6.885442
v 11.114982 0.921968 6.851298
v 10.538904 1.067156 6.817020
v 9.846916 1.155277 6.815132
v 9.302046 1.130111 6.801561
v 8.782398 1.075900 6.779319
v 16.168535 -0.175299 7.335118
v 15.646809 -0.241419 7.331538
v 15.117720 -0.210021 7.322772
v 14.583268 -0.086029 7.310198
v 14.045827 0.110518 7.295207
v 13.491162 0.346563 7.283653
v 12.779159 0.549317 7.312553
v 12.132831 0.628553 7.359726
v 11.774577 0.675431 7.362027
v 11.494918 0.733690 7.339558
v 11.146160 0.835070 7.326145
v 10.548412 0.997488 7.320599
v 9.852748 1.085187 7.310299
v 9.317567 1.061427 7.296369
v 8.802050 1.005120 7.275882
v 16.156387 0.031928 7.843778
v 15.634923 -0.021922 7.840449
v 15.106639 0.007303 7.832223
v 14.573253 0.115941 7.820481
v 14.037025 0.286890 7.806807
v 13.456567 0.483395 7.799673
v 12.702576 0.605656 7.803145
v 12.111425 0.619426 7.816435
v 11.780753 0.627905 7.806760
v 11.508875 0.674008 7.788496
v 11.158215 0.776844 7.795495
v 10.550911 0.940690 7.806208
v 9.859399 1.020234 7.795805
v 9.329596 0.995348 7.784917
v 8.813317 0.969061 7.773925
v 15.386415 0.764549 -7.792109
v 14.921896 1.184553 -7.762775
v 14.424395 1.691665 -7.743932
v 13.870271 2.287242 -7.726435
v 13.213979 2.878508 -7.713697
v 12.518761 3.316229 -7.739283
v 11.969891 3.779513 -7.724434
v 11.525550 4.280124 -7.697032
v 11.141692 4.775334 -7.691369
v 10.852032 5.290012 -7.743860
v 10.485929 5.721248 -7.756414
v 10.004891 5.993987 -7.741227
v 9.482599 6.071675 -7.783866
v 8.987457 6.062386 -7.918011
v 8.465250 6.118805 -7.921265
v 15.434067 0.712192 -7.296072
v 14.977926 1.120016 -7.261235
v 14.479427 1.608411 -7.240012
v 13.882227 2.157078 -7.226787
v 13.169965 2.674501 -7.232852
v 12.538131 3.207255 -7.214596
v 12.084451 3.774039 -7.195431
v 11.745012 4.349654 -7.226525
v 11.433475 4.898815 -7.255270
v 11.022417 5.331805 -7.228537
v 10.504104 5.586065 -7.208143
v 9.969573 5.642020 -7.309627
v 9.485538 5.583157 -7.547546
v 8.965095 5.670805 -7.547943
v 8.508116 5.908036 -7.428857
v 15.498131 0.638793 -6.793375
v 15.050887 1.025248 -6.753150
v 14.552315 1.485334 -6.730013
v 13.948339 1.992769 -6.721127
v 13.278149 2.557793 -6.708447
v 12.743035 3.197120 -6.707709
v 12.403780 3.842065 -6.754235
v 12.021540 4.396069 -6.750212
v 11.565721 4.841275 -6.708790
v 11.013710 5.093417 -6.707090
v 10.462237 5.165778 -6.839392
v 9.983381 5.118873 -7.115005
v 9.441311 5.192590 -7.153856
v 9.013916 5.450151 -7.042455
v 8.551862 5.675918 -6.929987
v 15.579015 0.537636 -6.282953
v 15.139439 0.899440 -6.240071
v 14.653568 1.335027 -6.214325
v 14.091513 1.855223 -6.200682
v 13.536097 2.502429 -6.202754
v 13.080831 3.191569 -6.233928
v 12.642068 3.782451 -6.225671
v 12.139257 4.240357 -6.191584
v 11.558221 4.516605 -6.213844
v 10.984931 4.626978 -6.367335
v 10.486280 4.618639 -6.648742
v 9.937384 4.693277 -6.725037
v 9.474974 4.940143 -6.636976
v 9.101870 5.289558 -6.504514
v 8.580929 5.398775 -6.425060
v 15.667981 0.412417 -5.765888
v 15.237877 0.750436 -5.718729
v 14.776414 1.172667 -5.688245
v 14.287015 1.716503 -5.672316
v 13.792841 2.370297 -5.675559
v 13.291448 3.018743 -5.675129
v 12.746149 3.527178 -5.668693
v 12.146005 3.847975 -5.708181
v 11.548486 4.012412 -5.869297
v 11.013420 4.057625 -6.137831
v 10.453133 4.157487 -6.240177
v 9.968499 4.419300 -6.178383
v 9.623391 4.811081 -6.064194
v 9.152111 5.032358 -5.957487
v 8.618680 5.017705 -5.955403
v 15.766186 0.260218 -5.230742
v 15.334770 0.583153 -5.186913
v 14.913757 1.003726 -5.150301
v 14.455826 1.524426 -5.128776
v 13.950826 2.111717 -5.119414
v 13.383699 2.673219 -5.129323
v 12.768287 3.087261 -5.183893
v 12.153650 3.315778 -5.334601
v 11.579008 3.428565 -5.564015
v 11.003037 3.573949 -5.678491
v 10.500323 3.861657 -5.652872
v 10.147180 4.273415 -5.569775
v 9.704235 4.557829 -5.471351
v 9.182687 4.650518 -5.431514
v 8.669647 4.558988 -5.498235
v 15.841918 0.079773 -4.692711
v 15.420446 0.394357 -4.645912
v 14.997125 0.790628 -4.606267
v 14.530162 1.246915 -4.586473
v 13.997894 1.741560 -4.595043
v 13.405793 2.209630 -4.647731
v 12.782577 2.550809 -4.767080
v 12.183599 2.751381 -4.930742
v 11.599635 2.948471 -5.035803
v 11.102949 3.269397 -5.069226
v 10.714141 3.685198 -5.032608
v 10.268451 4.009524 -4.959014
v 9.757051 4.177007 -4.915963
v 9.232791 4.181149 -4.982684
v 8.737478 4.045928 -5.150724
v 15.843938 -0.205819 -4.168421
v 15.420603 0.156920 -4.118673
v 14.981349 0.504418 -4.095276
v 14.509830 0.910430 -4.083811
v 13.976495 1.330700 -4.112139
v 13.406481 1.739506 -4.170908
v 12.813388 2.067294 -4.268830
v 12.236286 2.324354 -4.351645
v 11.716329 2.642881 -4.378035
v 11.309744 3.043113 -4.386315
v 10.895558 3.383147 -4.425587
v 10.464892 3.528821 -4.611095
v 9.856661 3.657237 -9.470007
v 9.274538 3.839199 -9.784183
v 8.588065 3.668694 -10.038524
v 15.880802 -0.301121 -3.600378
v 15.350407 -0.120905 -3.619343
v 14.960381 0.277709 -3.567288
v 14.472172 0.622015 -3.577694
v 13.967906 1.013684 -3.591638
v 13.422787 1.390647 -3.634361
v 12.877398 1.733585 -3.683590
v 12.354900 2.051638 -3.714670
v 11.886666 2.361167 -3.724354
v 11.475493 2.613575 -3.794736
v 11.160934 2.750175 -4.069390
v 10.875162 2.632468 -4.596776
v 10.206252 2.386239 -9.433801
v 9.517109 2.117400 -9.609927
v 8.678345 1.882881 -9.673385
v 15.903728 -0.337765 -3.041434
v 15.397470 -0.222483 -3.042207
v 14.880375 0.048819 -3.064417
v 14.460358 0.438839 -3.045511
v 13.953963 0.782424 -3.068832
v 13.445769 1.139165 -3.090221
v 12.925827 1.463177 -3.116460
v 12.418880 1.749138 -3.126579
v 11.953299 1.969994 -3.142072
v 11.570386 2.028948 -3.279063
v 11.321218 1.849857 -3.615610
v 11.136655 1.357638 -4.101424
v 10.172101 1.426262 -8.603749
v 9.434621 1.300209 -8.597282
v 8.632765 1.271268 -8.597767
v 15.924575 -0.309629 -2.489177
v 15.415599 -0.211190 -2.492368
v 14.916551 -0.022127 -2.502703
v 14.405603 0.289752 -2.531682
v 13.953281 0.645464 -2.540150
v 13.447938 0.956986 -2.565788
v 12.947187 1.242588 -2.579715
v 12.442296 1.480997 -2.581133
v 11.942189 1.666886 -2.571562
v 11.514699 1.691239 -2.640117
v 11.143444 1.527081 -2.846296
v 10.751032 1.122249 -3.075999
v 10.118637 0.525571 -3.151233
v 9.578248 0.266443 -3.159029
v 8.747024 0.473854 -3.189379
v 15.944518 -0.215639 -1.949119
v 15.433416 -0.129337 -1.954183
v 14.931334 0.038959 -1.967690
v 14.434789 0.262776 -1.987583
v 13.922673 0.558186 -2.025044
v 13.451978 0.853141 -2.043529
v 12.949845 1.092770 -2.062035
v 12.450076 1.284766 -2.061096
v 11.939928 1.432236 -2.045765
v 11.428053 1.539281 -2.030501
v 10.953959 1.500616 -2.046881
v 10.498511 1.236027 -2.127864
v 9.933598 0.966907 -2.247931
v 9.402894 0.628705 -2.303082
v 8.724535 0.527104 -2.320265
v 15.965280 -0.076204 -1.424108
v 15.452325 0.000470 -1.430290
v 14.947108 0.151381 -1.445344
v 14.446947 0.349916 -1.466807
v 13.948442 0.564236 -1.491760
v 13.436789 0.795293 -1.530491
v 12.951950 1.004782 -1.545658
v 12.446835 1.154121 -1.551047
v 11.936799 1.263163 -1.539772
v 11.419802 1.351072 -1.523790
v 10.903848 1.405674 -1.509890
v 10.425627 1.309511 -1.495619
v 9.987932 0.904269 -1.440933
v 9.375029 0.820615 -1.532370
v 8.758054 0.779521 -1.578479
v 15.987232 0.082148 -0.913890
v 15.472631 0.149795 -0.919979
v 14.964194 0.284409 -0.934676
v 14.460244 0.459916 -0.955704
v 13.958104 0.646147 -0.979784
v 13.454805 0.811466 -1.003435
v 12.942933 0.942483 -1.033464
v 12.441308 1.050615 -1.040053
v 11.927999 1.126720 -1.036106
v 11.412395 1.188446 -1.026403
v 10.894054 1.234548 -1.019136
v 10.381947 1.257140 -1.005975
v 9.897532 1.144189 -0.939726
v 9.349406 0.995531 -0.872027
v 8.792820 1.000095 -0.932584
v 16.009703 0.218151 -0.416104
v 15.493683 0.277097 -0.421229
v 14.982409 0.398938 -0.433844
v 14.474490 0.558941 -0.452041
v 13.968183 0.724998 -0.473194
v 13.461448 0.865954 -0.493731
v 12.951741 0.956939 -0.509518
v 12.436747 0.993045 -0.522837
v 11.921583 1.012975 -0.526607
v 11.404696 1.040944 -0.526271
v 10.888321 1.079031 -0.521870
v 10.370572 1.101145 -0.518738
v 9.855945 1.099069 -0.507028
v 9.334034 1.085147 -0.500104
v 8.816124 1.080553 -0.513522
vn 0.1201 0.8109 0.5728
vn 0.0015 0.6951 0.7189
vn -0.3543 0.7945 0.4931
vn -0.6529 0.7170 0.2443
vn -0.6220 0.7819 -0.0421
vn -0.4547 0.8725 -0.1788
vn -0.1399 0.9877 0.0696
vn 0.1069 0.9502 0.2927
vn 0.0125 0.9043 0.4268
vn -0.1853 0.9494 0.2536
vn -0.4403 0.8955 0.0647
vn -0.1735 0.9820 -0.0742
vn 0.0684 0.9959 0.0586
vn 0.0672 0.9861 0.1522
vn -0.0537 0.8008 0.5965
vn 0.2725 0.7640 0.5848
vn -0.0942 0.7827 0.6152
vn -0.3602 0.7790 0.5132
vn -0.4731 0.7988 0.3717
vn -0.6614 0.7348 0.1505
vn -0.3712 0.9222 -0.1087
vn -0.0598 0.9890 0.1352
vn 0.2341 0.9172 0.3225
vn 0.0520 0.8861 0.4606
vn -0.2594 0.9408 0.2179
vn -0.3423 0.9395 0.0144
vn -0.0570 0.9978 0.0342
vn 0.2041 0.9769 0.0634
vn -0.0944 0.7750 0.6249
vn 0.2957 0.7697 0.5659
vn 0.0143 0.8189 0.5737
vn -0.2007 0.7920 0.5766
vn -0.2110 0.7123 0.6695
vn -0.3262 0.7356 0.5937
vn -0.5871 0.7442 0.3187
vn -0.2844 0.9565 0.0654
vn 0.0525 0.9616 0.2693
vn 0.3695 0.8566 0.3601
vn 0.0105 0.9115 0.4112
vn -0.3472 0.9211 0.1760
vn -0.1000 0.9928 -0.0660
vn 0.1250 0.9918 0.0274
vn -0.0786 0.7645 0.6398
vn 0.3391 0.7744 0.5342
vn 0.0187 0.8037 0.5947
vn -0.3230 0.7399 0.5901
vn -0.1331 0.7771 0.6152
vn 0.0271 0.6807 0.7320
vn -0.1935 0.6257 0.7557
vn -0.4864 0.7503 0.4477
vn -0.0815 0.9775 0.1947
vn 0.3073 0.9268 0.2157
vn 0.3135 0.8608 0.4010
vn 0.0059 0.9332 0.3593
vn -0.1955 0.9587 0.2064
vn -0.0404 0.9979 0.0514
vn -0.0083 0.7768 0.6297
vn 0.3187 0.7986 0.5106
vn 0.0040 0.7849 0.6197
vn -0.3247 0.7265 0.6056
vn -0.3306 0.7576 0.5629
vn -0.0521 0.7510 0.6583
vn 0.2759 0.6609 0.6979
vn -0.0520 0.6005 0.7980
vn 0.1012 0.7865 0.6093
vn 0.1078 0.8623 0.4948
vn 0.1651 0.8766 0.4521
vn 0.2035 0.7998 0.5647
vn 0.0467 0.8262 0.5614
vn 0.0409 0.8906 0.4529
vn 0.1060 0.7808 0.6157
vn 0.2146 0.8292 0.5162
vn -0.0134 0.7802 0.6253
vn -0.2477 0.7113 0.6578
vn -0.4204 0.6910 0.5880
vn -0.2034 0.7995 0.5652
vn 0.1036 0.7304 0.6751
vn 0.3549 0.5876 0.7272
vn 0.0782 0.5288 0.8451
vn 0.1496 0.6414 0.7525
vn 0.0033 0.6889 0.7249
vn 0.0819 0.6332 0.7696
vn 0.2785 0.5539 0.7846
vn 0.1518 0.6200 0.7698
vn 0.3277 0.1139 0.9379
vn 0.2168 0.1425 0.9658
vn 0.0773 0.2131 0.9740
vn -0.0385 0.3138 0.9487
vn -0.2579 0.5982 0.7587
vn -0.3740 0.7238 0.5798
vn -0.1242 0.8082 0.5756
vn 0.1418 0.7281 0.6707
vn 0.3339 0.5908 0.7345
vn 0.1318 0.5115 0.8491
vn 0.0824 0.5117 0.8552
vn 0.0983 0.5585 0.8236
vn 0.0566 0.5774 0.8145
vn 0.1561 0.4708 0.8683
vn 0.2789 0.2886 0.9159
vn 0.2237 0.3008 0.9271
vn 0.2121 0.3019 0.9295
vn 0.7427 0.1161 0.6594
vn 0.1656 0.4185 0.8930
vn -0.2693 0.6689 0.6929
vn -0.3000 0.7648 0.5702
vn -0.0868 0.8266 0.5561
vn 0.1020 0.7749 0.6238
vn 0.1271 0.7017 0.7010
vn 0.0954 0.6738 0.7327
vn 0.1105 0.6691 0.7349
vn 0.0652 0.6590 0.7494
vn 0.0573 0.6372 0.7686
vn 0.1964 0.6688 0.7170
vn 0.0764 0.6279 0.7745
vn -0.0718 0.6544 0.7528
vn 0.6864 0.6887 0.2335
vn 0.5317 0.7728 0.3465
vn -0.0604 0.7548 0.6531
vn -0.0715 0.7527 0.6545
vn -0.1989 0.8043 0.5599
vn -0.0544 0.8628 0.5025
vn 0.0592 0.8382 0.5422
vn 0.0933 0.7971 0.5966
vn 0.0775 0.7714 0.6316
vn 0.0181 0.7519 0.6590
vn 0.0248 0.7603 0.6491
vn 0.0402 0.7599 0.6488
vn 0.1377 0.7898 0.5977
vn 0.6029 0.6982 0.3861
vn 0.6477 0.6912 0.3207
vn 0.2058 0.7800 0.5910
vn 0.0596 0.7323 0.6784
vn 0.0540 0.7800 0.6235
vn -0.0146 0.8188 0.5740
vn -0.0543 0.8519 0.5209
vn -0.0284 0.8761 0.4813
vn 0.0330 0.8680 0.4954
vn 0.0221 0.8370 0.5468
vn 0.0400 0.8212 0.5693
vn 0.0631 0.7966 0.6012
vn 0.1882 0.9746 0.1217
vn 0.3401 0.9366 0.0842
vn 0.5308 0.8465 0.0414
vn 0.2805 0.9072 0.3134
vn 0.0133 0.7823 0.6227
vn 0.0596 0.7639 0.6426
vn 0.1734 0.7810 0.6000
vn 0.1380 0.8338 0.5346
vn 0.0332 0.8870 0.4605
vn -0.0509 0.9130 0.4048
vn -0.0380 0.9106 0.4115
vn -0.0088 0.9031 0.4293
vn -0.0046 0.8803 0.4744
vn 0.0158 0.8546 0.5190
vn 0.1561 0.8683 -0.4709
vn 0.2974 0.8522 -0.4306
vn 0.1581 0.9743 -0.1605
vn -0.1926 0.9359 0.2950
vn -0.0881 0.8831 0.4608
vn 0.0871 0.8604 0.5021
vn 0.1698 0.8488 0.5007
vn 0.2148 0.8543 0.4733
vn 0.1663 0.8868 0.4311
vn 0.0491 0.9346 0.3522
vn -0.0676 0.9579 0.2790
vn -0.1233 0.9489 0.2907
vn -0.0554 0.9308 0.3614
vn -0.0408 0.8994 0.4351
vn -0.0134 0.9439 -0.3300
vn -0.1198 0.9813 -0.1505
vn -0.2349 0.9693 0.0725
vn -0.3247 0.9253 0.1960
vn -0.1812 0.9617 0.2057
vn -0.0034 0.9682 0.2500
vn 0.1461 0.9386 0.3126
vn 0.2031 0.9174 0.3422
vn 0.2322 0.9147 0.3307
vn 0.1668 0.9389 0.3009
vn -0.0112 0.9702 0.2422
vn -0.1659 0.9643 0.2062
vn -0.2136 0.9430 0.2552
vn -0.0997 0.9255 0.3653
vn -0.1431 0.9621 0.2321
vn -0.1776 0.9523 0.2483
vn -0.2390 0.9467 0.2160
vn -0.3033 0.9474 0.1019
vn -0.2221 0.9750 -0.0078
vn -0.1284 0.9917 -0.0119
vn 0.0054 0.9986 0.0519
vn 0.1482 0.9790 0.1401
vn 0.2209 0.9547 0.1991
vn 0.1744 0.9568 0.2328
vn 0.0422 0.9623 0.2686
vn -0.1609 0.9576 0.2390
vn -0.2635 0.9367 0.2305
vn -0.1650 0.9412 0.2949
vn -0.2023 0.8534 0.4805
vn -0.0730 0.7978 0.5984
vn -0.3458 0.8295 0.4385
vn -0.4840 0.8601 0.1609
vn -0.5637 0.8237 0.0620
vn -0.6913 0.7009 0.1758
vn -0.4774 0.8727 0.1026
vn -0.1216 0.9864 0.1104
vn 0.1048 0.9862 0.1278
vn -0.0530 0.9899 0.1312
vn -0.2574 0.9629 0.0811
vn -0.4351 0.9000 0.0263
vn -0.1170 0.9927 0.0291
vn 0.1070 0.9921 0.0653
vn -0.0508 0.9936 0.1012
vn -0.1287 0.9916 0.0152
vn -0.1270 0.9907 0.0492
vn -0.0775 0.9898 0.1193
vn 0.0227 0.9886 0.1488
vn 0.1492 0.9886 0.0212
vn 0.0945 0.9245 0.3694
vn 0.1236 0.6385 0.7596
vn 0.1084 0.4343 0.8942
vn 0.0733 0.6177 0.7830
vn 0.0555 0.7727 0.6323
vn 0.0849 0.7693 0.6332
vn 0.0410 0.8236 0.5657
vn 0.0057 0.8687 0.4953
vn -0.0267 0.8969 0.4415
vn -0.0831 0.9170 0.3901
vn -0.1440 0.9325 0.3312
vn -0.2964 0.9190 0.2599
vn -0.2822 0.9283 0.2420
vn -0.1161 0.9486 0.2944
vn 0.0576 0.9578 0.2814
vn 0.1739 0.9638 0.2019
vn 0.1568 0.9798 0.1242
vn 0.0571 0.9975 0.0411
vn -0.0850 0.9941 -0.0672
vn -0.1789 0.9751 -0.1308
vn -0.2059 0.9737 -0.0972
vn -0.0860 0.9958 0.0309
vn -0.0731 0.9806 0.1817
vn -0.1719 0.9661 0.1928
vn -0.1406 0.9708 0.1942
vn -0.1280 0.9683 0.2143
vn -0.1298 0.9864 0.1012
vn 0.0426 0.9104 -0.4115
vn 0.1137 0.9279 -0.3551
vn 0.0148 0.9900 0.1400
vn 0.6868 0.7239 0.0648
vn 0.9725 0.2169 0.0851
vn 0.9901 -0.1069 0.0909
vn 0.1659 -0.9793 0.1155
vn -0.1941 0.6444 0.7397
vn -0.3762 0.6011 0.7052
vn -0.5154 0.5374 0.6675
vn -0.5568 0.5996 0.5749
vn -0.5687 0.6802 0.4625
vn -0.3406 0.8306 0.4405
vn 0.1195 0.9928 0.0109
vn 0.2197 0.9756 0.0039
vn 0.1498 0.9885 -0.0186
vn 0.1338 0.9907 -0.0257
vn 0.1272 0.9914 -0.0294
vn 0.1384 0.9897 -0.0353
vn 0.1666 0.9845 -0.0558
vn 0.2114 0.9715 -0.1074
vn 0.1266 0.9860 -0.1082
vn 0.1414 0.9870 -0.0770
vn 0.2279 0.9679 -0.1060
vn 0.3166 0.9324 -0.1743
vn 0.4160 0.8942 -0.1657
vn 0.4628 0.8767 -0.1313
vn 0.1155 0.9933 0.0024
vn 0.2166 0.9759 -0.0276
vn 0.1646 0.9863 -0.0133
vn 0.1495 0.9885 -0.0235
vn 0.1509 0.9878 -0.0374
vn 0.1710 0.9833 -0.0625
vn 0.2009 0.9746 -0.0989
vn 0.1495 0.9810 -0.1239
vn 0.1330 0.9899 -0.0500
vn 0.1685 0.9837 -0.0630
vn 0.2422 0.9646 -0.1044
vn 0.3176 0.9402 -0.1227
vn 0.3973 0.9037 -0.1593
vn 0.3970 0.9008 -0.1761
vn 0.1448 0.9895 -0.0006
vn 0.2073 0.9782 -0.0117
vn 0.1662 0.9861 0.0077
vn 0.1635 0.9864 0.0152
vn 0.1782 0.9840 0.0035
vn 0.2158 0.9761 -0.0237
vn 0.2267 0.9717 -0.0667
vn 0.2082 0.9739 -0.0905
vn 0.2064 0.9657 -0.1574
vn 0.1978 0.9470 -0.2533
vn 0.2343 0.9255 -0.2976
vn 0.3415 0.8946 -0.2882
vn 0.4086 0.8931 -0.1882
vn 0.2675 0.9632 -0.0255
vn 0.1639 0.9850 0.0537
vn 0.1914 0.9799 0.0565
vn 0.1637 0.9823 0.0913
vn 0.1687 0.9812 0.0934
vn 0.1832 0.9801 0.0766
vn 0.2206 0.9745 0.0408
vn 0.2336 0.9723 0.0123
vn 0.2156 0.9765 0.0073
vn 0.2121 0.9771 -0.0194
vn 0.2015 0.9791 -0.0288
vn 0.2362 0.9709 -0.0382
vn 0.2023 0.9793 0.0073
vn 0.1627 0.9806 0.1098
vn 0.1424 0.9584 0.2474
vn 0.1793 0.9322 0.3143
vn 0.1604 0.9377 0.3082
vn 0.1705 0.9464 0.2743
vn 0.1951 0.9506 0.2413
vn 0.2284 0.9494 0.2154
vn 0.2602 0.9467 0.1900
vn 0.2578 0.9481 0.1861
vn 0.2544 0.9482 0.1902
vn 0.2333 0.9502 0.2068
vn 0.2087 0.9455 0.2499
vn 0.1849 0.9410 0.2835
vn 0.1308 0.9426 0.3072
vn 0.0992 0.9304 0.3528
vn 0.1741 0.9052 0.3877
vn 0.1700 0.6348 0.7538
vn 0.1805 0.6328 0.7530
vn 0.1823 0.6409 0.7457
vn 0.1934 0.6648 0.7216
vn 0.2302 0.6884 0.6879
vn 0.2531 0.6996 0.6682
vn 0.2636 0.7003 0.6634
vn 0.2591 0.6953 0.6704
vn 0.2235 0.7042 0.6739
vn 0.1833 0.7564 0.6279
vn 0.1399 0.8241 0.5490
vn 0.0974 0.8720 0.4797
vn 0.1415 0.9039 0.4036
vn 0.2674 0.9028 0.3368
vn 0.1389 0.3890 0.9107
vn 0.1560 0.3902 0.9074
vn 0.1807 0.3916 0.9022
vn 0.1829 0.3949 0.9003
vn 0.2221 0.3827 0.8968
vn 0.2013 0.4064 0.8912
vn 0.2252 0.4060 0.8857
vn 0.2085 0.4319 0.8775
vn 0.2224 0.4578 0.8608
vn 0.2158 0.5489 0.8076
vn 0.1802 0.7737 0.6074
vn 0.1633 0.8789 0.4481
vn 0.2003 0.9119 0.3581
vn 0.3449 0.8937 0.2869
vn 0.1608 0.5698 0.8059
vn 0.1939 0.5323 0.8241
vn 0.2128 0.5012 0.8388
vn 0.2063 0.4889 0.8476
vn 0.2464 0.4577 0.8543
vn 0.2149 0.4453 0.8692
vn 0.2332 0.4326 0.8709
vn 0.3184 0.3969 0.8608
vn 0.4206 0.4193 0.8045
vn 0.3780 0.5889 0.7143
vn 0.2925 0.7749 0.5603
vn 0.2788 0.8658 0.4156
vn 0.2533 0.9021 0.3494
vn 0.4076 0.8753 0.2602
vn 0.0927 0.7594 0.6440
vn 0.1422 0.7198 0.6795
vn 0.1891 0.6778 0.7105
vn 0.1928 0.6458 0.7387
vn 0.2283 0.6285 0.7435
vn 0.2398 0.5987 0.7642
vn 0.2771 0.5680 0.7750
vn 0.4162 0.5095 0.7531
vn 0.5218 0.4862 0.7010
vn 0.6024 0.4978 0.6240
vn 0.4723 0.6891 0.5496
vn 0.3328 0.8319 0.4440
vn 0.3088 0.8831 0.3532
vn 0.4640 0.8528 0.2396
vn 0.0344 0.8128 0.5815
vn 0.0765 0.8420 0.5340
vn 0.1172 0.8106 0.5737
vn 0.1963 0.7401 0.6432
vn 0.1839 0.7048 0.6851
vn 0.2335 0.6806 0.6944
vn 0.3143 0.6526 0.6894
vn 0.4506 0.5847 0.6746
vn 0.5709 0.5220 0.6337
vn 0.6827 0.4828 0.5485
vn 0.5458 0.6436 0.5366
vn 0.4011 0.7876 0.4678
vn 0.3591 0.8652 0.3500
vn 0.5203 0.8236 0.2256
vn 0.1201 0.7553 0.6443
vn 0.0337 0.7858 0.6175
vn 0.0205 0.8703 0.4920
vn 0.1134 0.8739 0.4727
vn 0.1866 0.8070 0.5602
vn 0.2573 0.7673 0.5874
vn 0.3225 0.7104 0.6256
vn 0.4642 0.6605 0.5901
vn 0.6076 0.5671 0.5560
vn 0.7243 0.5037 0.4709
vn 0.6132 0.5932 0.5217
vn 0.4780 0.7449 0.4656
vn 0.4186 0.8419 0.3406
vn 0.5707 0.8021 0.1759
vn 0.1397 0.8105 0.5688
vn 0.1933 0.7799 0.5953
vn 0.0735 0.8078 0.5848
vn 0.0198 0.8645 0.5023
vn 0.1623 0.8507 0.4999
vn 0.2244 0.8410 0.4923
vn 0.3745 0.8040 0.4619
vn 0.4895 0.7143 0.5001
vn 0.6192 0.6384 0.4571
vn 0.7220 0.5419 0.4301
vn 0.6823 0.5335 0.4999
vn 0.5595 0.7124 0.4236
vn 0.4802 0.8203 0.3108
vn 0.6135 0.7787 0.1313
vn 0.1056 0.8520 0.5127
vn 0.1937 0.8145 0.5469
vn 0.1612 0.7901 0.5914
vn 0.0455 0.8236 0.5653
vn 0.1767 0.8491 0.4978
vn 0.2634 0.8576 0.4417
vn 0.3382 0.8628 0.3758
vn 0.5119 0.7869 0.3447
vn 0.6218 0.6845 0.3804
vn 0.7207 0.5899 0.3642
vn 0.7466 0.5337 0.3973
vn 0.6284 0.6744 0.3877
vn 0.5452 0.7911 0.2776
vn 0.6443 0.7606 0.0793
vn 0.0652 0.8654 0.4968
vn 0.1373 0.8484 0.5112
vn 0.1854 0.8310 0.5245
vn 0.1326 0.8385 0.5285
vn 0.3050 0.8433 0.4425
vn 0.3775 0.8477 0.3727
vn 0.3628 0.8763 0.3169
vn 0.4833 0.8313 0.2746
vn 0.6133 0.7447 0.2631
vn 0.7156 0.6362 0.2885
vn 0.7690 0.5529 0.3208
vn 0.6922 0.6252 0.3605
vn 0.6127 0.7598 0.2177
vn 0.6628 0.7482 0.0304
vn -0.0014 1.0000 0.0095
vn 0.1046 0.9943 0.0192
vn 0.1602 0.9871 0.0022
vn 0.1390 0.9902 -0.0161
vn 0.1283 0.9915 -0.0212
vn 0.1234 0.9920 -0.0262
vn 0.1242 0.9917 -0.0330
vn 0.1270 0.9910 -0.0411
vn 0.1948 0.9785 -0.0673
vn 0.1525 0.9797 -0.1300
vn 0.1251 0.9850 -0.1188
vn 0.1787 0.9649 -0.1926
vn 0.3066 0.9256 -0.2218
vn 0.4379 0.8711 -0.2222
vn 0.4847 0.8562 -0.1788
vn 0.4985 0.8547 -0.1450
vn 0.4984 0.8571 -0.1304
vn 0.3165 0.9444 -0.0891
vn 0.1870 0.9743 0.1255
vn 0.1974 0.9143 0.3537
vn 0.3028 0.8975 0.3206
vn 0.3907 0.8898 0.2356
vn 0.4471 0.8737 0.1916
vn 0.4867 0.8578 0.1651
vn 0.5151 0.8453 0.1422
vn 0.5295 0.8397 0.1201
vn 0.5304 0.8414 0.1033
vn 0.5162 0.8519 0.0883
vn 0.4856 0.8694 0.0912
vn 0.4462 0.8906 0.0880
vn 0.4359 0.8827 0.1758
vn 0.6477 0.7594 0.0626
vn 0.6633 0.7242 0.1884
vn 0.7474 0.6297 0.2115
vn 0.7988 0.5473 0.2499
vn 0.7043 0.6695 0.2363
vn 0.5786 0.7967 0.1743
vn 0.4855 0.8560 0.1777
vn 0.3969 0.8769 0.2713
vn 0.4146 0.8572 0.3054
vn 0.3628 0.8593 0.3604
vn 0.2277 0.8735 0.4304
vn 0.1815 0.8684 0.4615
vn 0.1179 0.8717 0.4757
vn 0.0450 0.8884 0.4568
vn -0.0442 0.9132 0.4050
vn 0.0056 0.8909 0.4543
vn 0.0225 0.8676 0.4967
vn 0.0693 0.8469 0.5272
vn 0.1377 0.7892 0.5986
vn 0.0220 0.7571 0.6529
vn 0.0635 0.7842 0.6172
vn 0.1069 0.6019 0.7914
vn 0.1519 0.4060 0.9011
vn 0.1810 0.6321 0.7534
vn 0.1454 0.9289 0.3405
vn 0.0878 0.9931 0.0772
vn 0.0235 0.9988 0.0424
vn -0.0283 0.9985 0.0463
vn -0.0220 0.9997 0.0121
vn -0.1024 0.9939 -0.0407
vn -0.0660 0.9944 -0.0831
vn 0.0169 0.9861 -0.1654
vn 0.0660 0.9854 -0.1572
vn 0.0037 0.9891 -0.1473
vn -0.1226 0.9699 -0.2104
vn -0.2379 0.9294 -0.2821
vn -0.1956 0.9309 -0.3086
vn -0.1916 0.9468 -0.2585
vn -0.0746 0.9794 -0.1877
vn -0.0027 0.9974 -0.0719
vn -0.1286 0.9911 0.0345
vn -0.2247 0.9668 0.1219
vn -0.3444 0.9315 0.1175
vn -0.0598 0.9965 -0.0584
vn -0.0276 0.9945 -0.1009
vn 0.0113 0.9903 -0.1388
vn 0.0658 0.9889 -0.1329
vn 0.0902 0.9868 -0.1344
vn 0.0161 0.9776 -0.2098
vn -0.1310 0.9441 -0.3025
vn -0.2568 0.8997 -0.3529
vn -0.2659 0.8973 -0.3524
vn -0.2313 0.9221 -0.3103
vn -0.1599 0.9649 -0.2085
vn -0.1110 0.9864 -0.1216
vn -0.2005 0.9773 -0.0680
vn -0.3404 0.9399 -0.0275
vn -0.0598 0.9959 -0.0674
vn -0.0126 0.9967 -0.0804
vn -0.0005 0.9954 -0.0954
vn 0.0659 0.9943 -0.0835
vn 0.1280 0.9890 -0.0747
vn 0.1298 0.9847 -0.1163
vn -0.0027 0.9754 -0.2204
vn -0.1853 0.9317 -0.3124
vn -0.3086 0.8803 -0.3603
vn -0.3476 0.8680 -0.3546
vn -0.2823 0.9030 -0.3238
vn -0.1676 0.9531 -0.2520
vn -0.2583 0.9503 -0.1737
vn -0.2651 0.9606 -0.0829
vn -0.0468 0.9958 -0.0785
vn -0.0126 0.9976 -0.0675
vn -0.0248 0.9987 -0.0452
vn 0.0575 0.9981 -0.0209
vn 0.1282 0.9913 0.0287
vn 0.1995 0.9785 0.0526
vn 0.1291 0.9914 -0.0216
vn -0.1009 0.9848 -0.1412
vn -0.2943 0.9302 -0.2191
vn -0.3595 0.9009 -0.2431
vn -0.3400 0.9028 -0.2634
vn -0.2780 0.9325 -0.2307
vn -0.2588 0.9509 -0.1696
vn -0.2914 0.9501 -0.1112
vn -0.0576 0.9957 -0.0721
vn -0.0351 0.9977 -0.0578
vn -0.0890 0.9958 -0.0200
vn 0.0080 0.9990 0.0448
vn 0.1036 0.9846 0.1407
vn 0.2418 0.9490 0.2024
vn 0.2287 0.9605 0.1583
vn 0.0393 0.9975 0.0595
vn -0.2076 0.9741 -0.0890
vn -0.3353 0.9209 -0.1991
vn -0.3504 0.9215 -0.1674
vn -0.3329 0.9370 -0.1063
vn -0.3244 0.9423 -0.0823
vn -0.2959 0.9542 -0.0438
vn -0.0718 0.9955 -0.0622
vn -0.0734 0.9968 -0.0311
vn -0.1665 0.9859 0.0163
vn -0.1286 0.9872 0.0948
vn -0.0332 0.9902 0.1360
vn 0.2969 0.9352 0.1929
vn 0.2655 0.9544 0.1367
vn 0.1790 0.9785 0.1024
vn -0.1147 0.9932 -0.0220
vn -0.3748 0.9211 -0.1053
vn -0.3958 0.9133 -0.0966
vn -0.3339 0.9426 -0.0006
vn -0.3389 0.9401 0.0366
vn -0.3537 0.9349 0.0288
vn -0.1033 0.9938 -0.0406
vn -0.1219 0.9925 -0.0086
vn -0.1867 0.9822 0.0226
vn -0.1109 0.9929 0.0433
vn 0.0296 0.9993 0.0243
vn 0.3005 0.9531 -0.0358
vn 0.2674 0.9619 0.0570
vn 0.1529 0.9838 0.0936
vn -0.0706 0.9892 0.1281
vn -0.3395 0.9362 0.0907
vn -0.4282 0.9035 0.0166
vn -0.3710 0.9285 -0.0180
vn -0.3436 0.9391 0.0045
vn -0.3504 0.9360 0.0328
vn -0.1362 0.9907 -0.0009
vn -0.1779 0.9838 0.0221
vn -0.1596 0.9861 0.0461
vn -0.1215 0.9924 0.0187
vn -0.0297 0.9991 0.0297
vn 0.1166 0.9892 0.0884
vn 0.1866 0.9653 0.1825
vn 0.1731 0.9586 0.2260
vn 0.0297 0.9783 0.2053
vn -0.2351 0.9648 0.1177
vn -0.3068 0.9517 0.0058
vn -0.4020 0.9074 -0.1221
vn -0.3908 0.9149 -0.1012
vn -0.3646 0.9305 -0.0346
vn -0.1902 0.9810 0.0394
vn -0.2243 0.9721 0.0684
vn -0.1596 0.9804 0.1155
vn -0.1218 0.9798 0.1589
vn -0.0419 0.9780 0.2044
vn 0.0725 0.9739 0.2150
vn 0.1542 0.9544 0.2556
vn 0.2371 0.9293 0.2831
vn 0.1461 0.9646 0.2194
vn -0.0255 0.9941 0.1051
vn -0.2459 0.9662 -0.0780
vn -0.3988 0.9129 -0.0867
vn -0.4400 0.8932 -0.0922
vn -0.4015 0.9010 -0.1643
vn -0.2352 0.9688 0.0777
vn -0.2810 0.9520 0.1214
vn -0.2011 0.9628 0.1804
vn -0.1646 0.9484 0.2709
vn 0.0002 0.9291 0.3698
vn 0.1528 0.9331 0.3255
vn 0.2216 0.9447 0.2416
vn 0.2019 0.9638 0.1741
vn 0.2632 0.9411 0.2121
vn 0.1005 0.9904 0.0951
vn -0.1197 0.9924 -0.0269
vn -0.3406 0.9319 -0.1245
vn -0.3033 0.9345 -0.1865
vn -0.3705 0.8954 -0.2471
vn -0.2532 0.9619 0.1031
vn -0.2861 0.9506 0.1207
vn -0.2883 0.9492 0.1260
vn -0.2679 0.9465 0.1800
vn -0.0000 0.9606 0.2779
vn 0.2553 0.9148 0.3130
vn 0.2967 0.9321 0.2076
vn 0.2483 0.9597 0.1312
vn 0.2148 0.9730 0.0839
vn 0.1002 0.9854 0.1374
vn 0.0168 0.9994 0.0308
vn -0.1717 0.9799 -0.1019
vn -0.2706 0.9212 -0.2797
vn -0.2768 0.9138 -0.2973
vn -0.2077 0.9743 0.0871
vn -0.2670 0.9628 0.0412
vn -0.3389 0.9406 0.0217
vn -0.3529 0.9353 0.0249
vn -0.0550 0.9980 0.0304
vn 0.2967 0.9430 0.1507
vn 0.3664 0.9239 0.1104
vn 0.2487 0.9678 0.0378
vn 0.2139 0.9764 -0.0286
vn 0.2047 0.9783 -0.0323
vn 0.0168 0.9958 0.0900
vn -0.0140 0.9947 0.1023
vn -0.1187 0.9898 -0.0790
vn -0.2758 0.9203 -0.2774
vn -0.1616 0.9866 0.0209
vn -0.2411 0.9702 -0.0240
vn -0.3025 0.9519 -0.0486
vn -0.3135 0.9457 -0.0854
vn -0.2340 0.9640 -0.1259
vn 0.2959 0.9533 -0.0602
vn 0.3657 0.9298 -0.0422
vn 0.3077 0.9490 -0.0694
vn 0.2169 0.9746 -0.0561
vn 0.0859 0.9963 0.0090
vn 0.0039 0.9998 0.0177
vn 0.1199 0.9913 -0.0535
vn -0.1269 0.9751 -0.1820
vn -0.2559 0.9553 -0.1482
vn -0.1252 0.9913 -0.0418
vn -0.2135 0.9739 -0.0765
vn -0.2592 0.9604 -0.1026
vn -0.2453 0.9584 -0.1461
vn -0.2144 0.9529 -0.2146
vn 0.2725 0.9362 -0.2220
vn 0.3790 0.9023 -0.2054
vn 0.2925 0.9474 -0.1301
vn 0.1535 0.9851 -0.0779
vn 0.0754 0.9923 -0.0979
vn 0.0744 0.9822 -0.1725
vn 0.0031 0.9840 -0.1779
vn -0.1669 0.9846 -0.0517
vn -0.1777 0.9841 -0.0075
vn -0.1101 0.9938 0.0164
vn -0.1420 0.9898 0.0094
vn -0.1495 0.9887 0.0118
vn 0.0215 0.9997 -0.0123
vn 0.0432 0.9972 -0.0613
vn -0.1057 0.9876 -0.1157
vn -0.2159 0.9609 -0.1731
vn -0.1798 0.9693 -0.1674
vn -0.0643 0.9930 -0.0994
vn 0.0070 0.9995 -0.0316
vn 0.0581 0.9954 0.0760
vn 0.0723 0.9896 0.1244
vn -0.1002 0.9756 0.1954
vn -0.2636 0.9355 0.2352
vn -0.3258 0.9200 0.2179
vn -0.2726 0.9272 0.2570
vn -0.2997 0.9413 0.1555
vn -0.3542 0.9351 -0.0029
vn -0.4113 0.8998 -0.1458
vn -0.3161 0.9460 -0.0719
vn -0.3080 0.9512 0.0198
vn -0.3077 0.9509 0.0321
vn -0.3470 0.9374 0.0298
vn -0.3230 0.9463 -0.0124
vn -0.3838 0.9012 -0.2014
vn -0.3984 0.8663 -0.3014
vn -0.3300 0.8852 -0.3278
vn -0.3066 0.9106 -0.2773
vn -0.2995 0.9366 -0.1817
vn -0.1685 0.9779 -0.1236
vn -0.0157 0.9780 -0.2078
vn -0.0477 0.9967 -0.0650
vn -0.0415 0.9952 0.0883
vn -0.0957 0.9953 -0.0112
vn 0.0811 0.9935 -0.0796
vn 0.1489 0.9774 -0.1500
vn 0.1698 0.9691 -0.1789
vn 0.2355 0.9444 -0.2294
vn 0.2943 0.8964 -0.3316
vn 0.2469 0.8728 -0.4210
vn -0.0435 0.9563 -0.2890
vn -0.1197 0.9788 -0.1662
vn -0.1932 0.9763 -0.0971
vn -0.1824 0.9810 -0.0655
vn -0.1316 0.9886 -0.0730
vn -0.0537 0.9953 -0.0806
vn -0.0473 0.9989 0.0063
vn -0.0974 0.9917 0.0837
vn -0.1617 0.9791 0.1232
vn -0.1980 0.9752 0.0990
vn -0.1939 0.9784 0.0720
vn -0.1878 0.9817 0.0305
vn -0.1603 0.9869 -0.0189
vn -0.1319 0.9888 -0.0692
vn -0.0917 0.9905 -0.1024
vn -0.0659 0.9930 -0.0977
vn -0.0650 0.9947 -0.0794
vn -0.0657 0.9956 -0.0666
vn -0.0657 0.9971 -0.0389
vn -0.0852 0.9961 -0.0224
vn 0.0056 0.9804 0.1972
vn 0.1512 0.9688 0.1963
vn 0.2496 0.9463 0.2054
vn 0.3366 0.9221 0.1911
vn 0.4095 0.8956 0.1741
vn 0.4780 0.8678 0.1356
vn 0.5650 0.8203 0.0888
vn 0.4468 0.8917 0.0725
vn 0.5652 0.8235 0.0482
vn 0.6766 0.7346 0.0506
vn 0.7579 0.6450 0.0978
vn 0.8059 0.5783 0.1269
vn 0.7535 0.6526 0.0801
vn 0.6268 0.7733 0.0953
vn 0.0106 0.9981 0.0614
vn 0.1435 0.9874 0.0660
vn 0.2613 0.9620 0.0791
vn 0.3514 0.9321 0.0873
vn 0.4434 0.8930 0.0773
vn 0.5172 0.8530 0.0702
vn 0.5748 0.8158 0.0643
vn 0.4665 0.8815 0.0730
vn 0.5626 0.8265 0.0191
vn 0.6695 0.7415 0.0438
vn 0.7611 0.6466 0.0522
vn 0.7983 0.6006 0.0444
vn 0.7588 0.6432 0.1026
vn 0.6225 0.7725 0.1256
vn -0.0049 0.9985 -0.0546
vn 0.1037 0.9937 -0.0428
vn 0.2509 0.9679 -0.0133
vn 0.3589 0.9334 0.0035
vn 0.4483 0.8938 0.0067
vn 0.5213 0.8534 -0.0014
vn 0.5660 0.8244 0.0071
vn 0.5100 0.8602 0.0076
vn 0.5447 0.8365 -0.0595
vn 0.6285 0.7777 -0.0115
vn 0.7553 0.6523 0.0632
vn 0.7969 0.6004 0.0668
vn 0.7521 0.6541 0.0803
vn 0.6188 0.7713 0.1494
vn -0.0484 0.9941 -0.0976
vn 0.0828 0.9938 -0.0741
vn 0.1832 0.9810 -0.0641
vn 0.3537 0.9351 -0.0242
vn 0.4859 0.8740 -0.0025
vn 0.5238 0.8511 -0.0359
vn 0.5601 0.8270 -0.0490
vn 0.5824 0.8117 -0.0441
vn 0.5007 0.8625 -0.0737
vn 0.5805 0.8120 -0.0607
vn 0.7124 0.7016 0.0139
vn 0.7936 0.5996 0.1033
vn 0.7440 0.6577 0.1182
vn 0.6191 0.7672 0.1676
vn -0.0910 0.9902 -0.1063
vn 0.0565 0.9947 -0.0858
vn 0.1367 0.9878 -0.0742
vn 0.2418 0.9694 -0.0428
vn 0.5021 0.8647 0.0133
vn 0.5885 0.8084 -0.0086
vn 0.5554 0.8269 -0.0878
vn 0.5657 0.8204 -0.0834
vn 0.5326 0.8441 -0.0614
vn 0.5197 0.8479 -0.1051
vn 0.6601 0.7508 -0.0238
vn 0.7810 0.6217 0.0593
vn 0.7272 0.6764 0.1172
vn 0.6249 0.7576 0.1886
vn -0.0075 0.9980 0.0628
vn 0.0931 0.9953 -0.0269
vn 0.1083 0.9917 -0.0691
vn 0.2082 0.9763 -0.0590
vn 0.4800 0.8758 -0.0515
vn 0.5891 0.8076 -0.0281
vn 0.5705 0.8208 -0.0281
vn 0.5595 0.8275 -0.0474
vn 0.5578 0.8291 -0.0382
vn 0.5086 0.8581 -0.0711
vn 0.6009 0.7970 -0.0617
vn 0.7378 0.6746 0.0227
vn 0.7214 0.6805 0.1285
vn 0.6119 0.7719 0.1727
vn -0.0103 0.9999 -0.0075
vn 0.1060 0.9944 -0.0030
vn 0.1322 0.9910 -0.0192
vn 0.2423 0.9679 -0.0673
vn 0.4218 0.8977 -0.1274
vn 0.5307 0.8457 -0.0560
vn 0.5617 0.8270 0.0221
vn 0.5774 0.8159 0.0314
vn 0.5659 0.8244 0.0042
vn 0.5460 0.8378 -0.0071
vn 0.5541 0.8300 -0.0635
vn 0.6635 0.7481 -0.0064
vn 0.6967 0.7052 0.1315
vn 0.5910 0.7787 0.2106
vn -0.0277 0.9968 -0.0756
vn 0.1018 0.9909 -0.0881
vn 0.1262 0.9894 -0.0714
vn 0.2812 0.9559 -0.0847
vn 0.4075 0.9016 -0.1451
vn 0.4808 0.8675 -0.1277
vn 0.5378 0.8406 -0.0643
vn 0.5470 0.8366 -0.0296
vn 0.5301 0.8478 0.0156
vn 0.5460 0.8354 0.0631
vn 0.5512 0.8323 0.0581
vn 0.5967 0.8010 0.0488
vn 0.6257 0.7658 0.1489
vn 0.5482 0.7858 0.2865
vn -0.0322 0.9816 -0.1881
vn 0.0765 0.9834 -0.1644
vn 0.1462 0.9805 -0.1312
vn 0.3224 0.9321 -0.1650
vn 0.3792 0.9004 -0.2132
vn 0.4112 0.8950 -0.1727
vn 0.4930 0.8659 -0.0852
vn 0.4994 0.8659 -0.0277
vn 0.4718 0.8810 0.0358
vn 0.5003 0.8592 0.1074
vn 0.5413 0.8255 0.1599
vn 0.5448 0.8230 0.1608
vn 0.5235 0.8215 0.2261
vn 0.5314 0.7713 0.3502
vn -0.0725 0.9556 -0.2856
vn 0.0302 0.9727 -0.2300
vn 0.1424 0.9718 -0.1881
vn 0.3634 0.9155 -0.1726
vn 0.3862 0.8957 -0.2202
vn 0.3359 0.9146 -0.2250
vn 0.3852 0.9135 -0.1309
vn 0.4191 0.9079 -0.0028
vn 0.4275 0.8991 0.0943
vn 0.4431 0.8850 0.1427
vn 0.4937 0.8455 0.2037
vn 0.5245 0.8128 0.2536
vn 0.5207 0.8120 0.2636
vn 0.4997 0.8249 0.2641
vn -0.1454 0.9349 -0.3237
vn -0.0283 0.9587 -0.2831
vn 0.1136 0.9594 -0.2582
vn 0.3033 0.9186 -0.2533
vn 0.3615 0.9112 -0.1975
vn 0.3352 0.9279 -0.1629
vn 0.3253 0.9312 -0.1644
vn 0.3188 0.9428 -0.0976
vn 0.3241 0.9458 0.0178
vn 0.3743 0.9171 0.1376
vn 0.4366 0.8744 0.2116
vn 0.4727 0.8377 0.2734
vn 0.4869 0.8090 0.3292
vn 0.4650 0.8090 0.3596
vn -0.1801 0.9409 -0.2867
vn -0.0492 0.9607 -0.2732
vn 0.1215 0.9651 -0.2319
vn 0.3060 0.9309 -0.1995
vn 0.3231 0.9308 -0.1711
vn 0.2868 0.9503 -0.1210
vn 0.2219 0.9737 -0.0512
vn 0.2767 0.9589 0.0632
vn 0.2856 0.9526 0.1052
vn 0.3042 0.9420 0.1418
vn 0.3654 0.9062 0.2130
vn 0.4081 0.8667 0.2870
vn 0.4306 0.8306 0.3530
vn 0.4257 0.8064 0.4105
vn -0.1749 0.9522 -0.2505
vn -0.0761 0.9574 -0.2787
vn 0.1061 0.9682 -0.2267
vn 0.2782 0.9515 -0.1310
vn 0.3433 0.9356 -0.0825
vn 0.3217 0.9408 -0.1067
vn 0.1772 0.9766 -0.1220
vn 0.1641 0.9846 -0.0605
vn 0.2125 0.9753 0.0596
vn 0.2460 0.9595 0.1372
vn 0.2989 0.9341 0.1951
vn 0.3414 0.9023 0.2632
vn 0.3594 0.8710 0.3349
vn 0.3662 0.8353 0.4100
vn -0.1484 0.9172 -0.3697
vn -0.1124 0.9313 -0.3466
vn 0.0234 0.9696 -0.2437
vn 0.2333 0.9684 -0.0883
vn 0.3453 0.9385 0.0030
vn 0.3142 0.9481 0.0492
vn 0.2490 0.9675 0.0445
vn 0.1645 0.9836 -0.0741
vn 0.1100 0.9912 -0.0731
vn 0.1413 0.9894 0.0332
vn 0.2158 0.9662 0.1409
vn 0.2748 0.9347 0.2255
vn 0.3169 0.9022 0.2927
vn 0.3210 0.8836 0.3408
vn -0.1040 0.9393 0.3269
vn 0.0133 0.9289 0.3702
vn 0.1267 0.9194 0.3723
vn 0.2137 0.9149 0.3426
vn 0.2983 0.9045 0.3047
vn 0.3723 0.8896 0.2646
vn 0.4218 0.8784 0.2250
vn 0.4741 0.8659 0.1592
vn 0.4886 0.8716 0.0384
vn 0.5819 0.8075 0.0969
vn 0.6983 0.7059 0.1187
vn 0.7675 0.6240 0.1469
vn 0.7540 0.5802 0.3080
vn 0.7177 0.6563 0.2326
vn 0.6421 0.7635 0.0694
vn 0.4479 0.8812 0.1515
vn 0.4652 0.8680 0.1738
vn 0.4833 0.8590 0.1689
vn 0.5021 0.8445 0.1865
vn 0.5195 0.8322 0.1937
vn 0.5223 0.8279 0.2045
vn 0.5149 0.8252 0.2321
vn 0.5140 0.8188 0.2557
vn 0.5226 0.7862 0.3300
vn 0.5051 0.7845 0.3598
vn 0.4407 0.8295 0.3431
vn 0.4226 0.8193 0.3874
vn 0.3948 0.8034 0.4456
vn 0.3558 0.8080 0.4696
vn 0.2859 0.8700 0.4017
vn 0.2430 0.8829 0.4017
vn 0.2654 0.8991 0.3481
vn 0.2315 0.9355 0.2668
vn 0.1809 0.9680 0.1742
vn 0.1403 0.9851 0.0990
vn 0.1363 0.9860 0.0955
vn 0.1070 0.9897 0.0947
vn 0.1696 0.9783 0.1191
vn 0.2785 0.9462 0.1650
vn 0.2878 0.9469 0.1434
vn 0.2893 0.9566 0.0359
vn 0.1241 0.9829 -0.1359
vn -0.1003 0.9589 -0.2655
vn -0.1771 0.9308 -0.3196
vn -0.1789 0.9253 -0.3344
vn -0.1033 0.9400 -0.3250
vn -0.1284 0.9486 -0.2894
vn -0.2449 0.9472 -0.2069
vn -0.2676 0.9241 -0.2730
vn -0.2623 0.9015 -0.3443
vn -0.2015 0.9166 -0.3453
vn -0.1988 0.9644 -0.1741
vn -0.2666 0.9637 0.0161
vn -0.2720 0.9623 0.0001
vn -0.2671 0.9610 0.0722
vn -0.2500 0.9682 -0.0077
vn -0.3343 0.9267 -0.1718
vn -0.2195 0.9714 -0.0909
vn -0.1669 0.9842 0.0586
vn -0.1600 0.9696 0.1850
vn -0.2853 0.9330 0.2193
vn -0.1942 0.9577 0.2125
vn -0.1127 0.9756 0.1885
vn -0.0481 0.9917 0.1189
vn 0.1607 0.9570 -0.2413
vn 0.1590 0.9188 -0.3613
vn 0.0120 0.9275 -0.3735
vn -0.0693 0.8862 -0.4581
vn -0.1504 0.8439 -0.5150
vn -0.2126 0.8129 -0.5422
vn -0.1867 0.8050 -0.5631
vn -0.1733 0.7997 -0.5749
vn -0.1207 0.8177 -0.5628
vn -0.0452 0.8345 -0.5491
vn -0.2802 0.9546 0.1013
vn -0.1682 0.9832 0.0710
vn -0.0390 0.9981 -0.0484
vn 0.3284 0.8299 -0.4510
vn 0.2719 0.8298 -0.4874
vn 0.1547 0.8556 -0.4939
vn 0.0970 0.8424 -0.5300
vn -0.0035 0.8324 -0.5541
vn -0.1131 0.7842 -0.6101
vn -0.0619 0.7140 -0.6974
vn -0.1271 0.6187 -0.7752
vn -0.2111 0.5699 -0.7941
vn -0.1555 0.6152 -0.7729
vn -0.0444 0.6530 -0.7561
vn -0.2473 0.9689 -0.0083
vn -0.0404 0.9884 -0.1462
vn 0.4335 0.7339 -0.5229
vn 0.3569 0.7998 -0.4826
vn 0.2554 0.7988 -0.5447
vn 0.1789 0.7820 -0.5970
vn 0.1126 0.7796 -0.6161
vn 0.0676 0.7813 -0.6204
vn 0.0059 0.7805 -0.6251
vn -0.0635 0.7504 -0.6579
vn -0.1314 0.6886 -0.7131
vn -0.0693 0.6200 -0.7815
vn -0.1512 0.5225 -0.8391
vn -0.0424 0.5033 -0.8631
vn -0.0902 0.9848 -0.1484
vn 0.4542 0.7382 -0.4988
vn 0.3768 0.8281 -0.4150
vn 0.4040 0.7706 -0.4929
vn 0.3041 0.7744 -0.5548
vn 0.1853 0.7449 -0.6409
vn 0.0994 0.7118 -0.6953
vn 0.0595 0.7065 -0.7052
vn 0.0535 0.7268 -0.6848
vn 0.0384 0.7468 -0.6640
vn -0.0041 0.7398 -0.6728
vn -0.0709 0.7028 -0.7078
vn -0.1090 0.6495 -0.7525
vn -0.1202 0.6079 -0.7848
vn 0.3873 0.8192 -0.4229
vn 0.3465 0.8671 -0.3580
vn 0.4734 0.7856 -0.3984
vn 0.4559 0.7893 -0.4113
vn 0.3938 0.7721 -0.4988
vn 0.2544 0.7424 -0.6198
vn 0.1001 0.6767 -0.7294
vn 0.0018 0.6208 -0.7839
vn -0.0055 0.6221 -0.7829
vn 0.0415 0.6653 -0.7455
vn 0.0676 0.7081 -0.7029
vn 0.0401 0.7235 -0.6891
vn -0.0208 0.7033 -0.7105
vn -0.0562 0.6653 -0.7445
vn 0.3123 0.9096 -0.2740
vn 0.4330 0.8541 -0.2882
vn 0.4888 0.8208 -0.2957
vn 0.5347 0.7812 -0.3221
vn 0.5096 0.7727 -0.3786
vn 0.4037 0.7628 -0.5051
vn 0.2100 0.7152 -0.6667
vn -0.0014 0.6206 -0.7842
vn -0.1107 0.5326 -0.8391
vn -0.0857 0.5251 -0.8467
vn 0.0060 0.5868 -0.8097
vn 0.0773 0.6512 -0.7550
vn 0.0683 0.6893 -0.7212
vn 0.0094 0.6849 -0.7286
vn 0.3618 0.9224 -0.1355
vn 0.4606 0.8649 -0.1995
vn 0.5330 0.8176 -0.2177
vn 0.5826 0.7793 -0.2310
vn 0.6049 0.7551 -0.2526
vn 0.5639 0.7592 -0.3249
vn 0.4160 0.7700 -0.4839
vn 0.1774 0.7241 -0.6665
vn -0.0682 0.6063 -0.7923
vn -0.1979 0.4864 -0.8511
vn -0.1532 0.4542 -0.8776
vn -0.0282 0.5233 -0.8517
vn 0.0716 0.6054 -0.7927
vn 0.0618 0.6544 -0.7537
vn 0.4468 0.8920 -0.0690
vn 0.4986 0.8580 -0.1238
vn 0.5611 0.8129 -0.1560
vn 0.6095 0.7743 -0.1701
vn 0.6512 0.7420 -0.1591
vn 0.6658 0.7309 -0.1498
vn 0.6023 0.7651 -0.2275
vn 0.4376 0.7976 -0.4151
vn 0.1746 0.7559 -0.6310
vn -0.0933 0.6192 -0.7796
vn -0.2452 0.4735 -0.8460
vn -0.1913 0.4313 -0.8817
vn -0.0375 0.5123 -0.8580
vn 0.0620 0.6030 -0.7953
vn 0.5060 0.8621 -0.0252
vn 0.5419 0.8369 -0.0775
vn 0.5868 0.8017 -0.1138
vn 0.6177 0.7746 -0.1358
vn 0.6536 0.7485 -0.1124
vn 0.6980 0.7159 -0.0173
vn 0.7028 0.7102 0.0425
vn 0.6400 0.7672 -0.0428
vn 0.4825 0.8385 -0.2532
vn 0.2064 0.8230 -0.5292
vn -0.1062 0.6705 -0.7343
vn -0.2851 0.4928 -0.8221
vn -0.2040 0.4374 -0.8758
vn -0.0154 0.5368 -0.8436
vn 0.5562 0.8311 -0.0047
vn 0.5814 0.8120 -0.0503
vn 0.6120 0.7858 -0.0897
vn 0.6150 0.7772 -0.1327
vn 0.6088 0.7786 -0.1521
vn 0.6624 0.7468 -0.0597
vn 0.7267 0.6799 0.0979
vn 0.7143 0.6653 0.2172
vn 0.6595 0.7232 0.2049
vn 0.5272 0.8478 -0.0577
vn 0.2249 0.8908 -0.3948
vn -0.1210 0.7379 -0.6639
vn -0.3146 0.5312 -0.7866
vn -0.1591 0.4846 -0.8601
vn 0.5959 0.8031 -0.0046
vn 0.6168 0.7862 -0.0374
vn 0.6410 0.7637 -0.0765
vn 0.6243 0.7681 -0.1425
vn 0.5540 0.7925 -0.2549
vn 0.5503 0.7678 -0.3282
vn 0.6335 0.7260 -0.2675
vn 0.7198 0.6829 -0.1248
vn 0.7988 0.5937 0.0972
vn 0.7002 0.6674 0.2537
vn 0.5282 0.8382 0.1359
vn 0.2137 0.9326 -0.2909
vn -0.1571 0.7877 -0.5957
vn -0.2873 0.5822 -0.7606
vn 0.6227 0.7824 -0.0099
vn 0.6474 0.7616 -0.0304
vn 0.6762 0.7339 -0.0650
vn 0.6722 0.7284 -0.1326
vn 0.5949 0.7525 -0.2827
vn 0.4864 0.7316 -0.4777
vn 0.4699 0.6681 -0.5769
vn 0.5107 0.6543 -0.5577
vn 0.6465 0.6646 -0.3747
vn 0.7566 0.6413 -0.1277
vn 0.7951 0.6009 0.0820
vn 0.5209 0.8464 0.1109
vn 0.1722 0.9567 -0.2345
vn -0.1932 0.8104 -0.5531
vn 0.6398 0.7684 -0.0122
vn 0.6732 0.7390 -0.0245
vn 0.7113 0.7009 -0.0520
vn 0.7356 0.6706 -0.0956
vn 0.7119 0.6836 -0.1611
vn 0.6171 0.7339 -0.2838
vn 0.5249 0.7565 -0.3900
vn 0.4117 0.7820 -0.4680
vn 0.4267 0.7023 -0.5698
vn 0.5493 0.6184 -0.5620
vn 0.6748 0.6181 -0.4031
vn 0.7330 0.6678 -0.1297
vn 0.4914 0.8677 -0.0754
vn 0.1744 0.9403 -0.2922
vn 0.6509 0.7591 -0.0087
vn 0.6935 0.7202 -0.0187
vn 0.7363 0.6757 -0.0365
vn 0.7622 0.6443 -0.0620
vn 0.7593 0.6390 -0.1228
vn 0.6945 0.7146 -0.0835
vn 0.6160 0.7877 0.0056
vn 0.5682 0.8225 -0.0253
vn 0.5293 0.8402 -0.1179
vn 0.5022 0.8444 -0.1866
vn 0.4989 0.8554 -0.1390
vn 0.6328 0.7134 -0.3010
vn 0.4934 0.8020 -0.3365
vn 0.4378 0.8739 -0.2113
vn -0.3185 0.9032 0.2878
vn -0.2647 0.9100 0.3190
vn -0.1937 0.9228 0.3331
vn -0.1305 0.9351 0.3296
vn -0.0811 0.9465 0.3124
vn -0.0594 0.9572 0.2833
vn -0.0599 0.9961 0.0642
vn -0.0961 0.9827 -0.1583
vn -0.1313 0.9538 -0.2703
vn -0.1662 0.9276 -0.3345
vn -0.1711 0.9192 -0.3547
vn -0.1596 0.9343 -0.3188
vn -0.1307 0.9493 -0.2861
vn -0.0931 0.9584 -0.2697
vn -0.0331 0.9628 -0.2682
vn 0.0215 0.9651 -0.2611
vn 0.0214 0.8362 -0.5481
vn 0.0373 0.6540 -0.7556
vn 0.1514 0.5498 -0.8215
vn -0.0116 0.5852 -0.8108
vn 0.0044 0.6411 -0.7674
vn 0.0392 0.6626 -0.7479
vn 0.0348 0.6542 -0.7555
vn 0.0357 0.6404 -0.7672
vn 0.0212 0.6184 -0.7856
vn -0.0236 0.5854 -0.8104
vn -0.1056 0.5720 -0.8134
vn -0.1964 0.6056 -0.7712
vn -0.1196 0.8360 -0.5356
vn -0.0094 0.9915 -0.1298
vn -0.0691 0.9207 0.3841
vn 0.1275 0.9794 0.1566
vn 0.2171 0.9578 -0.1882
vn 0.4919 0.7766 -0.3936
vn 0.7632 0.6120 -0.2074
vn 0.7288 0.6618 0.1757
vn 0.5282 0.7647 0.3690
vn 0.5565 0.6992 0.4487
vn 0.5703 0.7061 0.4196
vn 0.6240 0.7498 0.2200
vn 0.7431 0.6675 0.0476
vn 0.7874 0.6156 -0.0323
vn 0.7500 0.6607 -0.0312
vn 0.7060 0.7081 -0.0136
vn 0.6593 0.7519 0.0006
vn 0.6617 0.7496 -0.0163
vn 0.6970 0.7154 -0.0495
vn 0.7005 0.7136 -0.0090
vn 0.6919 0.7218 0.0160
vn 0.6255 0.7744 0.0952
vn 0.5962 0.8012 0.0510
vn 0.5709 0.8206 0.0281
vn 0.5219 0.8529 0.0144
vn 0.4406 0.8975 -0.0175
vn 0.2551 0.9624 -0.0937
vn -0.1759 0.9805 -0.0876
vn -0.3108 0.9499 -0.0314
vn -0.3507 0.9360 0.0310
vn -0.3675 0.9224 0.1191
vn -0.3561 0.9103 0.2109
vn 0.1974 0.8125 -0.5485
vn 0.2483 0.7933 -0.5559
vn 0.2751 0.7809 -0.5608
vn 0.2423 0.7883 -0.5655
vn 0.1720 0.8055 -0.5671
vn 0.0698 0.8233 -0.5633
vn -0.0081 0.8304 -0.5571
vn -0.2108 0.8415 -0.4975
vn -0.2638 0.8693 -0.4179
vn -0.3381 0.8312 -0.4414
vn -0.2605 0.8937 -0.3653
vn -0.1970 0.9268 -0.3197
vn -0.1658 0.9330 -0.3194
vn -0.1015 0.9438 -0.3146
vn 0.2007 0.6476 -0.7351
vn 0.2456 0.6644 -0.7059
vn 0.2561 0.6396 -0.7248
vn 0.2162 0.6656 -0.7143
vn 0.1428 0.6810 -0.7182
vn 0.0531 0.7193 -0.6927
vn -0.0775 0.7924 -0.6050
vn -0.2905 0.8230 -0.4881
vn -0.2562 0.8668 -0.4278
vn -0.1641 0.8819 -0.4420
vn -0.1914 0.7909 -0.5813
vn -0.2069 0.7642 -0.6109
vn -0.1428 0.7958 -0.5885
vn -0.0948 0.8026 -0.5890
vn 0.1584 0.5778 -0.8007
vn 0.2628 0.5456 -0.7958
vn 0.2181 0.5919 -0.7760
vn 0.1957 0.6039 -0.7727
vn 0.0873 0.6800 -0.7280
vn -0.0825 0.7779 -0.6229
vn -0.2198 0.8405 -0.4952
vn -0.1598 0.8775 -0.4521
vn -0.0648 0.8343 -0.5475
vn -0.0429 0.7476 -0.6627
vn -0.1096 0.6933 -0.7123
vn -0.1456 0.6549 -0.7416
vn -0.1474 0.6323 -0.7605
vn -0.0897 0.6573 -0.7482
vn 0.1935 0.5796 -0.7916
vn 0.2041 0.6019 -0.7721
vn 0.2051 0.6147 -0.7616
vn 0.0880 0.6888 -0.7196
vn -0.0989 0.7748 -0.6245
vn -0.2628 0.8265 -0.4978
vn -0.2853 0.8094 -0.5133
vn 0.0571 0.7563 -0.6517
vn 0.1485 0.6502 -0.7451
vn -0.0900 0.5376 -0.8384
vn -0.2168 0.5693 -0.7930
vn -0.0047 0.6576 -0.7533
vn -0.0971 0.5796 -0.8091
vn -0.1001 0.5568 -0.8246
vn 0.1493 0.6307 -0.7615
vn 0.1808 0.6405 -0.7464
vn 0.0803 0.6982 -0.7114
vn -0.1043 0.7697 -0.6299
vn -0.2877 0.7998 -0.5268
vn -0.2357 0.7648 -0.5995
vn -0.0520 0.6714 -0.7393
vn 0.0763 0.5375 -0.8398
vn -0.1227 0.4752 -0.8713
vn -0.3568 0.5851 -0.7282
vn -0.0405 0.7586 -0.6503
vn 0.2269 0.6554 -0.7204
vn -0.0045 0.5575 -0.8302
vn -0.1404 0.5093 -0.8491
vn 0.0471 0.6657 -0.7447
vn -0.0658 0.6949 -0.7161
vn -0.1994 0.7364 -0.6465
vn -0.1203 0.7903 -0.6009
vn -0.1713 0.7197 -0.6729
vn 0.0249 0.6121 -0.7904
vn 0.2123 0.4421 -0.8715
vn 0.1638 0.5070 -0.8462
vn -0.4396 0.6103 -0.6590
vn -0.0767 0.8226 -0.5634
vn 0.3086 0.6678 -0.6774
vn 0.1961 0.5091 -0.8381
vn -0.0582 0.5545 -0.8301
vn -0.0847 0.5832 -0.8079
vn -0.0398 0.6727 -0.7388
vn -0.1267 0.7037 -0.6991
vn -0.0704 0.7354 -0.6740
vn 0.1012 0.6805 -0.7258
vn 0.3105 0.5523 -0.7737
vn 0.0808 0.4321 -0.8982
vn 0.1113 0.5676 -0.8158
vn -0.1720 0.7282 -0.6635
vn -0.4339 0.7956 -0.4227
vn 0.1927 0.7306 -0.6550
vn 0.3966 0.5484 -0.7362
vn 0.1099 0.5598 -0.8213
vn -0.1337 0.6172 -0.7753
vn -0.2138 0.6483 -0.7308
vn -0.0689 0.6616 -0.7467
vn -0.0318 0.6788 -0.7336
vn 0.1265 0.6378 -0.7598
vn 0.2615 0.5346 -0.8036
vn 0.0396 0.4661 -0.8838
vn -0.2776 0.5887 -0.7592
vn -0.5365 0.6641 -0.5207
vn -0.4690 0.8167 -0.3362
vn -0.1423 0.7857 -0.6020
vn 0.4493 0.5614 -0.6950
vn 0.1864 0.4762 -0.8594
vn -0.0885 0.6208 -0.7790
vn -0.0111 0.7120 -0.7020
vn -0.1036 0.6531 -0.7502
vn -0.0147 0.6586 -0.7523
vn 0.1092 0.6328 -0.7666
vn 0.2002 0.5568 -0.8062
vn -0.0248 0.5277 -0.8491
vn -0.3420 0.6293 -0.6978
vn -0.5965 0.6746 -0.4348
vn -0.1739 0.9322 -0.3174
vn -0.1700 0.8114 -0.5593
vn 0.1737 0.6423 -0.7465
vn 0.1833 0.4716 -0.8626
vn -0.0522 0.6443 -0.7630
vn 0.0289 0.7549 -0.6553
vn 0.0576 0.6985 -0.7133
vn -0.1666 0.6777 -0.7162
vn 0.0582 0.6539 -0.7543
vn 0.1459 0.6113 -0.7778
vn -0.0894 0.5845 -0.8065
vn -0.4116 0.6603 -0.6282
vn -0.6600 0.6700 -0.3398
vn -0.2126 0.9518 -0.2213
vn 0.2066 0.8333 -0.5128
vn 0.1739 0.6384 -0.7498
vn 0.0640 0.5168 -0.8537
vn -0.0907 0.7413 -0.6650
vn -0.1006 0.8642 -0.4929
vn 0.1072 0.8753 -0.4715
vn -0.0387 0.8599 -0.5089
vn -0.0634 0.8914 -0.4488
vn 0.0931 0.6652 -0.7409
vn -0.1386 0.6233 -0.7696
vn -0.4570 0.6835 -0.5692
vn -0.7202 0.6434 -0.2595
vn -0.2920 0.9490 -0.1186
vn 0.2179 0.8653 -0.4515
vn 0.2377 0.6341 -0.7358
vn -0.0363 0.6462 -0.7623
vn -0.1958 0.8466 -0.4950
vn -0.2710 0.9214 -0.2785
vn 0.1670 0.9727 -0.1612
vn -0.1468 0.9277 -0.3431
vn -0.2431 0.9605 -0.1355
vn 0.1935 0.9809 -0.0197
vn -0.2079 0.6258 -0.7517
vn -0.4727 0.7093 -0.5229
vn -0.7474 0.6289 -0.2142
vn -0.3968 0.9172 -0.0358
vn 0.0939 0.9139 -0.3950
vn 0.0893 0.7198 -0.6884
vn -0.1614 0.7935 -0.5868
vn -0.4227 0.8588 -0.2895
vn -0.1707 0.9847 0.0361
vn 0.1659 0.9861 -0.0056
vn -0.1838 0.9203 -0.3453
vn -0.4250 0.9043 -0.0396
vn -0.0253 0.9865 0.1616
vn 0.1714 0.9845 -0.0361
vn -0.5892 0.6452 -0.4864
vn -0.6591 0.7343 -0.1624
vn -0.5092 0.8599 -0.0350
vn -0.0784 0.9334 -0.3501
vn -0.1090 0.7768 -0.6203
vn -0.3098 0.8466 -0.4329
vn -0.6044 0.7879 -0.1179
vn -0.1991 0.9366 0.2884
vn 0.2251 0.9723 0.0632
vn -0.1061 0.9593 -0.2616
vn -0.4784 0.8781 -0.0092
vn -0.1675 0.9591 0.2280
vn 0.0786 0.9969 -0.0073
vn 0.0113 0.9956 -0.0935
vn -0.5225 0.8423 -0.1321
vn -0.5891 0.7668 -0.2549
vn -0.4239 0.8363 -0.3478
vn -0.2357 0.8739 -0.4250
vn -0.4477 0.8526 -0.2696
vn -0.6901 0.7237 0.0052
vn -0.3248 0.8639 0.3848
vn 0.0018 0.9947 0.1023
vn 0.1449 0.9847 -0.0964
vn -0.1914 0.9814 -0.0118
vn -0.4884 0.8694 0.0750
vn -0.1204 0.9906 0.0655
vn 0.1064 0.9943 0.0044
vn -0.0494 0.9988 -0.0055
vn 0.1409 0.9584 -0.2482
vn 0.1972 0.9386 -0.2831
vn 0.2500 0.9146 -0.3180
vn 0.2784 0.9083 -0.3123
vn 0.2473 0.9073 -0.3401
vn 0.1746 0.9267 -0.3328
vn 0.0668 0.9374 -0.3417
vn -0.0040 0.9369 -0.3497
vn -0.0548 0.9371 -0.3448
vn -0.3047 0.9136 -0.2693
vn -0.2743 0.9558 -0.1056
vn -0.1976 0.9802 -0.0143
vn -0.1901 0.9818 0.0037
vn -0.1700 0.9853 0.0168
vn -0.1006 0.9945 0.0286
vn 0.0087 0.9992 0.0393
vn 0.0013 0.9534 -0.3018
vn -0.0179 0.8147 -0.5796
vn -0.0521 0.6692 -0.7412
vn -0.0583 0.5735 -0.8171
vn 0.0167 0.5341 -0.8453
vn -0.1119 0.5473 -0.8294
vn -0.2166 0.7054 -0.6750
vn -0.1763 0.5995 -0.7807
vn -0.0899 0.7025 -0.7060
vn -0.0171 0.8541 -0.5198
vn -0.0007 0.9822 -0.1877
vn -0.0379 0.9992 0.0132
vn -0.1002 0.9940 0.0449
vn -0.1348 0.9895 0.0526
vn -0.1268 0.9909 0.0452
vn -0.0543 0.9979 0.0355
vn 0.1053 0.9941 0.0246
vn -0.1167 0.9923 0.0406
vn -0.4326 0.8959 0.1009
vn -0.2583 0.9653 0.0390
vn -0.0575 0.9887 -0.1382
vn 0.1036 0.9933 -0.0508
vn -0.1207 0.9785 0.1674
vn -0.4491 0.7943 0.4092
vn -0.6932 0.7076 0.1370
vn -0.5516 0.8180 -0.1629
vn -0.4405 0.8720 -0.2136
vn -0.5913 0.8064 0.0102
vn -0.4665 0.8079 0.3601
vn -0.2056 0.8637 0.4601
vn -0.3765 0.9197 -0.1113
vn -0.3383 0.7293 -0.5947
vn -0.1880 0.5583 -0.8080
vn -0.1019 0.6314 -0.7688
vn -0.0683 0.6306 -0.7731
vn -0.0421 0.6395 -0.7676
vn -0.0099 0.6467 -0.7626
vn 0.0270 0.6565 -0.7539
vn 0.0668 0.6560 -0.7518
vn 0.0899 0.6317 -0.7700
vn 0.1109 0.5767 -0.8094
vn -0.0018 0.6483 -0.7614
vn 0.1181 0.5667 -0.8154
vn 0.1410 0.8167 -0.5596
vn 0.2174 0.9432 -0.2511
vn 0.3264 0.9178 -0.2262
vn 0.3815 0.8971 -0.2230
vn 0.3984 0.8956 -0.1981
vn 0.3228 0.9317 -0.1667
vn 0.1875 0.9730 -0.1342
vn 0.0385 0.9884 -0.1469
vn -0.1381 0.9767 -0.1642
vn -0.3060 0.9415 -0.1411
vn -0.4122 0.9060 -0.0963
vn -0.3577 0.9277 -0.1067
vn -0.2502 0.9585 -0.1368
vn -0.1296 0.9785 -0.1608
vn -0.0161 0.9840 -0.1774
vn 0.2090 0.8353 -0.5085
vn 0.3123 0.8243 -0.4722
vn 0.3457 0.8375 -0.4231
vn 0.3536 0.8594 -0.3693
vn 0.2793 0.9120 -0.3003
vn 0.1916 0.9366 -0.2934
vn 0.0511 0.9478 -0.3147
vn -0.1591 0.9446 -0.2872
vn -0.3617 0.9032 -0.2310
vn -0.3594 0.9094 -0.2092
vn -0.2952 0.9165 -0.2701
vn -0.2002 0.9250 -0.3228
vn -0.1183 0.9253 -0.3603
vn -0.0009 0.9199 -0.3921
vn 0.1663 0.6995 -0.6950
vn 0.2425 0.7269 -0.6425
vn 0.2702 0.7710 -0.5767
vn 0.2574 0.8104 -0.5263
vn 0.2489 0.8351 -0.4905
vn 0.1993 0.8715 -0.4482
vn 0.0201 0.8988 -0.4380
vn -0.2703 0.8974 -0.3489
vn -0.3038 0.9107 -0.2798
vn -0.2634 0.9020 -0.3422
vn -0.2168 0.8729 -0.4372
vn -0.1405 0.8503 -0.5072
vn -0.0873 0.8277 -0.5544
vn 0.0272 0.7983 -0.6016
vn 0.0028 0.6085 -0.7935
vn 0.0452 0.6586 -0.7511
vn 0.1882 0.6986 -0.6903
vn 0.1979 0.7481 -0.6334
vn 0.1723 0.7247 -0.6672
vn 0.1663 0.7917 -0.5878
vn -0.0683 0.9015 -0.4274
vn -0.1929 0.9328 -0.3045
vn -0.1536 0.9132 -0.3775
vn -0.1263 0.8548 -0.5033
vn -0.1140 0.7927 -0.5988
vn -0.0437 0.7488 -0.6614
vn -0.0277 0.6993 -0.7143
vn 0.0707 0.6491 -0.7574
vn -0.0454 0.5526 -0.8322
vn 0.0094 0.5792 -0.8151
vn -0.0398 0.6035 -0.7963
vn 0.0184 0.6801 -0.7329
vn -0.1716 0.7974 -0.5785
vn -0.1229 0.9080 -0.4006
vn -0.1018 0.9401 -0.3255
vn -0.0443 0.9116 -0.4088
vn 0.0195 0.8521 -0.5231
vn -0.0091 0.7704 -0.6375
vn 0.0119 0.7138 -0.7002
vn -0.0383 0.6475 -0.7611
vn 0.0499 0.5868 -0.8082
vn 0.1341 0.5247 -0.8407
vn -0.1218 0.6271 -0.7693
vn -0.1362 0.6606 -0.7383
vn -0.2514 0.7240 -0.6424
vn -0.1581 0.8300 -0.5349
vn -0.1040 0.9041 -0.4144
vn -0.0823 0.8796 -0.4686
vn -0.0025 0.8623 -0.5064
vn 0.0867 0.8096 -0.5805
vn 0.0207 0.7431 -0.6689
vn -0.0064 0.6892 -0.7246
vn 0.0132 0.6376 -0.7702
vn 0.0656 0.5845 -0.8087
vn 0.1436 0.5314 -0.8349
vn 0.2366 0.4507 -0.8607
vn -0.2508 0.7561 -0.6045
vn -0.2250 0.8008 -0.5550
vn -0.1953 0.8274 -0.5266
vn -0.1495 0.7971 -0.5850
vn -0.0871 0.7946 -0.6008
vn -0.0179 0.7853 -0.6189
vn 0.0696 0.7426 -0.6661
vn 0.1652 0.6858 -0.7088
vn 0.1080 0.6421 -0.7590
vn 0.0817 0.6673 -0.7403
vn 0.1089 0.6675 -0.7366
vn 0.1614 0.6215 -0.7666
vn 0.2707 0.5172 -0.8119
vn 0.3349 0.4169 -0.8450
vn -0.2906 0.6581 -0.6946
vn -0.2347 0.6898 -0.6849
vn -0.1804 0.7073 -0.6835
vn -0.1286 0.7113 -0.6910
vn -0.0721 0.7041 -0.7064
vn -0.0004 0.6942 -0.7198
vn 0.1285 0.6659 -0.7349
vn 0.0809 0.6378 -0.7659
vn 0.0760 0.6887 -0.7210
vn 0.0889 0.7302 -0.6774
vn 0.1850 0.6753 -0.7140
vn 0.3055 0.5652 -0.7663
vn 0.3980 0.4575 -0.7951
vn 0.3879 0.4885 -0.7816
vn -0.1501 0.5481 -0.8228
vn -0.2783 0.4999 -0.8202
vn -0.2243 0.5428 -0.8094
vn -0.1303 0.5762 -0.8068
vn -0.0785 0.5849 -0.8073
vn -0.0723 0.5969 -0.7990
vn -0.0160 0.6369 -0.7707
vn 0.0287 0.7149 -0.6986
vn 0.0907 0.7384 -0.6682
vn 0.1568 0.6828 -0.7135
vn 0.3079 0.5897 -0.7467
vn 0.4076 0.4758 -0.7794
vn 0.3864 0.5387 -0.7487
vn 0.3491 0.6120 -0.7096
vn -0.0438 0.7894 -0.6123
vn -0.0988 0.7334 -0.6726
vn -0.0806 0.6320 -0.7708
vn -0.0470 0.5503 -0.8337
vn -0.0223 0.5097 -0.8601
vn -0.0333 0.4923 -0.8698
vn -0.0583 0.4858 -0.8721
vn -0.0836 0.5225 -0.8485
vn 0.0832 0.5784 -0.8115
vn 0.2327 0.5545 -0.7990
vn 0.4073 0.5076 -0.7592
vn 0.3725 0.5977 -0.7100
vn 0.3365 0.6656 -0.6662
vn 0.2630 0.7631 -0.5903
vn 0.0171 0.9899 -0.1404
vn 0.1046 0.9733 -0.2043
vn 0.0388 0.9346 -0.3537
vn 0.0290 0.8855 -0.4637
vn 0.0614 0.8281 -0.5573
vn 0.0481 0.7607 -0.6474
vn -0.0094 0.6924 -0.7215
vn 0.0064 0.6355 -0.7721
vn 0.0802 0.5565 -0.8269
vn 0.1124 0.5552 -0.8241
vn 0.3214 0.6103 -0.7240
vn 0.3151 0.7035 -0.6370
vn 0.2431 0.8045 -0.5419
vn 0.1967 0.8569 -0.4766
vn 0.0399 0.9943 0.0989
vn 0.1409 0.9875 0.0708
vn 0.0985 0.9938 0.0518
vn 0.0804 0.9968 0.0033
vn 0.0858 0.9948 -0.0543
vn 0.1029 0.9897 -0.1000
vn 0.1187 0.9729 -0.1983
vn 0.0982 0.9162 -0.3884
vn 0.0949 0.8481 -0.5213
vn 0.1056 0.8254 -0.5546
vn 0.2115 0.8145 -0.5402
vn 0.2041 0.8685 -0.4518
vn 0.1840 0.9204 -0.3450
vn 0.1366 0.9115 -0.3880
vn 0.0605 0.9975 0.0356
vn 0.1391 0.9902 0.0069
vn 0.1180 0.9930 0.0090
vn 0.1042 0.9945 -0.0083
vn 0.0993 0.9946 -0.0314
vn 0.1044 0.9934 -0.0469
vn 0.1194 0.9914 -0.0536
vn 0.1493 0.9863 -0.0701
vn 0.1104 0.9817 -0.1549
vn 0.1382 0.9699 -0.2007
vn 0.0600 0.9655 -0.2533
vn 0.1112 0.9796 -0.1675
vn 0.2206 0.9589 -0.1784
vn 0.2597 0.9400 -0.2213
vn 0.0599 0.9979 0.0249
vn 0.1390 0.9903 0.0035
vn 0.1258 0.9919 -0.0170
vn 0.1146 0.9931 -0.0245
vn 0.1080 0.9936 -0.0344
vn 0.1086 0.9931 -0.0436
vn 0.1134 0.9923 -0.0493
vn 0.1176 0.9921 -0.0432
vn 0.1456 0.9893 -0.0096
vn 0.0844 0.9946 -0.0605
vn 0.1333 0.9911 0.0043
vn 0.1299 0.9865 -0.0998
vn 0.2587 0.9493 -0.1787
vn 0.4548 0.8382 -0.3011
vn 0.1205 0.9919 0.0403
vn 0.2258 0.9736 0.0322
vn 0.3200 0.9470 0.0274
vn 0.3787 0.9254 0.0156
vn 0.3969 0.9179 0.0006
vn 0.3222 0.9467 0.0019
vn 0.1832 0.9827 0.0285
vn 0.0047 0.9997 0.0219
vn -0.1436 0.9895 -0.0166
vn -0.2698 0.9624 -0.0298
vn -0.3665 0.9304 0.0025
vn -0.3707 0.9274 0.0502
vn -0.2486 0.9682 0.0267
vn -0.1110 0.9936 0.0225
vn -0.0056 0.9993 0.0358
vn 0.0541 0.9978 0.0385
vn 0.0638 0.9773 -0.2019
vn 0.0776 0.9003 -0.4284
vn 0.1035 0.7601 -0.6415
vn 0.1412 0.5938 -0.7921
vn 0.2068 0.4488 -0.8694
vn 0.3092 0.3816 -0.8711
vn 0.3763 0.3948 -0.8382
vn 0.3421 0.5491 -0.7626
vn 0.2645 0.7075 -0.6554
vn 0.2092 0.8208 -0.5315
vn 0.1339 0.8977 -0.4199
vn 0.3469 0.8157 -0.4628
vn 0.4389 0.7876 -0.4325
vn 0.5083 0.8058 -0.3038
vn 0.4925 0.7888 -0.3679
vn 0.4601 0.8142 -0.3542
vn 0.3641 0.8924 -0.2667
vn 0.1935 0.9750 -0.1090
vn 0.1597 0.9845 -0.0730
vn 0.0757 0.9939 -0.0806
vn 0.1564 0.9845 -0.0795
vn 0.1354 0.9893 -0.0545
vn 0.1176 0.9920 -0.0461
vn 0.1171 0.9925 -0.0362
vn 0.1166 0.9928 -0.0269
vn 0.1222 0.9923 -0.0202
vn 0.1260 0.9919 -0.0150
vn 0.1612 0.9867 -0.0195
vn 0.0775 0.9970 0.0064
vn -0.0245 0.9992 0.0326
vn -0.0217 0.9971 0.0735
vn -0.0728 0.9928 0.0956
vn -0.1306 0.9896 0.0601
vn -0.0653 0.9810 -0.1828
vn 0.0024 0.8231 -0.5679
vn -0.0789 0.6583 -0.7486
vn -0.3286 0.5826 -0.7434
vn -0.2129 0.7381 -0.6403
vn -0.1387 0.6142 -0.7769
vn -0.0912 0.5001 -0.8612
vn -0.0055 0.5825 -0.8128
vn 0.0346 0.6959 -0.7173
vn 0.0616 0.8297 -0.5548
vn 0.1072 0.9540 -0.2800
vn 0.1293 0.9516 -0.2787
vn 0.1255 0.9333 -0.3364
vn 0.1237 0.9071 -0.4023
vn 0.1225 0.8837 -0.4518
vn 0.1319 0.8664 -0.4817
vn 0.1382 0.8529 -0.5035
vn 0.1517 0.8393 -0.5221
vn 0.1457 0.8378 -0.5261
vn 0.0821 0.8580 -0.5071
vn -0.1705 0.8879 -0.4272
vn -0.2323 0.9307 -0.2826
vn -0.1150 0.9901 -0.0800
vn -0.0042 0.9939 0.1107
vn 0.0233 0.9682 0.2490
vn 0.1516 0.8333 -0.5317
vn 0.1542 0.7873 -0.5969
vn 0.1382 0.7386 -0.6599
vn 0.1242 0.7047 -0.6986
vn 0.1320 0.6928 -0.7090
vn 0.1447 0.6938 -0.7055
vn 0.1434 0.6986 -0.7010
vn 0.1085 0.7065 -0.6993
vn -0.1505 0.7329 -0.6635
vn -0.3568 0.7613 -0.5413
vn -0.4914 0.7971 -0.3510
vn -0.3671 0.9198 -0.1385
vn -0.2082 0.9767 0.0522
vn -0.1009 0.9748 0.1989
vn 0.1775 0.6547 -0.7347
vn 0.1777 0.5926 -0.7857
vn 0.1414 0.5449 -0.8265
vn 0.0978 0.5034 -0.8585
vn 0.0912 0.4854 -0.8695
vn 0.1100 0.5082 -0.8542
vn 0.1212 0.5515 -0.8253
vn -0.0655 0.5779 -0.8135
vn -0.2954 0.6025 -0.7414
vn -0.5382 0.6134 -0.5779
vn -0.7082 0.6140 -0.3484
vn -0.5871 0.7935 -0.1605
vn -0.4029 0.9152 0.0085
vn -0.2328 0.9623 0.1406
vn 0.2012 0.4548 -0.8676
vn 0.1805 0.3968 -0.9000
vn 0.1506 0.3780 -0.9135
vn 0.0898 0.3624 -0.9277
vn 0.0272 0.3201 -0.9470
vn 0.0211 0.3301 -0.9437
vn 0.0601 0.4054 -0.9121
vn -0.1913 0.4860 -0.8528
vn -0.4328 0.5083 -0.7445
vn -0.6735 0.4868 -0.5563
vn -0.8428 0.4332 -0.3195
vn -0.7483 0.6384 -0.1802
vn -0.5719 0.8192 -0.0430
vn -0.3675 0.9271 0.0738
vn 0.2349 0.3084 -0.9218
vn 0.1726 0.2948 -0.9398
vn 0.1441 0.2889 -0.9465
vn 0.1373 0.3279 -0.9347
vn 0.0206 0.3851 -0.9226
vn -0.0800 0.4521 -0.8884
vn -0.1302 0.4895 -0.8622
vn -0.2944 0.4509 -0.8426
vn -0.5416 0.4257 -0.7249
vn -0.7714 0.3614 -0.5237
vn -0.9157 0.2855 -0.2829
vn -0.8496 0.4930 -0.1875
vn -0.7009 0.7077 -0.0884
vn -0.4876 0.8730 0.0051
vn 0.2723 0.3621 -0.8915
vn 0.2060 0.3952 -0.8952
vn 0.1037 0.4053 -0.9083
vn 0.0346 0.3947 -0.9181
vn -0.1063 0.4355 -0.8939
vn -0.1562 0.5666 -0.8090
vn -0.0238 0.6413 -0.7669
vn -0.3636 0.4579 -0.8112
vn -0.6476 0.3391 -0.6824
vn -0.8527 0.2534 -0.4568
vn -0.9539 0.1943 -0.2286
vn -0.9061 0.3846 -0.1763
vn -0.7868 0.6059 -0.1173
vn -0.5836 0.8101 -0.0558
vn 0.2508 0.5054 -0.8256
vn 0.2041 0.5737 -0.7933
vn 0.1186 0.6131 -0.7811
vn -0.0737 0.5232 -0.8490
vn -0.3273 0.3763 -0.8668
vn -0.2037 0.3576 -0.9114
vn -0.0687 0.5259 -0.8477
vn -0.4769 0.4064 -0.7793
vn -0.7594 0.2764 -0.5891
vn -0.9190 0.1690 -0.3562
vn -0.9747 0.1496 -0.1662
vn -0.9328 0.3268 -0.1521
vn -0.8347 0.5327 -0.1399
vn -0.6525 0.7479 -0.1216
vn 0.1675 0.6957 -0.6986
vn 0.1320 0.6762 -0.7248
vn 0.1974 0.7471 -0.6347
vn -0.0016 0.7164 -0.6977
vn -0.2535 0.4778 -0.8411
vn -0.3759 0.3290 -0.8663
vn -0.2322 0.4402 -0.8673
vn -0.6153 0.3487 -0.7069
vn -0.8573 0.2004 -0.4741
vn -0.9668 0.0988 -0.2355
vn -0.9812 0.1649 -0.1001
vn -0.9392 0.3094 -0.1486
vn -0.8576 0.4793 -0.1864
vn -0.7095 0.6741 -0.2053
vn 0.2067 0.8368 -0.5071
vn 0.0125 0.7611 -0.6485
vn 0.2254 0.6107 -0.7591
vn 0.3163 0.4977 -0.8076
vn -0.1948 0.5280 -0.8266
vn -0.3758 0.4955 -0.7831
vn -0.4289 0.3824 -0.8184
vn -0.7441 0.2921 -0.6008
vn -0.9301 0.1410 -0.3392
vn -0.9891 0.0664 -0.1317
vn -0.9775 0.1887 -0.0943
vn -0.9304 0.3171 -0.1838
vn -0.8605 0.4378 -0.2606
vn -0.7635 0.5747 -0.2945
vn 0.3080 0.6904 -0.6546
vn 0.3111 0.5773 -0.7550
vn 0.4172 0.4500 -0.7896
vn 0.1242 0.5440 -0.8298
vn -0.2009 0.5865 -0.7847
vn -0.3932 0.4998 -0.7717
vn -0.6014 0.3811 -0.7022
vn -0.8492 0.2373 -0.4718
vn -0.9757 0.0773 -0.2052
vn -0.9949 0.0875 -0.0496
vn -0.9651 0.2303 -0.1244
vn -0.9044 0.3421 -0.2549
vn -0.8392 0.4124 -0.3546
vn -0.8024 0.4537 -0.3877
vn 0.4550 0.6076 -0.6510
vn 0.4559 0.3884 -0.8008
vn 0.2427 0.2471 -0.9381
vn -0.1647 0.0876 -0.9824
vn -0.3789 0.0990 -0.9201
vn -0.5989 0.2449 -0.7624
vn -0.7449 0.3744 -0.5522
vn -0.9373 0.1800 -0.2984
vn -0.9995 0.0108 -0.0300
vn -0.9785 0.2043 0.0271
vn -0.9306 0.3086 -0.1968
vn -0.8618 0.3466 -0.3703
vn -0.8185 0.3668 -0.4422
vn -0.7960 0.4058 -0.4490
vn 0.6289 0.4878 -0.6054
vn 0.5259 0.3549 -0.7730
vn 0.2094 0.1616 -0.9644
vn -0.2679 -0.0697 -0.9609
vn -0.5321 -0.1243 -0.8375
vn -0.7689 -0.0865 -0.6335
vn -0.9090 0.1557 -0.3865
vn -0.9980 0.0636 0.0061
vn -0.9602 0.2143 0.1794
vn -0.9500 0.2853 -0.1267
vn -0.8768 0.3342 -0.3457
vn -0.8323 0.3265 -0.4481
vn -0.7921 0.3775 -0.4796
vn -0.7333 0.4255 -0.5303
vn 0.7267 0.5507 -0.4107
vn 0.5630 0.3207 -0.7617
vn 0.1502 0.2383 -0.9595
vn -0.4985 -0.1533 -0.8532
vn -0.8099 -0.2222 -0.5429
vn -0.9570 -0.1244 -0.2622
vn -0.9810 0.1128 -0.1580
vn -0.9862 0.1646 -0.0160
vn -0.9425 0.2711 -0.1955
vn -0.8768 0.2829 -0.3889
vn -0.8369 0.2709 -0.4756
vn -0.8143 0.3506 -0.4626
vn -0.7179 0.4519 -0.5294
vn -0.6919 0.3653 -0.6228
vn 0.7974 0.4603 -0.3902
vn 0.4393 0.7294 -0.5244
vn -0.2007 0.7493 -0.6311
vn -0.9061 0.1505 -0.3953
vn -0.9917 -0.0895 -0.0919
vn -0.9993 -0.0212 0.0312
vn -0.9895 0.1344 -0.0528
vn -0.9386 0.3344 -0.0845
vn -0.9016 0.2940 -0.3174
vn -0.8851 0.2680 -0.3805
vn -0.8924 0.2790 -0.3548
vn -0.8393 0.4225 -0.3421
vn -0.7641 0.5044 -0.4023
vn -0.6746 0.5763 -0.4612
vn 0.0898 0.9958 0.0164
vn 0.1112 0.9937 -0.0131
vn 0.0970 0.9939 -0.0528
vn 0.0953 0.9900 -0.1042
vn 0.0970 0.9833 -0.1541
vn 0.1080 0.9748 -0.1953
vn 0.1150 0.9664 -0.2301
vn 0.1325 0.9570 -0.2582
vn 0.1197 0.9516 -0.2830
vn 0.0799 0.9469 -0.3114
vn -0.0194 0.9633 -0.2676
vn 0.0036 0.9921 -0.1256
vn 0.1163 0.9915 0.0590
vn 0.1606 0.9637 0.2130
vn 0.1175 0.9526 0.2806
vn 0.1226 0.9462 0.2995
vn 0.0428 0.9453 0.3234
vn -0.0449 0.9571 0.2862
vn -0.1241 0.9667 0.2237
vn -0.1866 0.9709 0.1498
vn -0.2514 0.9656 0.0667
vn -0.3158 0.9487 -0.0137
vn -0.3836 0.9174 -0.1062
vn -0.4574 0.8664 -0.2006
vn -0.5545 0.7846 -0.2773
vn -0.5520 0.7369 -0.3902
vn -0.6788 0.5528 -0.4834
vn -0.7130 0.3809 -0.5887
vn -0.6151 0.3017 -0.7285
vn -0.5954 0.6086 -0.5244
vn -0.5820 0.7958 -0.1676
vn -0.6713 0.7139 -0.1992
vn -0.7729 0.5939 -0.2234
vn -0.8680 0.4531 -0.2030
vn -0.9404 0.3201 -0.1147
vn -0.9365 0.3454 -0.0604
vn -0.9273 0.3744 0.0068
vn -0.9372 0.3477 0.0256
vn -0.9822 0.1766 0.0643
vn -0.9845 0.0288 0.1732
vn -0.9777 0.0550 0.2026
vn -0.8759 0.4416 0.1943
vn -0.2637 0.9343 0.2398
vn 0.4164 0.8283 0.3748
vn 0.6951 0.7128 -0.0933
vn 0.6595 0.7128 -0.2388
vn 0.7216 0.6113 -0.3251
vn 0.6492 0.6356 -0.4178
vn 0.4978 0.7046 -0.5057
vn 0.3591 0.7383 -0.5709
vn 0.0794 0.8698 -0.4870
vn 0.2046 0.7595 -0.6175
vn 0.2861 0.6320 -0.7202
vn 0.3277 0.4514 -0.8300
vn 0.3241 0.3427 -0.8818
vn 0.2346 0.3708 -0.8986
vn 0.1823 0.5243 -0.8318
vn 0.1524 0.7113 -0.6861
vn 0.1250 0.8716 -0.4740
vn 0.1037 0.9670 -0.2326
vn 0.4423 0.8926 0.0872
vn 0.2906 0.9076 0.3030
vn -0.0488 0.8800 0.4725
vn -0.5658 0.6051 0.5602
vn -0.8718 0.2494 0.4215
vn -0.9337 0.2345 0.2705
vn -0.9663 0.2173 0.1382
vn -0.9629 0.2479 0.1067
vn -0.8805 0.4069 0.2432
vn -0.8154 0.3968 0.4216
vn -0.8146 0.4315 0.3876
vn -0.8055 0.4898 0.3336
vn -0.7603 0.5473 0.3498
vn -0.6705 0.6301 0.3915
vn 0.3915 0.9037 0.1733
vn 0.2990 0.9262 0.2296
vn -0.0191 0.9418 0.3357
vn -0.4118 0.8128 0.4120
vn -0.7981 0.4838 0.3592
vn -0.9061 0.3657 0.2127
vn -0.9640 0.2514 0.0860
vn -0.9864 0.1631 0.0182
vn -0.9490 0.2990 0.0999
vn -0.8355 0.4356 0.3349
vn -0.7168 0.4403 0.5407
vn -0.6997 0.4289 0.5713
vn -0.6661 0.4478 0.5965
vn -0.5774 0.5293 0.6217
vn 0.4466 0.8641 0.2322
vn 0.3446 0.9224 0.1745
vn -0.0225 0.9838 0.1776
vn -0.4436 0.8685 0.2212
vn -0.6939 0.6807 0.2349
vn -0.8676 0.4674 0.1699
vn -0.9522 0.3010 0.0514
vn -0.9909 0.1207 -0.0600
vn -0.9814 0.1677 -0.0933
vn -0.9388 0.3299 0.0990
vn -0.8030 0.4521 0.3884
vn -0.7151 0.4073 0.5682
vn -0.6829 0.4249 0.5942
vn -0.5741 0.5823 0.5756
vn 0.5148 0.8364 0.1881
vn 0.3618 0.9218 0.1390
vn -0.0463 0.9857 0.1617
vn -0.4648 0.8634 0.1962
vn -0.6879 0.6960 0.2060
vn -0.8198 0.5440 0.1788
vn -0.8670 0.4890 0.0961
vn -0.9631 0.2655 -0.0439
vn -0.9836 0.0475 -0.1737
vn -0.9864 0.0080 -0.1644
vn -0.9814 0.1720 0.0849
vn -0.8727 0.3578 0.3322
vn -0.7487 0.5021 0.4329
vn -0.6246 0.6447 0.4408
vn 0.5520 0.8227 0.1361
vn 0.3732 0.9199 0.1207
vn -0.0542 0.9882 0.1431
vn -0.4792 0.8626 0.1621
vn -0.7020 0.6910 0.1726
vn -0.7399 0.6460 0.1875
vn -0.7953 0.5897 0.1402
vn -0.9044 0.4260 0.0234
vn -0.9738 0.1756 -0.1445
vn -0.9591 -0.0474 -0.2790
vn -0.9817 0.0043 -0.1901
vn -0.9705 0.2351 0.0534
vn -0.8408 0.4870 0.2363
vn -0.6523 0.6997 0.2914
vn 0.5763 0.8093 0.1139
vn 0.3904 0.9143 0.1083
vn -0.0415 0.9910 0.1269
vn -0.4786 0.8673 0.1370
vn -0.7260 0.6720 0.1458
vn -0.7388 0.6502 0.1775
vn -0.7355 0.6548 0.1739
vn -0.8234 0.5586 0.0996
vn -0.9370 0.3474 -0.0367
vn -0.9701 0.0988 -0.2217
vn -0.9200 -0.1232 -0.3721
vn -0.9761 0.0472 -0.2120
vn -0.9281 0.3723 0.0049
vn -0.7076 0.6929 0.1388
vn 0.5955 0.7972 0.0995
vn 0.4247 0.8999 0.0988
vn 0.0037 0.9942 0.1073
vn -0.4607 0.8809 0.1084
vn -0.7497 0.6509 0.1194
vn -0.7699 0.6189 0.1555
vn -0.7020 0.6871 0.1870
vn -0.7563 0.6365 0.1514
vn -0.8673 0.4928 0.0698
vn -0.9602 0.2643 -0.0900
vn -0.9614 0.0092 -0.2749
vn -0.8929 -0.1501 -0.4246
vn -0.9579 0.1713 -0.2304
vn -0.8071 0.5886 -0.0461
vn 0.6111 0.7867 0.0875
vn 0.4707 0.8781 0.0866
vn 0.0657 0.9945 0.0819
vn -0.4299 0.8996 0.0767
vn -0.7654 0.6372 0.0899
vn -0.8204 0.5578 0.1259
vn -0.6982 0.6925 0.1815
vn -0.7080 0.6835 0.1776
vn -0.8073 0.5758 0.1292
vn -0.9107 0.4110 0.0398
vn -0.9759 0.1682 -0.1387
vn -0.9446 -0.1155 -0.3073
vn -0.9142 -0.0449 -0.4027
vn -0.8859 0.3953 -0.2429
vn 0.6286 0.7734 0.0815
vn 0.5152 0.8543 0.0695
vn 0.1285 0.9904 0.0518
vn -0.3933 0.9186 0.0382
vn -0.7739 0.6312 0.0525
vn -0.8746 0.4760 0.0921
vn -0.7222 0.6716 0.1655
vn -0.6621 0.7258 0.1865
vn -0.7739 0.6163 0.1458
vn -0.8645 0.4891 0.1161
vn -0.9478 0.3179 0.0232
vn -0.9824 0.0587 -0.1773
vn -0.9121 -0.1612 -0.3769
vn -0.9102 0.2234 -0.3489
vn 0.6514 0.7542 0.0828
vn 0.5488 0.8346 0.0485
vn 0.1753 0.9844 0.0162
vn -0.3630 0.9318 -0.0080
vn -0.7814 0.6240 0.0057
vn -0.9243 0.3776 0.0554
vn -0.7605 0.6316 0.1505
vn -0.6236 0.7600 0.1831
vn -0.7390 0.6563 0.1521
vn -0.8547 0.5047 0.1215
vn -0.9045 0.4083 0.1227
vn -0.9770 0.2133 -0.0011
vn -0.9793 -0.0725 -0.1890
vn -0.9204 0.0947 -0.3792
vn 0.6796 0.7283 0.0876
vn 0.5492 0.8353 0.0244
vn 0.1744 0.9842 -0.0292
vn -0.3630 0.9292 -0.0690
vn -0.7954 0.6038 -0.0533
vn -0.9625 0.2710 0.0139
vn -0.8112 0.5707 0.1270
vn -0.6072 0.7734 0.1823
vn -0.6800 0.7124 0.1731
vn -0.8551 0.5077 0.1052
vn -0.8996 0.4183 0.1251
vn -0.9362 0.3243 0.1353
vn -0.9957 0.0901 -0.0220
vn -0.9622 0.0475 -0.2683
vn 0.7104 0.6981 0.0898
vn 0.5690 0.8224 0.0048
vn 0.1959 0.9787 -0.0613
vn -0.3540 0.9282 -0.1148
vn -0.7933 0.6003 -0.1020
vn -0.9850 0.1711 -0.0223
vn -0.8657 0.4928 0.0885
vn -0.6318 0.7557 0.1727
vn -0.6067 0.7664 0.2111
vn -0.8275 0.5474 0.1244
vn -0.9225 0.3782 0.0770
vn -0.9137 0.3716 0.1645
vn -0.9705 0.2163 0.1062
vn -0.9905 0.1025 -0.0914
vn 0.7398 0.6671 0.0873
vn 0.5812 0.8137 -0.0026
vn 0.2027 0.9774 -0.0592
vn -0.3605 0.9246 -0.1233
vn -0.8126 0.5696 -0.1237
vn -0.9839 0.1693 -0.0571
vn -0.9130 0.4060 0.0405
vn -0.6825 0.7147 0.1527
vn -0.5455 0.8067 0.2273
vn -0.7886 0.5952 0.1543
vn -0.9311 0.3562 0.0787
vn -0.9227 0.3669 0.1186
vn -0.9436 0.2958 0.1485
vn -0.9820 0.1878 0.0177
vn 0.7617 0.6446 0.0657
vn 0.5850 0.8110 0.0088
vn 0.2039 0.9788 -0.0193
vn -0.3686 0.9257 -0.0854
vn -0.8323 0.5439 -0.1068
vn -0.9930 0.0906 -0.0758
vn -0.9151 0.4030 -0.0135
vn -0.6900 0.7162 0.1051
vn -0.5217 0.8265 0.2115
vn -0.7507 0.6319 0.1928
vn -0.9176 0.3765 0.1273
vn -0.9368 0.3397 0.0835
vn -0.9302 0.3363 0.1469
vn -0.9582 0.2765 0.0739
vn 0.5445 0.8270 -0.1402
vn 0.5854 0.8104 0.0242
vn 0.3075 0.8845 0.3509
vn -0.0677 0.7987 0.5980
vn -0.7164 0.4526 0.5311
vn -0.9370 0.1205 0.3278
vn -0.9638 0.1188 0.2388
vn -0.9654 0.2174 0.1440
vn -0.9191 0.3637 0.1518
vn -0.8779 0.3668 0.3079
vn -0.9035 0.3450 0.2541
vn -0.9136 0.3838 0.1342
vn -0.8702 0.4914 0.0356
vn -0.7932 0.6083 0.0300
vn -0.6819 0.7259 0.0897
vn -0.5491 0.8174 0.1741
vn -0.5267 0.7435 0.4121
vn -0.5603 0.6266 0.5418
vn -0.5051 0.5997 0.6206
vn -0.4659 0.7807 0.4164
vn -0.4573 0.8509 0.2584
vn -0.4636 0.8716 0.1592
vn -0.5097 0.8575 0.0703
vn -0.6145 0.7864 -0.0635
vn -0.7279 0.6496 -0.2194
vn -0.8212 0.4853 -0.3002
vn -0.8782 0.3933 -0.2722
vn -0.9056 0.3686 -0.2100
vn -0.9070 0.4003 -0.1310
vn -0.8947 0.4388 -0.0837
vn -0.8679 0.4967 0.0018
vn -0.9354 0.3396 0.0983
vn -0.9245 0.3565 0.1348
vn -0.9382 0.3413 0.0579
vn -0.9193 0.3775 0.1113
vn -0.7520 0.6327 0.1849
vn -0.5249 0.8280 0.1971
vn -0.7490 0.6571 0.0852
vn -0.9479 0.3092 -0.0770
vn -0.9971 0.0426 -0.0636
vn -0.8386 0.5448 0.0005
vn -0.3574 0.9309 0.0751
vn 0.2178 0.9697 0.1109
vn 0.5818 0.8076 0.0966
vn 0.7673 0.6361 0.0814
vn 0.5463 0.8296 0.1155
vn 0.5465 0.8214 0.1635
vn 0.5321 0.8328 0.1527
vn 0.5268 0.8406 0.1258
vn 0.5274 0.8427 0.1084
vn 0.5287 0.8429 0.0994
vn 0.5299 0.8423 0.0985
vn 0.5277 0.8424 0.1088
vn 0.5190 0.8458 0.1232
vn 0.5035 0.8513 0.1475
vn 0.4683 0.8583 0.2097
vn 0.3873 0.8736 0.2948
vn 0.3067 0.9176 0.2530
vn 0.3335 0.9404 0.0666
vn 0.4343 0.8995 -0.0481
vn 0.7593 0.6439 0.0938
vn 0.5611 0.7985 0.2180
vn 0.2509 0.9165 0.3116
vn -0.2482 0.9024 0.3522
vn -0.7345 0.6248 0.2650
vn -0.9803 0.1827 0.0750
vn -0.9935 0.0754 -0.0852
vn -0.8473 0.5310 0.0096
vn -0.5144 0.8457 0.1417
vn -0.7053 0.6766 0.2114
vn -0.8932 0.4228 0.1528
vn -0.9618 0.2615 0.0811
vn -0.9269 0.3580 0.1127
vn -0.9052 0.3984 0.1477
vn 0.7286 0.6814 0.0702
vn 0.5474 0.8022 0.2383
vn 0.2766 0.8939 0.3526
vn -0.0847 0.9106 0.4046
vn -0.6263 0.6940 0.3552
vn -0.9330 0.3158 0.1726
vn -0.9970 0.0734 -0.0229
vn -0.8757 0.4827 0.0136
vn -0.5739 0.8093 0.1256
vn -0.7066 0.6860 0.1736
vn -0.8863 0.4458 0.1254
vn -0.9643 0.2558 0.0684
vn -0.9304 0.3433 0.1284
vn -0.8814 0.4403 0.1713
vn 0.6786 0.7283 0.0953
vn 0.5173 0.8152 0.2604
vn 0.2879 0.8786 0.3810
vn 0.0071 0.8969 0.4421
vn -0.4926 0.7591 0.4255
vn -0.8504 0.4549 0.2645
vn -0.9915 0.1236 0.0412
vn -0.8924 0.4512 -0.0061
vn -0.6205 0.7761 0.1125
vn -0.7093 0.6846 0.1679
vn -0.8849 0.4514 0.1152
vn -0.9693 0.2375 0.0640
vn -0.9323 0.3347 0.1373
vn -0.8514 0.4819 0.2073
vn 0.6125 0.7805 0.1254
vn 0.4760 0.8329 0.2822
vn 0.2780 0.8746 0.3973
vn 0.0679 0.8849 0.4609
vn -0.3425 0.8114 0.4737
vn -0.7295 0.5863 0.3521
vn -0.9601 0.2495 0.1266
vn -0.9045 0.4260 0.0201
vn -0.6710 0.7354 0.0942
vn -0.7142 0.6809 0.1620
vn -0.8893 0.4440 0.1095
vn -0.9745 0.2167 0.0580
vn -0.9357 0.3236 0.1403
vn -0.8202 0.5214 0.2352
vn 0.5290 0.8324 0.1651
vn 0.4292 0.8500 0.3055
vn 0.2561 0.8767 0.4071
vn 0.0830 0.8801 0.4675
vn -0.2053 0.8418 0.4992
vn -0.5798 0.6913 0.4312
vn -0.8882 0.3993 0.2271
vn -0.8981 0.4377 0.0427
vn -0.7193 0.6868 0.1045
vn -0.7278 0.6742 0.1256
vn -0.8957 0.4307 0.1105
vn -0.9791 0.1938 0.0624
vn -0.9400 0.3121 0.1380
vn -0.7940 0.5579 0.2415
vn 0.4394 0.8690 0.2276
vn 0.3818 0.8614 0.3350
vn 0.2314 0.8772 0.4206
vn 0.0723 0.8771 0.4748
vn -0.1148 0.8534 0.5084
vn -0.4248 0.7625 0.4880
vn -0.7501 0.5649 0.3439
vn -0.8834 0.4460 0.1437
vn -0.7335 0.6708 0.1097
vn -0.7590 0.6425 0.1056
vn -0.9041 0.4113 0.1157
vn -0.9813 0.1765 0.0766
vn -0.9440 0.3086 0.1164
vn -0.7747 0.5920 0.2222
vn 0.3705 0.8804 0.2960
vn 0.3315 0.8707 0.3634
vn 0.2087 0.8756 0.4357
vn 0.0578 0.8742 0.4821
vn -0.0793 0.8570 0.5093
vn -0.3069 0.7999 0.5157
vn -0.6019 0.6717 0.4319
vn -0.8124 0.5234 0.2569
vn -0.7303 0.6638 0.1613
vn -0.7971 0.5895 0.1310
vn -0.9145 0.3839 0.1278
vn -0.9801 0.1825 0.0779
vn -0.9441 0.3007 0.1348
vn -0.7834 0.5927 0.1869
vn 0.3183 0.8885 0.3306
vn 0.2877 0.8789 0.3805
vn 0.1709 0.8810 0.4411
vn 0.0370 0.8708 0.4902
vn -0.0848 0.8523 0.5161
vn -0.2415 0.8170 0.5236
vn -0.4763 0.7334 0.4851
vn -0.6997 0.6153 0.3631
vn -0.7154 0.6554 0.2421
vn -0.8269 0.5431 0.1458
vn -0.9217 0.3708 0.1140
vn -0.9806 0.1718 0.0941
vn -0.9404 0.3280 0.0901
vn -0.7793 0.6167 0.1115
vn 0.3163 0.8466 0.4280
vn 0.2671 0.8657 0.4233
vn 0.1482 0.8768 0.4574
vn 0.0180 0.8716 0.4899
vn -0.0856 0.8559 0.5099
vn -0.2206 0.8260 0.5187
vn -0.3984 0.7721 0.4952
vn -0.5867 0.6918 0.4209
vn -0.6658 0.6744 0.3193
vn -0.8304 0.5116 0.2208
vn -0.9244 0.3312 0.1889
vn -0.9718 0.2005 0.1246
vn -0.9269 0.3671 0.0781
vn -0.7750 0.6236 0.1025
vn 0.3173 0.8253 0.4671
vn 0.2447 0.8455 0.4746
vn 0.1270 0.8536 0.5053
vn 0.0143 0.8484 0.5292
vn -0.0946 0.8383 0.5370
vn -0.2059 0.8199 0.5342
vn -0.3491 0.7813 0.5174
vn -0.4964 0.7309 0.4683
vn -0.6284 0.6762 0.3846
vn -0.8376 0.4731 0.2731
vn -0.9191 0.3361 0.2056
vn -0.9490 0.2555 0.1849
vn -0.9117 0.3875 0.1365
vn -0.7570 0.6524 0.0366
vn 0.2894 0.8522 0.4359
vn 0.1882 0.8552 0.4829
vn 0.1071 0.8385 0.5342
vn 0.0189 0.8325 0.5536
vn -0.0905 0.8272 0.5546
vn -0.1970 0.8133 0.5476
vn -0.3166 0.7874 0.5289
vn -0.4404 0.7554 0.4852
vn -0.6087 0.6800 0.4088
vn -0.8295 0.4684 0.3042
vn -0.9209 0.3269 0.2124
vn -0.9370 0.3231 0.1328
vn -0.8538 0.5192 0.0379
vn -0.6674 0.7446 -0.0161
vn 0.2762 0.8251 0.4928
vn 0.1933 0.8391 0.5084
vn 0.1015 0.8522 0.5133
vn 0.0070 0.8509 0.5253
vn -0.0860 0.8405 0.5350
vn -0.1890 0.8250 0.5326
vn -0.2894 0.8051 0.5178
vn -0.4033 0.7744 0.4875
vn -0.6072 0.6722 0.4236
vn -0.8167 0.4799 0.3204
vn -0.9008 0.3805 0.2090
vn -0.8912 0.4377 0.1189
vn -0.7961 0.6028 0.0535
vn -0.5922 0.8058 0.0084
vn 0.2584 0.8067 0.5315
vn 0.1730 0.8157 0.5520
vn 0.0923 0.8166 0.5698
vn 0.0101 0.8161 0.5778
vn -0.0844 0.8125 0.5768
vn -0.1758 0.8058 0.5655
vn -0.2666 0.7957 0.5439
vn -0.3860 0.7700 0.5080
vn -0.5980 0.6626 0.4509
vn -0.7836 0.5157 0.3466
vn -0.8592 0.4541 0.2359
vn -0.8422 0.5199 0.1431
vn -0.7311 0.6784 0.0719
vn -0.5069 0.8614 0.0306
vn 0.2410 0.8124 0.5310
vn 0.1579 0.8165 0.5553
vn 0.0844 0.8158 0.5722
vn 0.0124 0.8138 0.5810
vn -0.0727 0.8113 0.5801
vn -0.1565 0.8086 0.5671
vn -0.2433 0.8036 0.5432
vn -0.3867 0.7720 0.5045
vn -0.5843 0.6798 0.4432
vn -0.7442 0.5665 0.3540
vn -0.8083 0.5331 0.2500
vn -0.7802 0.6045 0.1606
vn -0.6600 0.7442 0.1027
vn -0.4317 0.8991 0.0723
vn 0.5239 0.8436 0.1174
vn 0.7752 0.6276 0.0715
vn 0.5769 0.8069 0.1271
vn 0.2352 0.9515 0.1985
vn -0.3200 0.9255 0.2027
vn -0.8081 0.5793 0.1063
vn -0.9973 0.0686 -0.0281
vn -0.9707 0.1956 -0.1396
vn -0.7976 0.5976 0.0822
vn -0.5175 0.8303 0.2070
vn -0.7317 0.6624 0.1608
vn -0.9099 0.4052 0.0883
vn -0.9523 0.3033 0.0352
vn -0.9262 0.3578 0.1192
vn -0.9338 0.3380 0.1172
vn -0.8685 0.4948 0.0289
vn -0.8390 0.5360 0.0937
vn -0.7936 0.5938 0.1324
vn -0.7347 0.6522 0.1865
vn -0.6588 0.7137 0.2381
vn -0.5696 0.7784 0.2641
vn -0.4773 0.8285 0.2930
vn -0.4560 0.8598 0.2298
vn -0.4622 0.8720 0.1610
vn -0.5431 0.8323 0.1112
vn -0.4403 0.8976 -0.0233
vn -0.3572 0.9329 -0.0452
vn -0.2739 0.9615 -0.0207
vn -0.1935 0.9810 0.0140
vn -0.1292 0.9898 0.0601
vn -0.0708 0.9940 0.0831
vn -0.3655 0.9255 0.0997
vn -0.5946 0.7938 0.1279
vn -0.7202 0.6712 0.1755
vn -0.7533 0.6113 0.2424
vn -0.7049 0.6290 0.3278
vn -0.5743 0.7078 0.4113
vn -0.3816 0.7883 0.4827
vn -0.2228 0.8176 0.5309
vn -0.1346 0.8211 0.5547
vn -0.0590 0.8215 0.5671
vn 0.0156 0.8224 0.5688
vn 0.0773 0.8244 0.5607
vn 0.1325 0.8331 0.5370
vn 0.1889 0.8532 0.4862
vn 0.2222 0.8692 0.4417
vn 0.2654 0.8367 0.4790
vn 0.3194 0.8007 0.5069
vn 0.3435 0.8126 0.4708
vn 0.3668 0.8353 0.4095
vn 0.3702 0.8205 0.4356
vn 0.3988 0.8239 0.4027
vn 0.4223 0.8449 0.3282
vn 0.4081 0.8680 0.2829
vn 0.4134 0.8707 0.2664
vn 0.3957 0.8869 0.2385
vn 0.3871 0.8984 0.2076
vn 0.4057 0.8963 0.1790
vn 0.4392 0.8855 0.1519
vn 0.4772 0.8703 0.1218
vn 0.1100 0.8690 0.4824
vn 0.0889 0.8456 0.5264
vn 0.0591 0.8327 0.5505
vn 0.0234 0.8302 0.5570
vn -0.0345 0.8324 0.5531
vn -0.0923 0.8377 0.5383
vn -0.1490 0.8434 0.5162
vn -0.3089 0.8315 0.4618
vn -0.5021 0.7848 0.3633
vn -0.6344 0.7256 0.2665
vn -0.6694 0.7185 0.1887
vn -0.6187 0.7760 0.1224
vn -0.4773 0.8756 0.0743
vn -0.2527 0.9661 0.0526
vn 0.0577 0.8677 0.4938
vn 0.0540 0.8449 0.5322
vn 0.0461 0.8292 0.5570
vn 0.0341 0.8236 0.5661
vn -0.0157 0.8291 0.5589
vn -0.0665 0.8404 0.5378
vn -0.1024 0.8563 0.5062
vn -0.2397 0.8565 0.4571
vn -0.4484 0.8192 0.3575
vn -0.5880 0.7689 0.2511
vn -0.6189 0.7700 0.1550
vn -0.5646 0.8201 0.0932
vn -0.4285 0.9018 0.0558
vn -0.2139 0.9761 0.0396
vn 0.0274 0.8705 0.4914
vn 0.0338 0.8570 0.5142
vn 0.0374 0.8475 0.5294
vn 0.0344 0.8433 0.5363
vn 0.0122 0.8438 0.5365
vn -0.0260 0.8491 0.5275
vn -0.0549 0.8603 0.5068
vn -0.1618 0.8603 0.4835
vn -0.3767 0.8425 0.3850
vn -0.5190 0.8118 0.2677
vn -0.5665 0.8065 0.1691
vn -0.5177 0.8498 0.0991
vn -0.3847 0.9217 0.0494
vn -0.1719 0.9850 0.0180
vn -0.0088 0.8703 0.4925
vn 0.0061 0.8543 0.5197
vn 0.0230 0.8415 0.5398
vn 0.0324 0.8346 0.5499
vn 0.0239 0.8340 0.5512
vn 0.0006 0.8395 0.5434
vn -0.0334 0.8510 0.5241
vn -0.0790 0.8613 0.5019
vn -0.2842 0.8567 0.4305
vn -0.4427 0.8358 0.3248
vn -0.5046 0.8337 0.2243
vn -0.4606 0.8764 0.1406
vn -0.3293 0.9412 0.0761
vn -0.1295 0.9910 0.0349
vn -0.0088 0.8689 0.4949
vn 0.0061 0.8586 0.5127
vn 0.0231 0.8489 0.5281
vn 0.0325 0.8410 0.5401
vn 0.0346 0.8362 0.5473
vn 0.0260 0.8366 0.5472
vn -0.0069 0.8430 0.5379
vn -0.0178 0.8563 0.5162
vn -0.2002 0.8525 0.4828
vn -0.3610 0.8451 0.3942
vn -0.4270 0.8562 0.2908
vn -0.3884 0.9012 0.1923
vn -0.2667 0.9565 0.1186
vn -0.0825 0.9946 0.0623
vn -0.0317 0.8603 0.5087
vn -0.0146 0.8559 0.5169
vn 0.0066 0.8507 0.5257
vn 0.0226 0.8464 0.5320
vn 0.0350 0.8410 0.5398
vn 0.0380 0.8358 0.5477
vn 0.0211 0.8332 0.5526
vn 0.0036 0.8364 0.5481
vn -0.1297 0.8337 0.5367
vn -0.2699 0.8424 0.4663
vn -0.3295 0.8670 0.3738
vn -0.3049 0.9122 0.2739
vn -0.1916 0.9641 0.1836
vn -0.0207 0.9934 0.1127
vn -0.0417 0.8565 0.5145
vn -0.0257 0.8521 0.5228
vn -0.0017 0.8447 0.5353
vn 0.0120 0.8402 0.5422
vn 0.0241 0.8376 0.5458
vn 0.0312 0.8351 0.5492
vn 0.0266 0.8323 0.5537
vn 0.0044 0.8316 0.5554
vn -0.0702 0.8325 0.5496
vn -0.1810 0.8412 0.5095
vn -0.2238 0.8765 0.4262
vn -0.2002 0.9243 0.3249
vn -0.1021 0.9688 0.2261
vn 0.0525 0.9879 0.1462
vn -0.0525 0.8636 0.5015
vn -0.0421 0.8631 0.5032
vn -0.0110 0.8598 0.5106
vn 0.0074 0.8557 0.5175
vn 0.0201 0.8523 0.5227
vn 0.0255 0.8505 0.5253
vn 0.0241 0.8490 0.5278
vn 0.0062 0.8477 0.5304
vn -0.0360 0.8509 0.5241
vn -0.0910 0.8619 0.4988
vn -0.1097 0.8946 0.4332
vn -0.0848 0.9333 0.3490
vn -0.0054 0.9651 0.2617
vn 0.1236 0.9752 0.1835
vn -0.0560 0.8836 0.4648
vn -0.0514 0.8793 0.4734
vn -0.0201 0.8800 0.4745
vn 0.0009 0.8791 0.4767
vn 0.0174 0.8774 0.4794
vn 0.0231 0.8767 0.4804
vn 0.0213 0.8762 0.4816
vn 0.0127 0.8757 0.4827
vn -0.0085 0.8775 0.4796
vn -0.0137 0.8906 0.4546
vn 0.0621 0.9080 0.4142
vn 0.1041 0.9312 0.3494
vn 0.1721 0.9473 0.2700
vn 0.1966 0.9620 0.1896
vn -0.0691 0.9132 0.4016
vn -0.0538 0.9090 0.4133
vn -0.0232 0.9088 0.4166
vn -0.0023 0.9076 0.4197
vn 0.0168 0.9068 0.4213
vn 0.0228 0.9069 0.4206
vn 0.0212 0.9074 0.4197
vn 0.0266 0.9080 0.4181
vn 0.0506 0.9104 0.4107
vn 0.0832 0.9185 0.3865
vn 0.1195 0.9304 0.3466
vn 0.1768 0.9385 0.2965
vn 0.2499 0.9407 0.2294
vn 0.3284 0.9318 0.1546
vn -0.0851 0.9437 0.3197
vn -0.0594 0.9433 0.3267
vn -0.0278 0.9432 0.3310
vn -0.0041 0.9421 0.3354
vn 0.0182 0.9409 0.3382
vn 0.0253 0.9411 0.3372
vn 0.0342 0.9412 0.3360
vn 0.0426 0.9439 0.3274
vn 0.0891 0.9448 0.3152
vn 0.1244 0.9513 0.2820
vn 0.1746 0.9532 0.2467
vn 0.2364 0.9515 0.1968
vn 0.3020 0.9428 0.1413
vn 0.3661 0.9262 0.0905
vn -0.0951 0.9726 0.2122
vn -0.0660 0.9738 0.2174
vn -0.0338 0.9743 0.2226
vn -0.0074 0.9738 0.2273
vn 0.0199 0.9727 0.2313
vn 0.0335 0.9718 0.2336
vn 0.0434 0.9726 0.2282
vn 0.0752 0.9723 0.2213
vn 0.1251 0.9734 0.1918
vn 0.1695 0.9726 0.1593
vn 0.2194 0.9685 0.1179
vn 0.2771 0.9578 0.0764
vn 0.3368 0.9408 0.0372
vn 0.3654 0.9308 0.0023
vn -0.1022 0.9916 0.0796
vn -0.0727 0.9937 0.0854
vn -0.0398 0.9951 0.0907
vn -0.0118 0.9953 0.0965
vn 0.0180 0.9944 0.1039
vn 0.0371 0.9931 0.1109
vn 0.0594 0.9923 0.1084
vn 0.1109 0.9894 0.0934
vn 0.1562 0.9860 0.0586
vn 0.2074 0.9778 0.0292
vn 0.2549 0.9669 -0.0074
vn 0.3042 0.9517 -0.0425
vn 0.3345 0.9397 -0.0706
vn 0.3825 0.9195 -0.0902
vn -0.1123 0.9922 -0.0544
vn -0.0784 0.9957 -0.0502
vn -0.0462 0.9978 -0.0478
vn -0.0278 0.9988 -0.0398
vn -0.0017 0.9995 -0.0311
vn 0.0425 0.9989 -0.0179
vn 0.0757 0.9969 -0.0232
vn 0.1373 0.9897 -0.0397
vn 0.1841 0.9806 -0.0666
vn 0.2276 0.9691 -0.0950
vn 0.2530 0.9604 -0.1164
vn 0.3006 0.9435 -0.1392
vn 0.3479 0.9242 -0.1573
vn 0.3845 0.9082 -0.1652
vn 0.1831 0.8607 0.4750
vn 0.1645 0.8477 0.5043
vn 0.1207 0.8425 0.5250
vn 0.0675 0.8403 0.5378
vn 0.0177 0.8367 0.5474
vn -0.0457 0.8363 0.5464
vn -0.1124 0.8362 0.5368
vn -0.1914 0.8343 0.5170
vn -0.3591 0.8106 0.4626
vn -0.5512 0.7451 0.3755
vn -0.6697 0.6871 0.2816
vn -0.7101 0.6711 0.2131
vn -0.6673 0.7280 0.1576
vn -0.5338 0.8377 0.1154
vn -0.3024 0.9493 0.0862
vn -0.0245 0.9969 0.0741
vn 0.0098 0.9987 0.0500
vn 0.0449 0.9984 0.0341
vn 0.0808 0.9967 0.0103
vn 0.1030 0.9945 0.0174
vn 0.1354 0.9905 0.0250
vn 0.1741 0.9830 0.0584
vn 0.2157 0.9724 0.0886
vn 0.2681 0.9560 0.1191
vn 0.3201 0.9396 0.1211
vn 0.3659 0.9258 0.0952
vn 0.4013 0.9145 0.0519
vn 0.4210 0.9068 -0.0212
vn 0.4253 0.8997 -0.0984
vn 0.4174 0.8943 -0.1614
vn 0.4001 0.8947 -0.1987
vn 0.3769 0.9016 -0.2124
vn 0.3510 0.9111 -0.2161
vn 0.3133 0.9255 -0.2126
vn 0.2705 0.9403 -0.2068
vn 0.2241 0.9552 -0.1935
vn 0.1815 0.9669 -0.1796
vn 0.1356 0.9774 -0.1621
vn 0.1083 0.9857 -0.1292
vn 0.0417 0.9907 -0.1292
vn 0.0001 0.9919 -0.1270
vn -0.0451 0.9886 -0.1440
vn -0.0679 0.9852 -0.1576
vn -0.0899 0.9819 -0.1668
vn -0.1049 0.9816 -0.1599
vn -0.1247 0.9824 -0.1390
vn -0.1457 0.9878 -0.0553
vn -0.1427 0.9867 0.0779
vn -0.1400 0.9674 0.2112
vn -0.1404 0.9364 0.3217
vn -0.1361 0.9072 0.3980
vn -0.1161 0.8867 0.4475
vn -0.0899 0.8725 0.4803
vn -0.0645 0.8669 0.4943
vn -0.0449 0.8689 0.4929
vn -0.0250 0.8776 0.4787
vn -0.0252 0.8889 0.4575
vn 0.0194 0.8907 0.4542
vn 0.0669 0.8862 0.4585
vn 0.1143 0.8991 0.4225
vn -0.0833 0.9965 0.0110
vn -0.1574 0.9843 -0.0797
vn -0.1566 0.9798 -0.1241
vn -0.0893 0.9842 -0.1528
vn 0.0099 0.9862 -0.1653
vn 0.1698 0.9766 -0.1322
vn 0.2532 0.9630 -0.0924
vn 0.1703 0.9849 -0.0297
vn 0.0873 0.9958 0.0265
vn 0.0286 0.9984 0.0496
vn 0.0262 0.9949 0.0975
vn 0.0455 0.9846 0.1688
vn 0.0747 0.9688 0.2363
vn 0.1052 0.9488 0.2980
vn 0.0029 0.9967 0.0816
vn -0.0823 0.9966 -0.0046
vn -0.0927 0.9895 -0.1113
vn -0.0524 0.9882 -0.1442
vn 0.0258 0.9946 -0.1008
vn 0.1583 0.9847 -0.0725
vn 0.2121 0.9769 -0.0250
vn 0.1719 0.9844 0.0382
vn 0.0519 0.9932 0.1046
vn -0.0077 0.9890 0.1474
vn -0.0270 0.9828 0.1828
vn -0.0169 0.9723 0.2331
vn 0.0051 0.9570 0.2901
vn 0.0334 0.9359 0.3506
vn 0.0321 0.9924 0.1185
vn 0.0499 0.9950 0.0863
vn -0.0847 0.9950 -0.0522
vn -0.2217 0.9740 -0.0473
vn 0.0387 0.9983 0.0431
vn 0.1489 0.9870 0.0608
vn 0.1742 0.9811 0.0838
vn 0.1299 0.9830 0.1300
vn 0.0540 0.9789 0.1971
vn -0.0077 0.9690 0.2471
vn -0.0268 0.9627 0.2693
vn -0.0489 0.9560 0.2892
vn -0.0407 0.9471 0.3184
vn -0.0244 0.9330 0.3590
vn 0.0319 0.9887 0.1466
vn 0.0756 0.9893 0.1247
vn -0.1084 0.9875 0.1145
vn -0.2827 0.9505 0.1289
vn -0.0816 0.9874 0.1359
vn 0.1525 0.9642 0.2169
vn 0.1479 0.9645 0.2188
vn 0.0818 0.9662 0.2443
vn 0.0129 0.9604 0.2783
vn -0.0285 0.9477 0.3179
vn -0.0470 0.9375 0.3447
vn -0.0480 0.9316 0.3602
vn -0.0403 0.9258 0.3760
vn -0.0244 0.9175 0.3970
vn 0.0550 0.9961 0.0694
vn 0.0780 0.9966 0.0275
vn -0.1636 0.9804 0.1099
vn -0.3151 0.9337 0.1702
vn -0.1531 0.9709 0.1843
vn 0.1506 0.9621 0.2271
vn 0.1292 0.9295 0.3454
vn 0.0566 0.9285 0.3670
vn -0.0227 0.9298 0.3674
vn -0.0559 0.9316 0.3590
vn -0.0632 0.9219 0.3823
vn -0.0643 0.9118 0.4057
vn -0.0629 0.9037 0.4234
vn -0.0567 0.8960 0.4405
vn 0.0974 0.9936 -0.0572
vn -0.0111 0.9924 0.1226
vn -0.2231 0.9447 0.2402
vn -0.1892 0.9364 0.2955
vn -0.2382 0.9566 0.1679
vn 0.0017 0.9694 0.2457
vn 0.1009 0.9295 0.3547
vn 0.0595 0.8845 0.4627
vn -0.0105 0.8956 0.4448
vn -0.0800 0.9049 0.4179
vn -0.0893 0.9153 0.3928
vn -0.0845 0.9068 0.4131
vn -0.0823 0.8964 0.4355
vn -0.0772 0.8874 0.4545
vn -0.0867 0.9622 0.2581
vn -0.1382 0.8958 0.4224
vn -0.2159 0.8262 0.5204
vn -0.1857 0.8767 0.4438
vn -0.2389 0.9314 0.2744
vn -0.1288 0.9797 0.1537
vn -0.0305 0.9628 0.2685
vn 0.0776 0.9175 0.3902
vn 0.0219 0.8612 0.5078
vn -0.0493 0.8810 0.4705
vn -0.1106 0.8937 0.4347
vn -0.1104 0.9032 0.4149
vn -0.1043 0.8919 0.4400
vn -0.0993 0.8846 0.4557
vn -0.2549 0.8132 0.5231
vn -0.2567 0.8733 0.4140
vn -0.1343 0.9465 0.2934
vn -0.0054 0.9672 0.2538
vn -0.1032 0.9447 0.3112
vn -0.2484 0.9422 0.2248
vn -0.1688 0.9761 0.1371
vn -0.0648 0.9640 0.2581
vn 0.0619 0.9165 0.3953
vn -0.0075 0.8619 0.5071
vn -0.0853 0.8755 0.4756
vn -0.1382 0.8881 0.4384
vn -0.1230 0.8921 0.4348
vn -0.1191 0.8827 0.4546
vn -0.1379 0.9634 0.2298
vn -0.1232 0.9900 0.0690
vn -0.0909 0.9958 0.0141
vn -0.0724 0.9880 0.1367
vn -0.0206 0.9716 0.2357
vn -0.1498 0.9469 0.2844
vn -0.2903 0.9318 0.2177
vn -0.2189 0.9660 0.1374
vn -0.0758 0.9649 0.2513
vn 0.0222 0.9265 0.3758
vn -0.0442 0.8784 0.4759
vn -0.1307 0.8708 0.4740
vn -0.1458 0.8868 0.4386
vn -0.1285 0.8885 0.4404
vn 0.0320 0.9982 0.0504
vn -0.0651 0.9915 0.1126
vn -0.2154 0.9677 0.1311
vn -0.1746 0.9806 0.0886
vn -0.0790 0.9795 0.1851
vn -0.0897 0.9589 0.2692
vn -0.1999 0.9380 0.2831
vn -0.3279 0.9226 0.2032
vn -0.2132 0.9722 0.0968
vn -0.1006 0.9695 0.2236
vn -0.0536 0.9416 0.3324
vn -0.0947 0.9125 0.3979
vn -0.1487 0.9007 0.4083
vn -0.1305 0.9095 0.3947
vn -0.0356 0.9937 0.1061
vn -0.0897 0.9696 0.2276
vn -0.1688 0.9619 0.2151
vn -0.2666 0.9455 0.1869
vn -0.1682 0.9785 0.1195
vn -0.1120 0.9727 0.2034
vn -0.1258 0.9485 0.2907
vn -0.2068 0.9203 0.3322
vn -0.3341 0.9188 0.2102
vn -0.2169 0.9706 0.1042
vn -0.1325 0.9727 0.1903
vn -0.1160 0.9590 0.2585
vn -0.1390 0.9458 0.2935
vn -0.1385 0.9416 0.3069
vn -0.1634 0.9759 0.1450
vn -0.0800 0.9838 0.1605
vn -0.1455 0.9697 0.1961
vn -0.1948 0.9665 0.1670
vn -0.2500 0.9572 0.1457
vn -0.2038 0.9680 0.1465
vn -0.1770 0.9675 0.1808
vn -0.0923 0.9728 0.2125
vn -0.2185 0.9322 0.2886
vn -0.2954 0.9235 0.2446
vn -0.2030 0.9694 0.1381
vn -0.1570 0.9786 0.1330
vn -0.1577 0.9735 0.1654
vn -0.1560 0.9697 0.1881
vn -0.0729 0.9882 0.1343
vn -0.1178 0.9926 0.0302
vn -0.1183 0.9927 0.0231
vn -0.1765 0.9802 0.0899
vn -0.2495 0.9670 0.0512
vn -0.2370 0.9712 0.0227
vn -0.2074 0.9778 0.0284
vn -0.1758 0.9814 0.0774
vn -0.1817 0.9754 0.1252
vn -0.1883 0.9748 0.1199
vn -0.1967 0.9754 0.0996
vn -0.1897 0.9796 0.0662
vn -0.1817 0.9815 0.0603
vn -0.1738 0.9826 0.0655
vn -0.0128 0.9997 0.0195
vn -0.1185 0.9921 -0.0400
vn -0.2538 0.9667 -0.0320
vn -0.1887 0.9812 0.0393
vn -0.1849 0.9787 0.0892
vn -0.2466 0.9678 0.0509
vn -0.1702 0.9838 0.0558
vn -0.2327 0.9720 -0.0316
vn -0.1961 0.9804 -0.0200
vn -0.1673 0.9859 0.0010
vn -0.1622 0.9868 0.0001
vn -0.1724 0.9850 -0.0015
vn -0.1741 0.9846 -0.0134
vn -0.1652 0.9859 -0.0264
vn -0.0794 0.9870 -0.1400
vn -0.1506 0.9729 -0.1757
vn -0.2002 0.9555 -0.2165
vn -0.1631 0.9611 -0.2228
vn -0.0742 0.9776 -0.1969
vn 0.1013 0.9855 -0.1364
vn 0.2772 0.9602 -0.0347
vn 0.2582 0.9647 0.0517
vn 0.1888 0.9753 0.1147
vn 0.0988 0.9896 0.1042
vn 0.0757 0.9907 0.1130
vn 0.0982 0.9802 0.1721
vn 0.1158 0.9707 0.2107
vn 0.1409 0.9524 0.2703
vn 0.1705 0.9201 0.3525
vn 0.1908 0.8803 0.4344
vn 0.1243 0.9250 0.3590
vn 0.0613 0.9103 0.4094
vn 0.0048 0.9129 0.4081
vn 0.0046 0.9051 0.4252
vn -0.0345 0.8880 0.4585
vn -0.0587 0.8789 0.4734
vn -0.0825 0.8773 0.4728
vn -0.1087 0.8801 0.4623
vn -0.1309 0.8888 0.4392
vn -0.1426 0.9070 0.3963
vn -0.1489 0.9362 0.3183
vn -0.1572 0.9664 0.2036
vn -0.1674 0.9833 0.0719
vn -0.1604 0.9862 -0.0418
vn -0.1392 0.9832 -0.1178
vn -0.1515 0.9829 -0.1045
vn -0.1608 0.9827 -0.0917
vn -0.1680 0.9818 -0.0884
vn -0.1704 0.9804 -0.0986
vn -0.1773 0.9779 -0.1112
vn -0.1801 0.9789 -0.0970
vn -0.1588 0.9871 -0.0219
vn -0.1717 0.9848 -0.0245
vn -0.2099 0.9776 0.0134
vn -0.0920 0.9901 0.1063
vn -0.2277 0.9714 0.0680
vn -0.3206 0.9472 -0.0014
vn -0.1293 0.9915 -0.0118
vn 0.0306 0.9990 0.0316
vn -0.0454 0.9953 0.0852
vn -0.0984 0.9936 0.0552
vn -0.1350 0.9875 0.0809
vn -0.0819 0.9935 0.0792
vn -0.0641 0.9859 0.1546
vn -0.3005 0.9158 0.2664
vn -0.2443 0.9553 0.1663
vn 0.0352 0.9568 0.2886
vn -0.0304 0.9461 0.3223
vn -0.1606 0.9851 0.0620
vn -0.0671 0.9974 -0.0279
vn -0.0413 0.9917 0.1215
vn -0.0398 0.9923 0.1171
vn -0.0399 0.9946 0.0963
vn -0.0544 0.9974 0.0467
vn -0.0311 0.9947 -0.0975
vn -0.0577 0.9849 -0.1631
vn -0.0564 0.9736 -0.2211
vn -0.0248 0.9713 -0.2366
vn 0.0097 0.9741 -0.2259
vn 0.0828 0.9715 -0.2219
vn 0.1029 0.9789 -0.1766
vn 0.1080 0.9853 -0.1323
vn 0.0569 0.9937 -0.0961
vn -0.0011 0.9964 -0.0851
vn -0.0133 0.9974 -0.0708
vn 0.0086 0.9987 -0.0495
vn 0.0422 0.9925 -0.1145
vn -0.0814 0.9924 -0.0923
vn 0.0068 0.9974 0.0717
vn -0.0002 0.9995 0.0329
vn -0.0087 0.9996 -0.0265
vn -0.0078 0.9970 -0.0767
vn 0.0123 0.9953 -0.0957
vn 0.0362 0.9944 -0.0991
vn 0.0584 0.9942 -0.0905
vn 0.0715 0.9943 -0.0792
vn 0.0458 0.9975 -0.0546
vn -0.0153 0.9995 -0.0290
vn -0.0343 0.9993 -0.0170
vn 0.0738 0.9930 -0.0927
vn 0.0424 0.9968 -0.0684
vn -0.1810 0.9826 0.0429
vn 0.0406 0.9604 0.2758
vn 0.0545 0.9684 0.2433
vn 0.0481 0.9806 0.1898
vn 0.0356 0.9905 0.1328
vn 0.0417 0.9952 0.0881
vn 0.0621 0.9964 0.0575
vn 0.0470 0.9986 0.0225
vn 0.0467 0.9987 0.0181
vn 0.0200 0.9991 0.0364
vn -0.0272 0.9971 0.0712
vn 0.0418 0.9991 -0.0065
vn 0.0494 0.9985 -0.0243
vn -0.0703 0.9972 0.0248
vn -0.1802 0.9772 0.1126
vn 0.0846 0.8955 0.4370
vn 0.0777 0.9135 0.3993
vn 0.0855 0.9224 0.3767
vn 0.0998 0.9349 0.3405
vn 0.1054 0.9544 0.2793
vn 0.1076 0.9703 0.2167
vn 0.0764 0.9823 0.1711
vn 0.0279 0.9890 0.1456
vn -0.0153 0.9914 0.1302
vn 0.0508 0.9952 0.0834
vn 0.0596 0.9951 0.0791
vn -0.0006 0.9910 0.1338
vn -0.1576 0.9760 0.1504
vn -0.1779 0.9839 0.0167
vn 0.0650 0.8701 0.4886
vn 0.0582 0.8633 0.5013
vn 0.1120 0.8535 0.5089
vn 0.1736 0.8616 0.4769
vn 0.1472 0.8986 0.4134
vn 0.1291 0.9189 0.3727
vn 0.1264 0.9288 0.3483
vn 0.1054 0.9482 0.2996
vn 0.0897 0.9667 0.2396
vn 0.0548 0.9814 0.1841
vn 0.0034 0.9773 0.2120
vn -0.0196 0.9565 0.2910
vn -0.0232 0.9272 0.3739
vn -0.2124 0.9582 0.1918
vn 0.0652 0.8740 0.4815
vn 0.0926 0.8645 0.4940
vn 0.1686 0.8708 0.4618
vn 0.1566 0.8949 0.4179
vn 0.1213 0.8896 0.4404
vn 0.0875 0.8827 0.4617
vn 0.1584 0.8616 0.4823
vn 0.2037 0.8728 0.4435
vn 0.1269 0.9258 0.3561
vn 0.0461 0.9459 0.3211
vn -0.0803 0.9513 0.2976
vn -0.1077 0.9447 0.3097
vn 0.1642 0.9278 0.3349
vn -0.0020 0.8874 0.4610
vn 0.0643 0.9210 0.3843
vn 0.0783 0.9243 0.3735
vn 0.0965 0.9163 0.3888
vn 0.0985 0.8863 0.4525
vn 0.0861 0.8630 0.4978
vn 0.1573 0.8415 0.5169
vn 0.2494 0.8589 0.4473
vn 0.1572 0.9109 0.3814
vn 0.1134 0.8967 0.4278
vn 0.1554 0.8878 0.4332
vn -0.0123 0.9416 0.3365
vn -0.1330 0.9575 0.2559
vn 0.0265 0.9781 0.2066
vn 0.2430 0.9126 0.3289
vn 0.0670 0.9612 0.2676
vn 0.0796 0.9533 0.2913
vn 0.0974 0.9410 0.3241
vn 0.1001 0.9197 0.3795
vn 0.0891 0.8996 0.4275
vn 0.1718 0.8849 0.4330
vn 0.2195 0.8790 0.4233
vn 0.0778 0.8848 0.4594
vn 0.1367 0.8482 0.5117
vn 0.2713 0.8370 0.4752
vn 0.0698 0.9193 0.3872
vn -0.1638 0.9374 0.3073
vn -0.1116 0.9148 0.3882
vn 0.0899 0.9627 0.2554
vn 0.0396 0.9885 0.1456
vn 0.0402 0.9847 0.1698
vn 0.0285 0.9776 0.2087
vn 0.0342 0.9659 0.2567
vn 0.0772 0.9481 0.3083
vn 0.1729 0.9053 0.3881
vn 0.1318 0.8679 0.4789
vn 0.1339 0.8285 0.5437
vn 0.1919 0.8536 0.4843
vn 0.3023 0.8505 0.4305
vn 0.1519 0.8935 0.4225
vn -0.0737 0.9336 0.3507
vn 0.1184 0.9552 0.2713
vn 0.2658 0.9437 0.1971
vn 0.0151 0.9918 0.1270
vn -0.0019 0.9916 0.1291
vn -0.0271 0.9943 0.1027
vn -0.0298 0.9946 0.0999
vn -0.0215 0.9847 0.1727
vn 0.0582 0.9633 0.2620
vn 0.1381 0.9277 0.3469
vn 0.1502 0.8941 0.4219
vn 0.2699 0.8704 0.4118
vn 0.2306 0.9064 0.3540
vn 0.1099 0.8935 0.4354
vn 0.1476 0.8712 0.4683
vn 0.3359 0.9058 0.2582
vn 0.1255 0.9905 0.0570
vn 0.0123 0.9892 0.1458
vn 0.0209 0.9950 0.0981
vn -0.0263 0.9971 0.0721
vn -0.1008 0.9935 0.0525
vn -0.1092 0.9918 0.0663
vn -0.0364 0.9929 0.1132
vn 0.0507 0.9826 0.1789
vn 0.1565 0.9579 0.2408
vn 0.1963 0.9337 0.2995
vn 0.2264 0.8975 0.3785
vn 0.2156 0.8993 0.3804
vn 0.3052 0.9089 0.2843
vn 0.2947 0.9434 0.1524
vn 0.1359 0.9692 0.2054
vn 0.0670 0.9804 0.1855
vn 0.0458 0.9926 0.1122
vn -0.0106 0.9981 0.0602
vn -0.1156 0.9929 0.0292
vn -0.1522 0.9884 0.0005
vn -0.1018 0.9948 0.0080
vn -0.0161 0.9983 0.0568
vn 0.0907 0.9901 0.1067
vn 0.2005 0.9677 0.1530
vn 0.2352 0.9512 0.2000
vn 0.3020 0.9314 0.2034
vn 0.3274 0.9355 0.1325
vn 0.2508 0.9597 0.1266
vn 0.1554 0.9723 0.1743
vn 0.1551 0.9698 0.1883
vn 0.1043 0.9904 0.0903
vn 0.0214 0.9996 0.0177
vn -0.0834 0.9960 -0.0313
vn -0.1584 0.9848 -0.0716
vn -0.1503 0.9856 -0.0773
vn -0.0662 0.9965 -0.0508
vn 0.0428 0.9990 -0.0153
vn 0.1526 0.9880 0.0225
vn 0.2309 0.9719 0.0452
vn 0.3093 0.9493 0.0553
vn 0.3088 0.9494 0.0576
vn 0.2572 0.9628 0.0829
vn 0.1738 0.9816 0.0795
vn 0.2581 0.9613 0.0963
vn 0.1789 0.9838 0.0111
vn 0.0702 0.9948 -0.0739
vn -0.0396 0.9891 -0.1421
vn -0.1439 0.9733 -0.1788
vn -0.1758 0.9669 -0.1847
vn -0.1241 0.9749 -0.1851
vn 0.0069 0.9870 -0.1606
vn 0.1314 0.9829 -0.1293
vn 0.2328 0.9687 -0.0865
vn 0.2725 0.9615 -0.0350
vn 0.3103 0.9506 0.0077
vn 0.2759 0.9612 0.0078
vn 0.1455 0.9893 -0.0089
vn -0.0883 0.9959 -0.0210
vn -0.0979 0.9951 0.0133
vn -0.1183 0.9928 -0.0211
vn -0.0751 0.9934 -0.0862
vn -0.0145 0.9790 -0.2034
vn 0.0140 0.9535 -0.3012
vn 0.1553 0.9245 -0.3481
vn 0.1908 0.9413 -0.2784
vn 0.1855 0.9639 -0.1910
vn 0.1424 0.9833 -0.1134
vn 0.0799 0.9964 -0.0278
vn 0.0137 0.9985 0.0531
vn -0.0954 0.9922 0.0796
vn 0.0613 0.9978 -0.0247
vn 0.0166 0.9917 -0.1275
vn -0.0598 0.9823 -0.1775
vn -0.1225 0.9925 0.0062
vn -0.0815 0.9867 0.1406
vn -0.0817 0.9905 0.1105
vn -0.0889 0.9944 0.0570
vn -0.1537 0.9880 -0.0158
vn -0.1349 0.9631 0.2328
vn 0.0406 0.8809 0.4715
vn 0.1996 0.9764 0.0824
vn -0.0086 0.9824 0.1866
vn 0.0029 0.9784 0.2065
vn -0.0761 0.9786 0.1911
vn 0.0410 0.9867 0.1570
vn 0.0249 0.9976 0.0654
vn -0.0077 0.9997 0.0223
vn -0.1224 0.9920 -0.0310
vn 0.1004 0.9920 -0.0771
vn 0.3138 0.9488 -0.0355
vn 0.3114 0.9490 -0.0501
vn 0.2725 0.9512 -0.1444
vn 0.1822 0.9557 -0.2310
vn 0.0901 0.9584 -0.2707
vn -0.0421 0.9557 -0.2913
vn -0.1266 0.9470 -0.2952
vn -0.1478 0.9511 -0.2712
vn -0.1487 0.9491 -0.2776
vn -0.0007 0.9685 -0.2492
vn 0.1381 0.9752 -0.1731
vn 0.2589 0.9607 -0.0997
vn 0.3335 0.9370 -0.1037
vn 0.3083 0.9430 -0.1256
vn 0.2673 0.9526 0.1453
vn 0.1707 0.9459 0.2759
vn 0.0733 0.9612 0.2658
vn 0.0098 0.9795 0.2014
vn 0.0159 0.9930 0.1173
vn 0.0494 0.9926 0.1106
vn 0.0700 0.9654 0.2512
vn 0.0685 0.9216 0.3819
vn 0.0751 0.8765 0.4755
vn 0.0743 0.8586 0.5073
vn 0.0518 0.8885 0.4560
vn 0.0332 0.9557 0.2924
vn 0.0162 0.9950 0.0981
vn -0.0100 0.9998 -0.0195
vn -0.0789 0.9800 -0.1828
vn 0.0365 0.9840 -0.1745
vn 0.1409 0.9797 -0.1425
vn 0.2162 0.9715 -0.0971
vn 0.1512 0.9875 -0.0448
vn 0.0225 0.9997 0.0081
vn -0.1077 0.9936 0.0332
vn -0.0929 0.9955 0.0190
vn 0.0799 0.9968 0.0035
vn 0.2652 0.9638 0.0284
vn 0.2484 0.9678 0.0395
vn 0.1691 0.9854 0.0203
vn 0.0290 0.9995 -0.0119
vn 0.0088 0.9997 -0.0222
vn -0.1081 0.9939 -0.0234
vn -0.0339 0.9994 0.0054
vn 0.0456 0.9978 0.0481
vn 0.1125 0.9881 0.1045
vn 0.1147 0.9801 0.1621
vn 0.0272 0.9786 0.2040
vn -0.0835 0.9773 0.1949
vn -0.0640 0.9863 0.1519
vn 0.0631 0.9891 0.1333
vn 0.2645 0.9509 0.1605
vn 0.2712 0.9418 0.1984
vn 0.1996 0.9584 0.2042
vn 0.0758 0.9823 0.1715
vn 0.0195 0.9924 0.1217
vn -0.1391 0.9834 0.1163
vn -0.0819 0.9854 0.1492
vn -0.0129 0.9801 0.1983
vn 0.0520 0.9656 0.2547
vn 0.0814 0.9472 0.3100
vn 0.0540 0.9393 0.3389
vn -0.0295 0.9508 0.3084
vn -0.0446 0.9706 0.2365
vn 0.0560 0.9728 0.2250
vn 0.2293 0.9384 0.2584
vn 0.2740 0.9072 0.3192
vn 0.1899 0.9098 0.3690
vn 0.1133 0.9182 0.3796
vn 0.0524 0.9402 0.3366
vn -0.1369 0.9654 0.2219
vn -0.0797 0.9615 0.2631
vn -0.0626 0.9493 0.3080
vn 0.0023 0.9350 0.3547
vn 0.0608 0.9158 0.3970
vn 0.0775 0.9083 0.4111
vn 0.0330 0.9211 0.3879
vn -0.0168 0.9474 0.3196
vn 0.0422 0.9556 0.2917
vn 0.1624 0.9302 0.3293
vn 0.2261 0.8903 0.3952
vn 0.1873 0.8683 0.4593
vn 0.1152 0.8627 0.4924
vn 0.0739 0.8716 0.4846
vn -0.1751 0.9466 0.2709
vn -0.1234 0.9439 0.3064
vn -0.0611 0.9349 0.3497
vn -0.0321 0.9211 0.3881
vn 0.0363 0.9081 0.4171
vn 0.0839 0.8962 0.4356
vn 0.0824 0.8998 0.4285
vn 0.0140 0.9216 0.3879
vn -0.0068 0.9347 0.3554
vn 0.0866 0.9236 0.3736
vn 0.1443 0.8946 0.4228
vn 0.1542 0.8664 0.4749
vn 0.1147 0.8500 0.5142
vn 0.0722 0.8483 0.5246
vn -0.2108 0.9432 0.2567
vn -0.1700 0.9442 0.2820
vn -0.1056 0.9464 0.3052
vn -0.0344 0.9426 0.3320
vn 0.0079 0.9349 0.3548
vn 0.0616 0.9237 0.3781
vn 0.0748 0.9139 0.3990
vn 0.0354 0.9118 0.4092
vn -0.0047 0.9208 0.3899
vn 0.0011 0.9223 0.3864
vn 0.0727 0.9124 0.4027
vn 0.1007 0.8972 0.4300
vn 0.1009 0.8845 0.4555
vn 0.0644 0.8801 0.4705
vn -0.2371 0.9468 0.2176
vn -0.1971 0.9564 0.2155
vn -0.1394 0.9669 0.2137
vn -0.0648 0.9734 0.2197
vn 0.0042 0.9716 0.2368
vn 0.0595 0.9632 0.2619
vn 0.0731 0.9525 0.2956
vn 0.0280 0.9419 0.3347
vn 0.0059 0.9382 0.3461
vn 0.0067 0.9405 0.3397
vn 0.0363 0.9407 0.3372
vn 0.0649 0.9346 0.3498
vn 0.0799 0.9276 0.3650
vn 0.0611 0.9220 0.3824
vn -0.2325 0.9359 0.2645
vn -0.1930 0.9452 0.2634
vn -0.1451 0.9613 0.2342
vn -0.0850 0.9807 0.1763
vn -0.0258 0.9894 0.1427
vn 0.0240 0.9879 0.1529
vn 0.0090 0.9827 0.1849
vn 0.0132 0.9760 0.2174
vn 0.0184 0.9715 0.2362
vn 0.0328 0.9728 0.2295
vn 0.0232 0.9775 0.2097
vn 0.0404 0.9809 0.1905
vn 0.0539 0.9775 0.2038
vn 0.0610 0.9726 0.2244
vn -0.2238 0.9065 0.3580
vn -0.1573 0.9138 0.3743
vn -0.0843 0.9287 0.3612
vn -0.0483 0.9424 0.3309
vn -0.0305 0.9580 0.2850
vn -0.0022 0.9710 0.2392
vn -0.0023 0.9704 0.2413
vn 0.0124 0.9674 0.2529
vn 0.0449 0.9671 0.2505
vn 0.0783 0.9720 0.2215
vn 0.0419 0.9835 0.1760
vn 0.0256 0.9924 0.1201
vn 0.0280 0.9980 0.0564
vn 0.0405 0.9985 0.0360
vn -0.2312 0.8766 0.4221
vn -0.1363 0.8853 0.4446
vn -0.0488 0.8949 0.4435
vn 0.0005 0.8979 0.4402
vn 0.0169 0.9040 0.4273
vn 0.0007 0.9164 0.4004
vn -0.0032 0.9273 0.3742
vn 0.0290 0.9315 0.3626
vn 0.0871 0.9366 0.3394
vn 0.1352 0.9456 0.2958
vn 0.0919 0.9657 0.2428
vn 0.0837 0.9779 0.1913
vn 0.0494 0.9869 0.1538
vn 0.0197 0.9919 0.1259
vn -0.2497 0.8750 0.4147
vn -0.1324 0.8895 0.4373
vn -0.0446 0.8942 0.4455
vn 0.0152 0.8931 0.4497
vn 0.0458 0.8913 0.4512
vn 0.0286 0.8929 0.4494
vn 0.0100 0.8977 0.4405
vn 0.0278 0.9044 0.4258
vn 0.0840 0.9125 0.4005
vn 0.1726 0.9140 0.3671
vn 0.1631 0.9294 0.3311
vn 0.1144 0.9432 0.3119
vn 0.0722 0.9511 0.3004
vn 0.0334 0.9570 0.2883
vn -0.2727 0.9029 0.3322
vn -0.1431 0.9217 0.3604
vn -0.0514 0.9271 0.3712
vn 0.0128 0.9261 0.3771
vn 0.0480 0.9224 0.3833
vn 0.0377 0.9192 0.3919
vn 0.0256 0.9196 0.3920
vn 0.0565 0.9207 0.3862
vn 0.1217 0.9171 0.3795
vn 0.1722 0.9115 0.3735
vn 0.1608 0.9141 0.3722
vn 0.1224 0.9146 0.3854
vn 0.0801 0.9152 0.3950
vn 0.0691 0.9246 0.3746
vn -0.3029 0.9413 0.1494
vn -0.1584 0.9693 0.1879
vn -0.0604 0.9753 0.2123
vn 0.0052 0.9745 0.2244
vn 0.0390 0.9724 0.2301
vn 0.0370 0.9708 0.2371
vn 0.0307 0.9699 0.2416
vn 0.0636 0.9678 0.2436
vn 0.1296 0.9594 0.2506
vn 0.1765 0.9494 0.2598
vn 0.1464 0.9450 0.2924
vn 0.1089 0.9386 0.3274
vn 0.1046 0.9308 0.3502
vn 0.1208 0.9284 0.3515
vn -0.3311 0.9399 -0.0840
vn -0.1821 0.9814 -0.0600
vn -0.0735 0.9966 -0.0371
vn -0.0012 0.9998 -0.0215
vn 0.0313 0.9995 -0.0101
vn 0.0310 0.9995 -0.0027
vn 0.0262 0.9996 0.0040
vn 0.0541 0.9985 0.0119
vn 0.1185 0.9926 0.0276
vn 0.1423 0.9883 0.0549
vn 0.1069 0.9895 0.0970
vn 0.0816 0.9866 0.1415
vn 0.1021 0.9820 0.1589
vn 0.1492 0.9753 0.1630
vn -0.1578 0.9463 -0.2822
vn -0.0684 0.9469 -0.3141
vn 0.0518 0.9457 -0.3209
vn 0.1714 0.9383 -0.3002
vn 0.2573 0.9306 -0.2605
vn 0.2398 0.9469 -0.2140
vn 0.0401 0.9857 -0.1635
vn -0.1100 0.9889 -0.0997
vn -0.1144 0.9923 -0.0470
vn 0.0796 0.9967 -0.0136
vn 0.2726 0.9620 0.0168
vn 0.2480 0.9685 0.0226
vn 0.1432 0.9894 0.0242
vn 0.0190 0.9997 -0.0134
vn 0.0306 0.9985 -0.0452
vn -0.0150 0.9976 -0.0673
vn 0.0038 1.0000 -0.0005
vn 0.0161 0.9937 0.1107
vn 0.0301 0.9515 0.3063
vn 0.0353 0.8853 0.4637
vn 0.0646 0.8445 0.5316
vn 0.0646 0.8779 0.4744
vn 0.0675 0.9220 0.3813
vn 0.0695 0.9685 0.2389
vn 0.0509 0.9967 0.0640
vn 0.0109 0.9935 0.1135
vn 0.0117 0.9671 0.2542
vn 0.0717 0.9400 0.3336
vn 0.1557 0.9316 0.3283
vn 0.2172 0.9635 0.1566
vn 0.2196 0.9651 -0.1429
vn 0.1460 0.9786 -0.1448
vn 0.0875 0.9850 -0.1489
vn 0.0543 0.9851 -0.1634
vn 0.0543 0.9773 -0.2047
vn 0.0922 0.9660 -0.2415
vn 0.0837 0.9596 -0.2688
vn 0.0325 0.9584 -0.2837
vn 0.0143 0.9575 -0.2880
vn 0.0214 0.9574 -0.2881
vn 0.0219 0.9585 -0.2843
vn -0.0122 0.9591 -0.2828
vn -0.0845 0.9542 -0.2871
vn -0.2078 0.9313 -0.2992
vn -0.3444 0.8891 -0.3016
vn -0.4570 0.8410 -0.2895
vn -0.4778 0.8727 -0.1008
vn -0.4381 0.8929 0.1035
vn -0.3885 0.8789 0.2767
vn -0.3429 0.8639 0.3688
vn -0.3004 0.8768 0.3754
vn -0.2745 0.9053 0.3240
vn -0.2643 0.9321 0.2476
vn -0.2662 0.9418 0.2051
vn -0.2303 0.9450 0.2321
vn -0.2021 0.9490 0.2421
vn -0.1763 0.9653 0.1929
vn -0.1782 0.9796 0.0930
vn -0.1565 0.9872 -0.0294
vn -0.1484 0.9746 -0.1679
vn 0.0613 0.9949 0.0807
vn 0.1808 0.9790 0.0943
vn 0.2567 0.9611 0.1018
vn 0.2822 0.9536 0.1049
vn 0.2532 0.9625 0.0979
vn 0.1758 0.9818 0.0725
vn 0.0815 0.9958 0.0415
vn 0.0141 0.9998 0.0125
vn -0.0005 1.0000 -0.0000
vn -0.0023 1.0000 -0.0002
vn -0.0056 1.0000 -0.0010
vn -0.0143 0.9999 -0.0036
vn -0.0273 0.9996 -0.0059
vn -0.0425 0.9991 -0.0080
vn 0.0424 0.9759 0.2141
vn 0.1718 0.9593 0.2240
vn 0.2609 0.9396 0.2215
vn 0.3032 0.9302 0.2071
vn 0.2919 0.9394 0.1798
vn 0.2296 0.9634 0.1381
vn 0.1351 0.9874 0.0829
vn 0.0442 0.9986 0.0289
vn 0.0113 0.9999 -0.0013
vn 0.0108 0.9999 -0.0133
vn 0.0019 0.9996 -0.0266
vn -0.0116 0.9993 -0.0342
vn -0.0273 0.9989 -0.0370
vn -0.0424 0.9984 -0.0380
vn 0.0198 0.9568 0.2901
vn 0.1652 0.9387 0.3025
vn 0.2726 0.9157 0.2952
vn 0.3322 0.9033 0.2714
vn 0.3411 0.9102 0.2348
vn 0.3002 0.9365 0.1815
vn 0.2086 0.9720 0.1083
vn 0.1097 0.9934 0.0333
vn 0.0454 0.9984 -0.0333
vn 0.0273 0.9973 -0.0680
vn 0.0082 0.9964 -0.0844
vn -0.0115 0.9958 -0.0906
vn -0.0263 0.9959 -0.0866
vn -0.0439 0.9962 -0.0748
vn -0.0043 0.9492 0.3147
vn 0.1595 0.9309 0.3286
vn 0.2860 0.9031 0.3202
vn 0.3661 0.8827 0.2946
vn 0.3939 0.8838 0.2525
vn 0.3774 0.9055 0.1939
vn 0.3093 0.9445 0.1108
vn 0.1805 0.9836 0.0056
vn 0.0910 0.9937 -0.0651
vn 0.0435 0.9929 -0.1106
vn 0.0144 0.9919 -0.1263
vn -0.0156 0.9911 -0.1324
vn -0.0382 0.9909 -0.1287
vn -0.0531 0.9917 -0.1170
vn -0.0351 0.9544 0.2965
vn 0.1514 0.9364 0.3166
vn 0.3007 0.9019 0.3102
vn 0.3984 0.8724 0.2832
vn 0.4468 0.8613 0.2420
vn 0.4584 0.8705 0.1794
vn 0.3980 0.9131 0.0886
vn 0.2541 0.9672 -0.0039
vn 0.1393 0.9872 -0.0771
vn 0.0611 0.9904 -0.1244
vn 0.0200 0.9897 -0.1416
vn -0.0193 0.9889 -0.1472
vn -0.0498 0.9881 -0.1454
vn -0.0722 0.9882 -0.1352
vn -0.0661 0.9663 0.2488
vn 0.1398 0.9526 0.2700
vn 0.3111 0.9119 0.2678
vn 0.4243 0.8714 0.2464
vn 0.4940 0.8434 0.2112
vn 0.5254 0.8372 0.1519
vn 0.4648 0.8822 0.0753
vn 0.3267 0.9451 0.0050
vn 0.1852 0.9803 -0.0681
vn 0.0811 0.9903 -0.1127
vn 0.0264 0.9909 -0.1323
vn -0.0211 0.9901 -0.1387
vn -0.0599 0.9886 -0.1378
vn -0.0877 0.9876 -0.1302
vn -0.0942 0.9758 0.1972
vn 0.1277 0.9678 0.2170
vn 0.3149 0.9241 0.2164
vn 0.4404 0.8747 0.2024
vn 0.5299 0.8296 0.1760
vn 0.5710 0.8109 0.1280
vn 0.5165 0.8530 0.0750
vn 0.3818 0.9240 0.0187
vn 0.2265 0.9733 -0.0375
vn 0.1032 0.9916 -0.0777
vn 0.0358 0.9944 -0.0993
vn -0.0221 0.9938 -0.1087
vn -0.0673 0.9919 -0.1074
vn -0.1010 0.9899 -0.0991
vn -0.1176 0.9847 0.1282
vn 0.1148 0.9828 0.1447
vn 0.3141 0.9378 0.1481
vn 0.4504 0.8815 0.1417
vn 0.5474 0.8275 0.1252
vn 0.5916 0.7997 0.1025
vn 0.5458 0.8340 0.0808
vn 0.4013 0.9146 0.0496
vn 0.2258 0.9738 0.0269
vn 0.1338 0.9910 0.0074
vn 0.0605 0.9980 -0.0203
vn -0.0133 0.9989 -0.0440
vn -0.0756 0.9957 -0.0543
vn -0.1100 0.9928 -0.0468
vn -0.1348 0.9902 0.0364
vn 0.1013 0.9937 0.0486
vn 0.3061 0.9503 0.0574
vn 0.4463 0.8926 0.0637
vn 0.5460 0.8350 0.0682
vn 0.5944 0.8009 0.0717
vn 0.5461 0.8345 0.0733
vn 0.4016 0.9095 0.1074
vn 0.2483 0.9609 0.1227
vn 0.1624 0.9798 0.1168
vn 0.0983 0.9908 0.0927
vn 0.0209 0.9982 0.0558
vn -0.0794 0.9966 0.0208
vn -0.1235 0.9922 0.0170
vn -0.1447 0.9874 -0.0640
vn 0.0870 0.9946 -0.0565
vn 0.2900 0.9561 -0.0420
vn 0.4316 0.9018 -0.0229
vn 0.5290 0.8486 -0.0025
vn 0.5704 0.8210 0.0235
vn 0.5171 0.8538 0.0604
vn 0.3806 0.9110 0.1589
vn 0.2575 0.9460 0.1967
vn 0.1877 0.9612 0.2021
vn 0.1379 0.9740 0.1797
vn 0.0659 0.9883 0.1375
vn -0.0667 0.9939 0.0879
vn -0.1222 0.9897 0.0748
vn -0.1446 0.9761 -0.1621
vn 0.0870 0.9830 -0.1618
vn 0.2886 0.9463 -0.1455
vn 0.4301 0.8949 -0.1193
vn 0.5281 0.8450 -0.0848
vn 0.5699 0.8207 -0.0396
vn 0.4327 0.9004 0.0441
vn 0.3342 0.9266 0.1724
vn 0.2523 0.9412 0.2248
vn 0.2141 0.9482 0.2347
vn 0.1832 0.9597 0.2132
vn 0.1039 0.9804 0.1676
vn -0.0562 0.9907 0.1236
vn -0.1158 0.9868 0.1130
vn -0.1356 0.9565 -0.2581
vn 0.0759 0.9617 -0.2634
vn 0.2674 0.9325 -0.2427
vn 0.4022 0.8916 -0.2080
vn 0.4922 0.8539 -0.1694
vn 0.4991 0.8588 -0.1157
vn 0.3258 0.9453 0.0141
vn 0.2718 0.9509 0.1483
vn 0.2180 0.9548 0.2018
vn 0.2430 0.9452 0.2179
vn 0.2284 0.9531 0.1988
vn 0.1243 0.9796 0.1581
vn -0.0490 0.9899 0.1334
vn -0.1083 0.9860 0.1267
vn -0.1163 0.9356 -0.3332
vn 0.0642 0.9360 -0.3462
vn 0.2408 0.9122 -0.3315
vn 0.3706 0.8802 -0.2964
vn 0.4452 0.8605 -0.2475
vn 0.3808 0.9067 -0.1813
vn 0.2181 0.9752 -0.0385
vn 0.2068 0.9737 0.0955
vn 0.1894 0.9694 0.1561
vn 0.2689 0.9478 0.1716
vn 0.2576 0.9533 0.1575
vn 0.1220 0.9835 0.1338
vn -0.0476 0.9889 0.1405
vn -0.1130 0.9837 0.1401
vn -0.0927 0.9213 -0.3776
vn 0.0610 0.9170 -0.3941
vn 0.2176 0.8995 -0.3790
vn 0.3312 0.8795 -0.3416
vn 0.3793 0.8768 -0.2957
vn 0.2577 0.9381 -0.2315
vn 0.1142 0.9888 -0.0957
vn 0.1299 0.9912 0.0259
vn 0.1596 0.9818 0.1027
vn 0.2816 0.9523 0.1178
vn 0.2607 0.9589 0.1123
vn 0.1118 0.9871 0.1149
vn -0.0492 0.9899 0.1331
vn -0.0533 0.9894 0.1351
vn -0.0535 0.9960 -0.0715
vn 0.0807 0.9947 -0.0640
vn 0.1943 0.9796 -0.0509
vn 0.2643 0.9639 -0.0334
vn 0.2783 0.9604 -0.0163
vn 0.2302 0.9731 -0.0056
vn 0.1458 0.9893 0.0035
vn 0.0527 0.9986 0.0002
vn 0.0015 1.0000 -0.0038
vn -0.0007 1.0000 -0.0000
vn -0.0031 1.0000 -0.0000
vn -0.0019 1.0000 0.0015
vn -0.0080 0.9999 0.0076
vn -0.0238 0.9996 0.0160
vn -0.0458 0.9987 0.0213
vn -0.0767 0.9968 0.0225
vn -0.0614 0.9980 -0.0127
vn -0.0613 0.9974 -0.0368
vn -0.0594 0.9960 -0.0660
vn -0.0592 0.9934 -0.0978
vn -0.0779 0.9898 -0.1194
vn -0.0991 0.9882 -0.1164
vn -0.1125 0.9896 -0.0897
vn -0.1333 0.9903 -0.0381
vn -0.1623 0.9865 0.0216
vn -0.1612 0.9842 0.0734
vn -0.1536 0.9824 0.1065
vn -0.1573 0.9803 0.1198
vn -0.0984 0.9846 0.1442
vn -0.0305 0.9969 0.0729
vn 0.0311 0.9993 -0.0206
vn 0.0082 0.9992 0.0401
vn -0.0127 0.9969 0.0780
vn 0.1149 0.9902 0.0795
vn 0.2610 0.9634 0.0618
vn 0.2820 0.9578 0.0554
vn 0.1277 0.9911 0.0369
vn -0.0623 0.9978 -0.0236
vn 0.0202 0.9916 -0.1278
vn 0.1547 0.9604 -0.2316
vn 0.3090 0.9018 -0.3020
vn 0.2930 0.8915 -0.3455
vn 0.1926 0.9048 -0.3798
vn 0.0569 0.9173 -0.3942
vn -0.0753 0.9214 -0.3813
vn -0.1859 0.9231 -0.3368
vn -0.2310 0.9152 -0.3302
vn -0.2784 0.9146 -0.2934
vn -0.3159 0.9211 -0.2277
vn -0.3411 0.9285 -0.1466
vn -0.3506 0.9344 -0.0635
vn -0.3462 0.9379 0.0219
vn -0.3040 0.9474 0.1005
vn -0.2659 0.9509 0.1586
vn -0.2236 0.9524 0.2074
vn -0.1767 0.9512 0.2529
vn -0.1346 0.9516 0.2764
vn -0.0998 0.9610 0.2579
vn -0.1015 0.9767 0.1888
vn -0.0743 0.9952 0.0635
vn 0.6671 0.7449 0.0145
vn 0.7001 0.7140 0.0137
vn 0.6764 0.7350 0.0476
vn 0.5756 0.7946 0.1932
vn 0.6083 0.7092 0.3565
vn 0.7784 0.6197 0.1000
vn 0.8516 0.4925 -0.1793
vn 0.7935 0.4274 -0.4333
vn 0.5844 0.5893 -0.5579
vn 0.4237 0.8807 -0.2115
vn 0.0565 0.9698 0.2372
vn -0.3691 0.7348 0.5690
vn 0.0725 0.4347 0.8977
vn 0.4761 0.5895 0.6526
vn 0.6550 0.7552 0.0268
vn 0.6786 0.7334 0.0393
vn 0.6413 0.7617 0.0922
vn 0.6379 0.7530 0.1613
vn 0.7667 0.6418 -0.0153
vn 0.8442 0.4201 -0.3329
vn 0.6780 0.4719 -0.5635
vn 0.6138 0.6676 -0.4214
vn 0.4155 0.9096 -0.0048
vn 0.0195 0.9092 0.4160
vn -0.4370 0.6174 0.6541
vn -0.0198 0.3481 0.9372
vn 0.5140 0.5794 0.6325
vn 0.4773 0.8213 0.3124
vn 0.6376 0.7686 0.0513
vn 0.6680 0.7412 0.0665
vn 0.6781 0.7306 0.0798
vn 0.7584 0.6507 -0.0367
vn 0.7896 0.5059 -0.3474
vn 0.6964 0.5240 -0.4904
vn 0.6503 0.7298 -0.2109
vn 0.4188 0.8937 0.1609
vn 0.0141 0.8360 0.5486
vn -0.4168 0.5518 0.7223
vn -0.0868 0.3244 0.9419
vn 0.4403 0.5802 0.6852
vn 0.7075 0.6521 0.2724
vn 0.2344 0.9414 0.2427
vn 0.6214 0.7792 0.0818
vn 0.6757 0.7326 0.0818
vn 0.7434 0.6680 0.0326
vn 0.7907 0.5970 -0.1358
vn 0.7706 0.5960 -0.2259
vn 0.6814 0.7312 -0.0307
vn 0.4327 0.8474 0.3075
vn 0.0439 0.7760 0.6292
vn -0.3426 0.5346 0.7726
vn -0.1034 0.3674 0.9243
vn 0.4072 0.5891 0.6979
vn 0.7612 0.5961 0.2554
vn 0.4395 0.8939 0.0875
vn -0.0232 0.9039 0.4271
vn 0.6027 0.7897 0.1140
vn 0.7077 0.7005 0.0914
vn 0.7511 0.6600 0.0155
vn 0.7582 0.6520 -0.0051
vn 0.6964 0.7057 0.1303
vn 0.4845 0.7738 0.4080
vn 0.1115 0.7385 0.6650
vn -0.2102 0.5597 0.8016
vn -0.0599 0.4601 0.8859
vn 0.3939 0.6285 0.6707
vn 0.7600 0.6029 0.2426
vn 0.5462 0.8367 0.0402
vn 0.1899 0.9120 0.3637
vn -0.2156 0.7842 0.5818
vn 0.6013 0.7793 0.1767
vn 0.6835 0.7160 0.1416
vn 0.6925 0.7014 0.1686
vn 0.6527 0.7070 0.2723
vn 0.5256 0.7165 0.4586
vn 0.2572 0.7021 0.6640
vn -0.0104 0.6133 0.7897
vn 0.0509 0.5830 0.8109
vn 0.4020 0.6854 0.6072
vn 0.7233 0.6578 0.2102
vn 0.5910 0.8063 0.0257
vn 0.3190 0.8914 0.3218
vn -0.0659 0.8200 0.5685
vn -0.3988 0.6112 0.6837
vn 0.6292 0.6836 0.3699
vn 0.5965 0.7319 0.3294
vn 0.6025 0.6883 0.4041
vn 0.5240 0.6978 0.4883
vn 0.4259 0.6797 0.5972
vn 0.2676 0.6863 0.6763
vn 0.2184 0.7070 0.6726
vn 0.4304 0.7448 0.5100
vn 0.6847 0.6998 0.2036
vn 0.6294 0.7743 0.0660
vn 0.1284 0.9026 0.4108
vn -0.9454 -0.3066 0.1102
vn -0.0222 -0.9934 0.1129
vn 0.2402 -0.9681 0.0710
vn 0.3143 0.9394 0.1372
vn 0.6728 0.6022 0.4297
vn 0.5346 0.7686 0.3513
vn 0.5412 0.7127 0.4464
vn 0.4796 0.7459 0.4622
vn 0.4350 0.7609 0.4815
vn 0.4586 0.7926 0.4018
vn 0.5306 0.8105 0.2482
vn 0.4778 0.8451 0.2397
vn -0.2022 0.7647 0.6119
vn -0.8674 -0.0881 0.4897
vn -0.9005 -0.4098 0.1454
vn -0.2340 -0.0367 0.9715
vn -0.3567 0.0442 0.9332
vn 0.2216 0.9736 0.0547
vn 0.4574 0.8814 0.1178
vn 0.6327 0.6619 0.4019
vn 0.5288 0.7989 0.2867
vn 0.5269 0.7720 0.3555
vn 0.4825 0.8027 0.3506
vn 0.4546 0.8184 0.3514
vn 0.3843 0.8373 0.3889
vn -0.0742 0.8238 0.5619
vn -0.8368 0.2795 0.4708
vn -0.8837 0.0755 0.4620
vn -0.9712 -0.1191 0.2063
vn -0.4104 0.6048 0.6825
vn -0.2580 0.7620 0.5939
vn 0.1899 0.9801 -0.0571
vn 0.3547 0.9345 -0.0309
vn 0.5165 0.8531 0.0745
vn 0.5897 0.7566 0.2824
vn 0.5042 0.8358 0.2172
vn 0.4683 0.8352 0.2882
vn 0.4016 0.8526 0.3344
vn 0.3252 0.8541 0.4059
vn -0.0249 0.8830 0.4687
vn -0.5365 0.7645 0.3573
vn -0.7433 0.6606 0.1054
vn -0.6781 0.7297 -0.0875
vn -0.1650 0.9734 0.1592
vn 0.2323 0.9566 0.1757
vn 0.1656 0.9705 -0.1750
vn 0.3178 0.9358 -0.1528
vn 0.4120 0.9039 -0.1146
vn 0.4987 0.8666 0.0162
vn 0.5181 0.8377 0.1727
vn 0.4189 0.8912 0.1740
vn 0.3468 0.9014 0.2591
vn 0.2708 0.9020 0.3363
vn 0.1990 0.8946 0.4001
vn -0.0870 0.9695 0.2293
vn -0.4888 0.8680 -0.0871
vn -0.3837 0.8992 -0.2101
vn -0.4408 0.7676 -0.4653
vn 0.2395 0.9108 -0.3364
vn 0.1458 0.9547 -0.2593
vn 0.3144 0.9187 -0.2390
vn 0.4091 0.8895 -0.2038
vn 0.3966 0.9038 -0.1605
vn 0.4133 0.9101 -0.0303
vn 0.3910 0.9132 0.1146
vn 0.2783 0.9470 0.1602
vn 0.2079 0.9472 0.2439
vn 0.1686 0.9346 0.3133
vn -0.0881 0.9342 0.3456
vn -0.5133 0.8521 0.1028
vn -0.6813 0.7140 -0.1615
vn -0.1474 0.9853 0.0864
vn -0.0464 0.9689 -0.2429
vn 0.1278 0.9457 -0.2990
vn 0.2824 0.9176 -0.2797
vn 0.3667 0.8972 -0.2460
vn 0.3953 0.8958 -0.2031
vn 0.3149 0.9363 -0.1557
vn 0.2499 0.9675 -0.0382
vn 0.2076 0.9706 0.1217
vn 0.1452 0.9694 0.1979
vn 0.1196 0.9578 0.2615
vn 0.1083 0.9444 0.3104
vn -0.1775 0.9303 0.3209
vn -0.6781 0.7348 0.0181
vn -0.0568 0.8965 -0.4394
vn 0.0356 0.9664 -0.2546
vn 0.1120 0.9573 -0.2666
vn 0.2303 0.9405 -0.2498
vn 0.3002 0.9275 -0.2230
vn 0.3131 0.9302 -0.1917
vn 0.2706 0.9504 -0.1533
vn 0.1779 0.9782 -0.1069
vn 0.0706 0.9971 -0.0287
vn 0.0376 0.9931 0.1109
vn 0.1201 0.9686 0.2178
vn 0.0889 0.9550 0.2830
vn 0.0497 0.9531 0.2986
vn -0.1783 0.9383 0.2963
vn -0.2522 0.9647 0.0764
vn -0.0026 0.9721 -0.2343
vn 0.6535 0.7569 -0.0083
vn 0.6708 0.7417 0.0032
vn 0.7137 0.7004 -0.0081
vn 0.7320 0.6813 -0.0077
vn 0.6691 0.7417 0.0468
vn 0.5068 0.8204 0.2650
vn 0.5646 0.6527 0.5052
vn 0.7243 0.6273 0.2861
vn 0.7900 0.6119 0.0398
vn 0.8671 0.4717 -0.1601
vn 0.6876 0.5707 -0.4488
vn 0.4393 0.7978 -0.4129
vn 0.1474 0.9891 -0.0030
vn -0.1165 0.9233 0.3660
vn 0.0817 0.7908 0.6066
vn 0.1348 0.7800 0.6111
vn 0.0525 0.9197 0.3891
vn -0.0721 0.9019 0.4260
vn -0.2782 0.8352 0.4744
vn -0.4297 0.6840 0.5895
vn -0.4219 0.6161 0.6652
vn -0.4440 0.4615 0.7680
vn 0.2950 -0.9533 0.0646
vn 0.2253 0.2061 0.9522
vn 0.2654 0.8333 0.4850
vn 0.0150 0.9892 0.1455
vn 0.2385 0.9697 -0.0532
vn 0.0270 0.9460 -0.3231
vn 0.1406 0.9346 -0.3267
vn -0.0924 0.9788 -0.1828
vn -0.0924 0.9682 0.2324
vn -0.0449 0.9781 0.2032
vn -0.0234 0.9788 0.2036
vn 0.0005 0.9807 0.1957
vn 0.0431 0.9874 0.1520
vn 0.0740 0.9943 0.0763
vn 0.0540 0.9983 0.0226
vn 0.0053 0.9999 -0.0102
vn 0.0490 0.9983 -0.0319
vn 0.1432 0.9874 -0.0669
vn 0.2395 0.9658 -0.0997
vn 0.2882 0.9490 -0.1276
vn 0.2798 0.9480 -0.1519
vn 0.2116 0.9617 -0.1741
vn 0.0963 0.9771 -0.1898
vn -0.0410 0.9804 -0.1929
vn -0.0327 0.9636 -0.2654
vn -0.0292 0.9542 -0.2976
vn -0.0265 0.9652 -0.2603
vn -0.0212 0.9836 -0.1790
vn -0.0116 0.9974 -0.0710
vn 0.0111 0.9994 0.0326
vn 0.0464 0.9925 0.1131
vn 0.0995 0.9832 0.1529
vn 0.4531 0.8809 0.1364
vn 0.5376 0.8385 0.0890
vn 0.5790 0.8133 0.0565
vn 0.6089 0.7927 0.0281
vn 0.6315 0.7753 0.0138
vn 0.6437 0.7653 0.0029
vn -0.0272 0.6928 0.7206
vn 0.2394 0.8631 0.4446
vn -0.1615 0.9470 0.2778
vn -0.4020 0.9155 -0.0179
vn -0.4694 0.8643 -0.1807
vn -0.6642 0.7474 0.0164
vn -0.3791 0.8854 0.2688
vn -0.0590 0.9034 0.4248
vn 0.2315 0.9411 0.2462
vn 0.0407 0.9967 0.0705
vn -0.2700 0.9598 -0.0764
vn -0.3405 0.9384 0.0588
vn -0.0508 0.9868 0.1535
vn 0.2020 0.9787 0.0375
vn -0.0927 0.7682 0.6334
vn 0.2938 0.7762 0.5578
vn 0.0001 0.8568 0.5156
vn -0.2375 0.8872 0.3955
vn -0.2867 0.9362 0.2031
vn -0.3622 0.9259 -0.1074
vn -0.5998 0.7967 0.0740
vn -0.2851 0.9091 0.3037
vn 0.0538 0.8859 0.4607
vn 0.3634 0.9084 0.2070
vn -0.0070 0.9997 0.0246
vn -0.3566 0.9339 0.0257
vn -0.0925 0.9938 0.0613
vn 0.1328 0.9837 0.1212
vn -0.0836 0.7838 0.6154
vn 0.3349 0.7879 0.5168
vn 0.0135 0.8184 0.5745
vn -0.3040 0.6875 0.6595
vn -0.1344 0.7808 0.6101
vn -0.0491 0.9247 0.3776
vn -0.2432 0.9674 0.0708
vn -0.4992 0.8397 0.2139
vn -0.0811 0.9280 0.3636
vn 0.3105 0.8582 0.4088
vn 0.3038 0.9332 0.1920
vn -0.0130 0.9981 -0.0608
vn -0.2072 0.9782 0.0111
vn -0.0324 0.9888 0.1459
vn -0.0171 0.8086 0.5881
vn 0.3280 0.7700 0.5472
vn 0.0014 0.7921 0.6103
vn -0.3279 0.7350 0.5935
vn -0.2897 0.6369 0.7145
vn -0.0241 0.6437 0.7649
vn 0.2325 0.8501 0.4726
vn -0.0580 0.9789 0.1961
vn -0.1127 0.9703 0.2142
vn 0.0373 0.9147 0.4024
vn 0.3693 0.8577 0.3577
vn 0.2008 0.9522 0.2304
vn 0.0343 0.9978 0.0574
vn 0.0188 0.9998 0.0103
vn 0.0912 0.8317 0.5477
vn 0.2358 0.7674 0.5963
vn -0.0115 0.7750 0.6319
vn -0.2721 0.7726 0.5736
vn -0.4155 0.6779 0.6065
vn -0.1671 0.6723 0.7211
vn 0.1258 0.5939 0.7947
vn 0.3428 0.7421 0.5760
vn -0.1239 0.8644 0.4874
vn 0.0350 0.8907 0.4533
vn 0.3620 0.7527 0.5499
vn 0.2040 0.7999 0.5644
vn 0.2352 0.8560 0.4604
vn 0.1789 0.9097 0.3746
vn 0.2243 0.8275 0.5148
vn 0.0894 0.7783 0.6215
vn -0.0853 0.7344 0.6733
vn -0.2012 0.7483 0.6322
vn -0.3254 0.7737 0.5435
vn -0.3604 0.6827 0.6356
vn -0.0891 0.6312 0.7704
vn 0.1573 0.5197 0.8397
vn 0.3340 0.6038 0.7237
vn 0.0752 0.6832 0.7263
vn 0.1149 0.6287 0.7691
vn 0.1652 0.5809 0.7970
vn 0.2055 0.6080 0.7669
vn 0.1827 0.6257 0.7584
vn 0.3074 0.1058 0.9457
vn 0.2717 0.1605 0.9489
vn 0.2192 0.2684 0.9380
vn 0.4450 0.5314 0.7208
vn 0.0219 0.7786 0.6271
vn -0.3028 0.7788 0.5494
vn -0.2877 0.7061 0.6470
vn -0.0635 0.6357 0.7694
vn 0.1059 0.5148 0.8507
vn 0.1184 0.5069 0.8538
vn -0.0195 0.5716 0.8203
vn 0.0696 0.5757 0.8147
vn 0.2562 0.4473 0.8569
vn 0.0416 0.4463 0.8939
vn 0.2809 0.2892 0.9151
vn 0.2219 0.3003 0.9277
vn 0.0585 0.2507 0.9663
vn 0.4725 0.3721 0.7990
vn 0.5954 0.5739 0.5622
vn -0.0660 0.7992 0.5975
vn -0.2347 0.8084 0.5398
vn -0.1949 0.7684 0.6096
vn -0.0475 0.7126 0.7000
vn 0.0605 0.6778 0.7328
vn 0.0899 0.6721 0.7350
vn 0.0722 0.6579 0.7496
vn 0.0130 0.6433 0.7655
vn 0.0196 0.6265 0.7791
vn 0.0811 0.6278 0.7741
vn 0.2362 0.6762 0.6978
vn 0.5566 0.7728 0.3048
vn 0.6391 0.7102 0.2953
vn 0.2061 0.7655 0.6095
vn -0.0589 0.7545 0.6537
vn -0.2332 0.7974 0.5565
vn -0.0956 0.8606 0.5002
vn -0.1086 0.8378 0.5350
vn -0.0270 0.8044 0.5934
vn 0.0333 0.7759 0.6300
vn 0.0209 0.7516 0.6593
vn 0.0382 0.7587 0.6504
vn 0.0625 0.7716 0.6330
vn 0.1562 0.7876 0.5960
vn 0.4779 0.7829 0.3984
vn 0.6651 0.6759 0.3175
vn 0.3988 0.7267 0.5594
vn 0.0347 0.7322 0.6802
vn -0.0570 0.7664 0.6399
vn -0.0539 0.8123 0.5807
vn -0.0967 0.8471 0.5225
vn -0.1099 0.8717 0.4775
vn -0.0440 0.8693 0.4924
vn -0.0375 0.8388 0.5432
vn -0.0084 0.8245 0.5658
vn -0.0049 0.8037 0.5950
vn 0.0155 0.7793 0.6265
vn 0.1220 0.9887 0.0866
vn 0.3987 0.9166 0.0305
vn 0.3044 0.8990 0.3150
vn -0.0618 0.7913 0.6083
vn -0.0077 0.7716 0.6360
vn 0.1190 0.7877 0.6044
vn 0.0799 0.8333 0.5470
vn 0.0299 0.8867 0.4613
vn -0.0363 0.9142 0.4036
vn -0.0437 0.9104 0.4113
vn -0.0561 0.9028 0.4264
vn -0.0606 0.8808 0.4696
vn -0.0556 0.8573 0.5118
vn -0.0392 0.8299 0.5565
vn 0.2196 0.8762 -0.4291
vn 0.0382 0.9849 -0.1689
vn -0.2194 0.9330 0.2854
vn -0.2722 0.8812 0.3866
vn -0.0808 0.8875 0.4537
vn 0.1008 0.8660 0.4897
vn 0.1991 0.8579 0.4736
vn 0.1652 0.8869 0.4314
vn 0.0757 0.9353 0.3456
vn -0.0282 0.9608 0.2758
vn -0.0540 0.9546 0.2930
vn -0.0594 0.9306 0.3611
vn -0.1281 0.8957 0.4258
vn -0.0981 0.8697 0.4837
vn 0.0905 0.9727 -0.2137
vn 0.0077 0.9989 0.0452
vn -0.3269 0.9246 0.1954
vn -0.2960 0.9420 0.1582
vn -0.1601 0.9702 0.1816
vn -0.0075 0.9671 0.2541
vn 0.1344 0.9363 0.3246
vn 0.2146 0.9193 0.3300
vn 0.1962 0.9351 0.2950
vn 0.0934 0.9712 0.2190
vn -0.0521 0.9789 0.1976
vn -0.1211 0.9582 0.2593
vn -0.1273 0.9232 0.3627
vn -0.1639 0.8897 0.4262
vn -0.1348 0.9612 0.2408
vn -0.2103 0.9550 0.2091
vn -0.3189 0.9422 0.1028
vn -0.2120 0.9772 -0.0055
vn -0.1939 0.9803 -0.0385
vn -0.1295 0.9915 -0.0108
vn -0.0150 0.9974 0.0706
vn 0.1182 0.9783 0.1702
vn 0.1892 0.9538 0.2333
vn 0.1810 0.9537 0.2402
vn -0.0015 0.9770 0.2134
vn -0.1704 0.9589 0.2270
vn -0.2170 0.9315 0.2920
vn -0.2447 0.8952 0.3725
vn -0.3249 0.7387 0.5906
vn 0.0879 0.9054 0.4154
vn -0.1061 0.9812 0.1614
vn -0.4055 0.9112 0.0720
vn -0.6590 0.7304 0.1796
vn -0.6239 0.7761 0.0917
vn -0.4726 0.8758 0.0977
vn -0.1402 0.9819 0.1273
vn 0.1030 0.9862 0.1294
vn 0.0078 0.9968 0.0791
vn -0.1933 0.9808 0.0263
vn -0.4414 0.8967 0.0320
vn -0.1700 0.9827 0.0735
vn 0.0700 0.9928 0.0967
vn 0.0577 0.9983 0.0058
vn -0.1297 0.9914 0.0162
vn -0.0880 0.9960 0.0147
vn 0.0116 0.9989 0.0460
vn 0.1520 0.9873 0.0471
vn 0.0743 0.9943 0.0762
vn 0.1430 0.9294 0.3403
vn 0.1399 0.6417 0.7541
vn 0.0609 0.4251 0.9031
vn 0.0540 0.6129 0.7883
vn 0.0849 0.7803 0.6196
vn 0.0411 0.7542 0.6553
vn 0.0080 0.8096 0.5869
vn -0.0230 0.8546 0.5188
vn -0.0764 0.8697 0.4876
vn -0.1357 0.8867 0.4421
vn -0.2062 0.8963 0.3926
vn -0.2429 0.9138 0.3255
vn -0.2695 0.9271 0.2603
vn -0.1584 0.9599 0.2313
vn 0.0435 0.9636 0.2638
vn 0.0994 0.9548 0.2803
vn 0.0943 0.9783 0.1844
vn 0.0204 0.9971 0.0733
vn -0.1221 0.9919 -0.0349
vn -0.1999 0.9735 -0.1108
vn -0.1733 0.9763 -0.1295
vn -0.2039 0.9741 -0.0973
vn -0.1952 0.9790 0.0591
vn -0.1667 0.9659 0.1979
vn -0.1421 0.9709 0.1927
vn -0.1084 0.9748 0.1951
vn -0.0150 0.9743 0.2250
vn 0.1115 0.9230 -0.3683
vn -0.0396 0.9013 -0.4314
vn 0.0205 0.9906 0.1351
vn 0.0435 0.7596 0.6489
vn 0.9821 0.1605 0.0986
vn 0.9881 -0.1214 0.0944
vn 0.9511 -0.2983 0.0807
vn -0.0059 0.7848 0.6197
vn -0.2168 0.7528 0.6215
vn -0.3948 0.6907 0.6058
vn -0.5349 0.6312 0.5617
vn -0.4828 0.6743 0.5588
vn -0.4830 0.6750 0.5578
vn 0.1168 0.9931 0.0135
vn 0.1811 0.9832 -0.0225
vn 0.1383 0.9900 -0.0264
vn 0.1281 0.9913 -0.0296
vn 0.1236 0.9918 -0.0320
vn 0.1249 0.9911 -0.0457
vn 0.1288 0.9878 -0.0877
vn 0.1956 0.9729 -0.1229
vn 0.1516 0.9853 -0.0786
vn 0.1251 0.9872 -0.0990
vn 0.1792 0.9679 -0.1760
vn 0.3168 0.9323 -0.1746
vn 0.3974 0.9069 -0.1399
vn 0.4657 0.8746 -0.1349
vn 0.1424 0.9895 -0.0227
vn 0.2067 0.9782 -0.0177
vn 0.1494 0.9885 -0.0234
vn 0.1334 0.9905 -0.0343
vn 0.1271 0.9904 -0.0537
vn 0.1389 0.9865 -0.0861
vn 0.1666 0.9778 -0.1273
vn 0.2116 0.9754 -0.0626
vn 0.1260 0.9903 -0.0584
vn 0.1414 0.9848 -0.1011
vn 0.2275 0.9655 -0.1265
vn 0.3456 0.9239 -0.1640
vn 0.4087 0.8957 -0.1750
vn 0.4635 0.8829 -0.0750
vn 0.1574 0.9875 -0.0114
vn 0.1868 0.9824 0.0069
vn 0.1579 0.9873 0.0156
vn 0.1512 0.9885 0.0063
vn 0.1519 0.9883 -0.0162
vn 0.1711 0.9834 -0.0600
vn 0.2013 0.9754 -0.0897
vn 0.1483 0.9771 -0.1524
vn 0.1292 0.9598 -0.2493
vn 0.1647 0.9406 -0.2968
vn 0.2370 0.9260 -0.2939
vn 0.2800 0.9389 -0.2000
vn 0.2780 0.9603 -0.0247
vn 0.3723 0.9177 0.1386
vn 0.1620 0.9853 0.0552
vn 0.1484 0.9847 0.0909
vn 0.1612 0.9825 0.0934
vn 0.1871 0.9794 0.0765
vn 0.2181 0.9751 0.0409
vn 0.2450 0.9694 0.0119
vn 0.2377 0.9713 0.0066
vn 0.2329 0.9723 -0.0196
vn 0.2179 0.9755 -0.0287
vn 0.2080 0.9773 -0.0388
vn 0.2037 0.9790 0.0074
vn 0.2664 0.9565 0.1185
vn 0.2492 0.9340 0.2561
vn 0.2100 0.9112 0.3544
vn 0.1862 0.9324 0.3099
vn 0.2083 0.9381 0.2767
vn 0.2153 0.9460 0.2425
vn 0.2280 0.9495 0.2154
vn 0.2563 0.9478 0.1898
vn 0.2634 0.9465 0.1864
vn 0.2548 0.9481 0.1902
vn 0.2438 0.9473 0.2080
vn 0.2086 0.9455 0.2499
vn 0.1868 0.9405 0.2838
vn 0.1639 0.9364 0.3102
vn 0.1567 0.9207 0.3573
vn 0.1171 0.9158 0.3841
vn 0.1284 0.9401 0.3158
vn 0.1720 0.6351 0.7531
vn 0.2015 0.6355 0.7454
vn 0.2471 0.6482 0.7203
vn 0.2720 0.6738 0.6871
vn 0.2687 0.6938 0.6682
vn 0.2612 0.7013 0.6633
vn 0.2549 0.6972 0.6701
vn 0.2512 0.6908 0.6780
vn 0.2487 0.7242 0.6432
vn 0.2273 0.7907 0.5684
vn 0.1877 0.8502 0.4919
vn 0.1708 0.8981 0.4052
vn 0.1035 0.9372 0.3331
vn 0.2073 0.9487 0.2386
vn 0.1538 0.3907 0.9076
vn 0.1787 0.3922 0.9024
vn 0.1920 0.3923 0.8996
vn 0.1839 0.3942 0.9004
vn 0.1862 0.4111 0.8924
vn 0.1883 0.4181 0.8887
vn 0.1998 0.4349 0.8780
vn 0.2494 0.4457 0.8597
vn 0.3026 0.5013 0.8107
vn 0.3909 0.6687 0.6325
vn 0.2983 0.8347 0.4629
vn 0.2431 0.9011 0.3590
vn 0.1673 0.9413 0.2932
vn 0.2974 0.9329 0.2029
vn 0.1002 0.5603 0.8222
vn 0.1390 0.5264 0.8388
vn 0.1791 0.4988 0.8480
vn 0.1717 0.4867 0.8565
vn 0.1911 0.4547 0.8699
vn 0.2037 0.4442 0.8725
vn 0.2347 0.4307 0.8715
vn 0.2666 0.4844 0.8332
vn 0.3367 0.6065 0.7203
vn 0.5454 0.6505 0.5286
vn 0.4071 0.8150 0.4124
vn 0.2444 0.9045 0.3496
vn 0.2188 0.9356 0.2771
vn 0.3685 0.9118 0.1811
vn 0.0380 0.7470 0.6638
vn 0.0887 0.7103 0.6983
vn 0.1270 0.6697 0.7317
vn 0.1890 0.6454 0.7400
vn 0.1790 0.6240 0.7606
vn 0.2149 0.5956 0.7740
vn 0.2919 0.5706 0.7676
vn 0.3972 0.5480 0.7362
vn 0.4996 0.5517 0.6678
vn 0.5466 0.6540 0.5230
vn 0.4050 0.8068 0.4302
vn 0.2895 0.8887 0.3555
vn 0.2722 0.9240 0.2684
vn 0.4303 0.8887 0.1585
vn 0.1158 0.8336 0.5401
vn 0.0295 0.8305 0.5562
vn 0.0293 0.7903 0.6120
vn 0.1213 0.7261 0.6769
vn 0.1782 0.7038 0.6877
vn 0.2457 0.6826 0.6882
vn 0.3081 0.6514 0.6934
vn 0.4502 0.5855 0.6741
vn 0.5626 0.5501 0.6172
vn 0.6580 0.5871 0.4716
vn 0.5057 0.7490 0.4282
vn 0.3563 0.8661 0.3507
vn 0.3303 0.9043 0.2704
vn 0.4881 0.8630 0.1303
vn 0.1420 0.7630 0.6306
vn 0.1894 0.8338 0.5186
vn 0.0667 0.8836 0.4634
vn 0.0208 0.8487 0.5285
vn 0.1598 0.8008 0.5772
vn 0.2107 0.7572 0.6183
vn 0.3545 0.7171 0.6000
vn 0.4736 0.6415 0.6035
vn 0.6043 0.5791 0.5473
vn 0.7196 0.5339 0.4441
vn 0.5895 0.7003 0.4026
vn 0.4429 0.8333 0.3307
vn 0.3902 0.8889 0.2401
vn 0.5488 0.8303 0.0975
vn 0.1104 0.7985 0.5918
vn 0.1958 0.7808 0.5933
vn 0.1593 0.8390 0.5202
vn 0.0457 0.8741 0.4836
vn 0.1771 0.8545 0.4883
vn 0.2617 0.8483 0.4603
vn 0.3235 0.7957 0.5120
vn 0.4844 0.7235 0.4918
vn 0.6286 0.6076 0.4854
vn 0.7259 0.5060 0.4659
vn 0.6690 0.6580 0.3456
vn 0.5363 0.7965 0.2792
vn 0.4581 0.8646 0.2064
vn 0.5956 0.8012 0.0572
vn 0.0698 0.8358 0.5446
vn 0.1427 0.7938 0.5912
vn 0.1858 0.7996 0.5711
vn 0.1344 0.8579 0.4959
vn 0.2412 0.8644 0.4412
vn 0.3295 0.8661 0.3758
vn 0.3599 0.8644 0.3512
vn 0.4685 0.7855 0.4044
vn 0.6300 0.6634 0.4036
vn 0.7269 0.5497 0.4116
vn 0.7404 0.6011 0.3008
vn 0.6129 0.7548 0.2337
vn 0.5242 0.8386 0.1483
vn 0.6333 0.7734 0.0282
vn 0.0516 0.8589 0.5096
vn 0.1220 0.8421 0.5253
vn 0.1817 0.8297 0.5279
vn 0.2266 0.8655 0.4467
vn 0.2465 0.8924 0.3779
vn 0.3342 0.8875 0.3173
vn 0.3965 0.8754 0.2767
vn 0.4805 0.8316 0.2785
vn 0.6316 0.7112 0.3086
vn 0.7249 0.5972 0.3434
vn 0.7684 0.5600 0.3099
vn 0.6784 0.7134 0.1756
vn 0.5917 0.8030 0.0707
vn 0.6571 0.7538 -0.0002
vn -0.0205 0.9994 0.0274
vn 0.1188 0.9929 0.0051
vn 0.1813 0.9832 -0.0199
vn 0.1315 0.9911 -0.0216
vn 0.1221 0.9922 -0.0260
vn 0.1168 0.9927 -0.0315
vn 0.1173 0.9923 -0.0389
vn 0.1178 0.9918 -0.0497
vn 0.1380 0.9823 -0.1269
vn 0.1574 0.9797 -0.1241
vn 0.0760 0.9801 -0.1834
vn 0.1572 0.9623 -0.2221
vn 0.3144 0.9201 -0.2338
vn 0.4154 0.8897 -0.1894
vn 0.4629 0.8736 -0.1502
vn 0.4991 0.8545 -0.1440
vn 0.4320 0.9006 -0.0483
vn 0.4218 0.9040 0.0702
vn 0.2731 0.9283 0.2524
vn 0.1546 0.9435 0.2931
vn 0.2275 0.9495 0.2160
vn 0.3353 0.9289 0.1573
vn 0.4086 0.9028 0.1338
vn 0.4591 0.8805 0.1184
vn 0.4964 0.8618 0.1044
vn 0.5218 0.8471 0.1008
vn 0.5317 0.8401 0.1074
vn 0.5261 0.8410 0.1260
vn 0.5003 0.8507 0.1614
vn 0.4621 0.8668 0.1876
vn 0.4308 0.8894 0.1526
vn 0.6528 0.7524 0.0884
vn 0.6417 0.7641 0.0657
vn 0.7379 0.6592 0.1449
vn 0.7899 0.5834 0.1888
vn 0.7165 0.6377 0.2828
vn 0.6146 0.7477 0.2515
vn 0.4873 0.8555 0.1751
vn 0.4733 0.8627 0.1779
vn 0.3893 0.8802 0.2714
vn 0.3215 0.8951 0.3088
vn 0.2947 0.8837 0.3636
vn 0.2130 0.8770 0.4308
vn 0.1318 0.8769 0.4622
vn 0.0270 0.8799 0.4743
vn -0.0887 0.8889 0.4494
vn -0.0331 0.8702 0.4917
vn 0.0107 0.8616 0.5075
vn 0.0267 0.8274 0.5610
vn 0.0728 0.7648 0.6401
vn 0.1376 0.7923 0.5944
vn 0.0218 0.7736 0.6334
vn 0.0664 0.5935 0.8021
vn 0.0992 0.3979 0.9120
vn 0.1806 0.6320 0.7536
vn 0.1860 0.9308 0.3147
vn 0.1232 0.9911 0.0510
vn 0.0792 0.9969 -0.0022
vn 0.0190 0.9998 0.0056
vn -0.0313 0.9993 0.0206
vn -0.1436 0.9862 -0.0825
vn -0.1467 0.9755 -0.1638
vn 0.0261 0.9874 -0.1563
vn 0.0643 0.9852 -0.1590
vn -0.0730 0.9719 -0.2238
vn -0.2094 0.9352 -0.2855
vn -0.2082 0.9277 -0.3098
vn -0.2400 0.9327 -0.2694
vn -0.2261 0.9464 -0.2306
vn -0.1685 0.9791 -0.1136
vn -0.1219 0.9919 0.0351
vn -0.0819 0.9911 0.1048
vn -0.2314 0.9667 0.1095
vn -0.3168 0.9356 0.1561
vn -0.1018 0.9897 -0.1005
vn -0.0654 0.9882 -0.1385
vn 0.0169 0.9909 -0.1332
vn 0.0652 0.9889 -0.1334
vn 0.0169 0.9776 -0.2099
vn -0.0925 0.9454 -0.3126
vn -0.2044 0.9104 -0.3597
vn -0.2578 0.8998 -0.3520
vn -0.3024 0.8968 -0.3228
vn -0.3205 0.9151 -0.2447
vn -0.2473 0.9581 -0.1447
vn -0.1701 0.9830 -0.0688
vn -0.1867 0.9814 -0.0437
vn -0.3245 0.9459 -0.0050
vn -0.0468 0.9957 -0.0803
vn -0.0276 0.9951 -0.0954
vn 0.0111 0.9964 -0.0838
vn 0.0575 0.9955 -0.0752
vn 0.0891 0.9895 -0.1136
vn 0.0191 0.9742 -0.2248
vn -0.1244 0.9367 -0.3272
vn -0.2568 0.8944 -0.3662
vn -0.3172 0.8802 -0.3530
vn -0.3711 0.8652 -0.3372
vn -0.3435 0.8954 -0.2833
vn -0.2725 0.9462 -0.1745
vn -0.1954 0.9763 -0.0927
vn -0.3185 0.9352 -0.1544
vn -0.0576 0.9960 -0.0677
vn -0.0351 0.9984 -0.0452
vn -0.0009 0.9998 -0.0210
vn 0.0080 0.9996 0.0284
vn 0.1032 0.9932 0.0537
vn 0.1242 0.9920 -0.0212
vn -0.0138 0.9871 -0.1595
vn -0.2001 0.9500 -0.2395
vn -0.3218 0.9147 -0.2445
vn -0.3366 0.9042 -0.2630
vn -0.3626 0.8985 -0.2473
vn -0.3457 0.9204 -0.1828
vn -0.3263 0.9390 -0.1092
vn -0.2654 0.9607 -0.0815
vn -0.0717 0.9957 -0.0582
vn -0.0734 0.9971 -0.0199
vn -0.0253 0.9987 0.0447
vn -0.0880 0.9861 0.1406
vn 0.0346 0.9774 0.2085
vn 0.1981 0.9670 0.1602
vn 0.1239 0.9910 0.0501
vn -0.1065 0.9881 -0.1107
vn -0.2967 0.9328 -0.2045
vn -0.3628 0.9164 -0.1688
vn -0.3985 0.9089 -0.1227
vn -0.3533 0.9312 -0.0897
vn -0.3567 0.9328 -0.0524
vn -0.3542 0.9349 0.0242
vn -0.1032 0.9942 -0.0315
vn -0.1218 0.9924 0.0166
vn -0.0893 0.9915 0.0949
vn -0.0881 0.9868 0.1359
vn 0.0346 0.9788 0.2020
vn 0.2433 0.9602 0.1374
vn 0.2317 0.9676 0.1000
vn 0.0517 0.9978 -0.0417
vn -0.1983 0.9707 -0.1360
vn -0.3688 0.9245 -0.0967
vn -0.4570 0.8890 -0.0273
vn -0.3632 0.9313 0.0289
vn -0.3364 0.9411 0.0338
vn -0.3518 0.9357 0.0265
vn -0.1362 0.9906 -0.0088
vn -0.1540 0.9878 0.0228
vn -0.1666 0.9851 0.0433
vn -0.1283 0.9914 0.0254
vn -0.0325 0.9988 -0.0379
vn 0.2119 0.9756 0.0569
vn 0.2320 0.9682 0.0937
vn 0.1779 0.9767 0.1199
vn -0.1274 0.9900 0.0615
vn -0.3945 0.9188 0.0114
vn -0.4571 0.8891 -0.0226
vn -0.3821 0.9241 -0.0057
vn -0.3645 0.9308 0.0282
vn -0.3478 0.9371 0.0296
vn -0.1602 0.9868 0.0223
vn -0.1539 0.9870 0.0462
vn -0.1867 0.9822 0.0183
vn -0.1108 0.9934 0.0298
vn 0.0292 0.9956 0.0891
vn 0.2095 0.9607 0.1820
vn 0.2287 0.9472 0.2248
vn 0.1508 0.9674 0.2036
vn -0.0686 0.9923 0.1033
vn -0.3237 0.9461 0.0092
vn -0.4027 0.9072 -0.1220
vn -0.3843 0.9177 -0.1006
vn -0.4363 0.8983 -0.0519
vn -0.3726 0.9276 -0.0254
vn -0.1602 0.9847 0.0688
vn -0.1779 0.9773 0.1153
vn -0.2014 0.9668 0.1571
vn -0.1662 0.9650 0.2028
vn -0.0299 0.9759 0.2162
vn 0.1147 0.9597 0.2567
vn 0.1836 0.9408 0.2849
vn 0.1733 0.9603 0.2188
vn 0.0323 0.9940 0.1041
vn -0.2073 0.9747 -0.0835
vn -0.2762 0.9544 -0.1130
vn -0.4059 0.9090 -0.0951
vn -0.3713 0.9143 -0.1616
vn -0.3661 0.9092 -0.1985
vn -0.1907 0.9740 0.1220
vn -0.2238 0.9579 0.1799
vn -0.2846 0.9213 0.2651
vn -0.2592 0.8955 0.3617
vn -0.0417 0.9424 0.3320
vn 0.0719 0.9662 0.2477
vn 0.1561 0.9720 0.1754
vn 0.2398 0.9472 0.2129
vn 0.1484 0.9844 0.0946
vn -0.0228 0.9993 -0.0291
vn -0.2333 0.9616 -0.1447
vn -0.3799 0.9088 -0.1723
vn -0.3638 0.8980 -0.2474
vn -0.3129 0.9019 -0.2977
vn -0.2357 0.9643 0.1209
vn -0.2810 0.9514 0.1262
vn -0.3359 0.9252 0.1766
vn -0.3474 0.9004 0.2620
vn -0.0513 0.9440 0.3259
vn 0.1568 0.9637 0.2162
vn 0.2243 0.9655 0.1321
vn 0.2029 0.9756 0.0841
vn 0.2652 0.9546 0.1358
vn 0.2056 0.9782 0.0303
vn -0.1173 0.9876 -0.1039
vn -0.3133 0.9101 -0.2712
vn -0.2849 0.9116 -0.2964
vn -0.3120 0.8915 -0.3283
vn -0.2520 0.9669 0.0411
vn -0.2847 0.9584 0.0220
vn -0.3360 0.9415 0.0250
vn -0.3523 0.9355 0.0256
vn -0.1783 0.9723 0.1514
vn 0.2630 0.9579 0.1150
vn 0.2999 0.9533 0.0367
vn 0.3088 0.9507 -0.0297
vn 0.2174 0.9755 -0.0323
vn 0.0861 0.9922 0.0900
vn 0.0044 0.9947 0.1023
vn -0.1730 0.9821 -0.0748
vn -0.2708 0.9216 -0.2782
vn -0.2782 0.9188 -0.2799
vn -0.2052 0.9784 -0.0243
vn -0.2646 0.9631 -0.0491
vn -0.3349 0.9384 -0.0848
vn -0.3464 0.9301 -0.1226
vn -0.1787 0.9815 -0.0690
vn 0.2806 0.9588 -0.0438
vn 0.3876 0.9193 -0.0682
vn 0.2953 0.9538 -0.0554
vn 0.1549 0.9879 0.0092
vn 0.0769 0.9969 0.0180
vn 0.0757 0.9957 -0.0539
vn -0.0107 0.9818 -0.1895
vn -0.1140 0.9796 -0.1654
vn -0.2846 0.9408 -0.1841
vn -0.1594 0.9842 -0.0770
vn -0.2388 0.9656 -0.1030
vn -0.2979 0.9437 -0.1440
vn -0.3050 0.9290 -0.2096
vn -0.2289 0.9461 -0.2291
vn 0.2647 0.9403 -0.2141
vn 0.3106 0.9417 -0.1292
vn 0.2424 0.9672 -0.0761
vn 0.1722 0.9802 -0.0972
vn 0.1484 0.9738 -0.1720
vn 0.0800 0.9807 -0.1781
vn 0.1199 0.9909 -0.0606
vn -0.1356 0.9907 -0.0128
vn -0.2598 0.9597 -0.1071
vn -0.1035 0.9946 0.0099
vn -0.1444 0.9894 0.0119
vn -0.1671 0.9859 -0.0064
vn -0.0165 0.9986 -0.0499
vn -0.0321 0.9904 -0.1348
vn -0.1710 0.9694 -0.1761
vn -0.2154 0.9610 -0.1736
vn -0.2059 0.9680 -0.1435
vn -0.0992 0.9926 -0.0696
vn -0.0719 0.9968 0.0354
vn 0.0165 0.9932 0.1151
vn 0.0127 0.9822 0.1874
vn -0.0904 0.9730 0.2122
vn -0.2755 0.9367 0.2160
vn -0.2960 0.9201 0.2565
vn -0.2090 0.9228 0.3235
vn -0.2717 0.9441 0.1866
vn -0.2943 0.9535 0.0652
vn -0.3468 0.9347 -0.0781
vn -0.4096 0.8975 -0.1633
vn -0.3224 0.9466 0.0051
vn -0.3399 0.9374 0.0760
vn -0.3214 0.9469 -0.0055
vn -0.3354 0.9421 0.0028
vn -0.3817 0.9016 -0.2035
vn -0.3329 0.8727 -0.3571
vn -0.3083 0.8860 -0.3464
vn -0.3117 0.9104 -0.2720
vn -0.3149 0.9281 -0.1987
vn -0.2913 0.9217 -0.2563
vn -0.1398 0.9379 -0.3174
vn -0.1585 0.9698 -0.1857
vn -0.1670 0.9846 -0.0510
vn 0.0037 0.9961 0.0877
vn 0.0133 0.9998 -0.0114
vn 0.0795 0.9937 -0.0796
vn 0.1416 0.9785 -0.1501
vn 0.1860 0.9662 -0.1786
vn 0.1936 0.9534 -0.2314
vn 0.1556 0.9265 -0.3425
vn -0.1966 0.8837 -0.4248
vn -0.2356 0.9303 -0.2811
vn -0.2565 0.9529 -0.1619
vn -0.2130 0.9723 -0.0967
vn -0.1248 0.9900 -0.0661
vn -0.0463 0.9962 -0.0732
vn -0.0947 0.9946 -0.0420
vn -0.1589 0.9871 0.0209
vn -0.1977 0.9764 0.0869
vn -0.1945 0.9755 0.1025
vn -0.1884 0.9790 0.0775
vn -0.1787 0.9831 0.0394
vn -0.1787 0.9839 -0.0013
vn -0.1606 0.9862 -0.0415
vn -0.1318 0.9893 -0.0632
vn -0.0912 0.9932 -0.0727
vn -0.0657 0.9947 -0.0787
vn -0.0649 0.9956 -0.0674
vn -0.0850 0.9947 -0.0583
vn -0.1033 0.9938 -0.0407
vn 0.0129 0.9819 0.1892
vn 0.1491 0.9687 0.1986
vn 0.2667 0.9455 0.1870
vn 0.3545 0.9192 0.1717
vn 0.4446 0.8855 0.1348
vn 0.5174 0.8512 0.0880
vn 0.5748 0.8148 0.0757
vn 0.4665 0.8833 0.0469
vn 0.5628 0.8250 0.0520
vn 0.6993 0.7073 0.1033
vn 0.7685 0.6251 0.1365
vn 0.7915 0.6075 0.0670
vn 0.7466 0.6632 0.0526
vn 0.6330 0.7646 0.1211
vn 0.0134 0.9978 0.0644
vn 0.1379 0.9878 0.0719
vn 0.2585 0.9625 0.0820
vn 0.3638 0.9285 0.0744
vn 0.4511 0.8898 0.0688
vn 0.5229 0.8500 0.0633
vn 0.5661 0.8209 0.0753
vn 0.5101 0.8599 0.0178
vn 0.5463 0.8365 0.0431
vn 0.6763 0.7343 0.0579
vn 0.7608 0.6470 0.0513
vn 0.8099 0.5801 0.0866
vn 0.7533 0.6526 0.0817
vn 0.6218 0.7734 0.1232
vn 0.0143 0.9992 -0.0367
vn 0.1352 0.9907 -0.0134
vn 0.2369 0.9715 0.0007
vn 0.3561 0.9344 0.0063
vn 0.4554 0.8903 -0.0010
vn 0.5142 0.8577 0.0070
vn 0.5651 0.8250 0.0083
vn 0.5601 0.8263 -0.0592
vn 0.5120 0.8589 -0.0119
vn 0.6687 0.7406 0.0666
vn 0.7595 0.6461 0.0752
vn 0.7969 0.6005 0.0667
vn 0.7587 0.6432 0.1028
vn 0.6182 0.7720 0.1477
vn -0.0044 0.9981 -0.0614
vn 0.1038 0.9930 -0.0558
vn 0.2358 0.9716 -0.0197
vn 0.3251 0.9457 0.0047
vn 0.4538 0.8905 -0.0327
vn 0.5127 0.8572 -0.0481
vn 0.5641 0.8246 -0.0441
vn 0.5595 0.8256 -0.0736
vn 0.5109 0.8575 -0.0603
vn 0.6278 0.7781 0.0197
vn 0.7512 0.6506 0.1114
vn 0.7934 0.5999 0.1028
vn 0.7463 0.6537 0.1255
vn 0.6165 0.7708 0.1607
vn -0.0492 0.9962 -0.0715
vn 0.0820 0.9946 -0.0639
vn 0.1832 0.9825 -0.0350
vn 0.3261 0.9450 0.0261
vn 0.4859 0.8740 -0.0034
vn 0.5226 0.8481 -0.0868
vn 0.5592 0.8249 -0.0833
vn 0.5821 0.8108 -0.0621
vn 0.4996 0.8599 -0.1044
vn 0.5805 0.8141 -0.0153
vn 0.7084 0.7019 0.0744
vn 0.7943 0.5998 0.0970
vn 0.7391 0.6566 0.1505
vn 0.6181 0.7669 0.1727
vn -0.0894 0.9960 -0.0086
vn 0.0555 0.9966 -0.0604
vn 0.1346 0.9899 -0.0447
vn 0.2416 0.9700 -0.0283
vn 0.5026 0.8641 -0.0260
vn 0.5888 0.8077 -0.0285
vn 0.5560 0.8299 -0.0473
vn 0.5662 0.8234 -0.0384
vn 0.5324 0.8434 -0.0724
vn 0.5207 0.8520 -0.0543
vn 0.6579 0.7522 0.0382
vn 0.7754 0.6214 0.1119
vn 0.7245 0.6757 0.1361
vn 0.6234 0.7569 0.1960
vn -0.0204 0.9998 0.0050
vn 0.0931 0.9955 -0.0151
vn 0.1067 0.9933 -0.0446
vn 0.2111 0.9722 -0.1011
vn 0.4801 0.8755 -0.0558
vn 0.5875 0.8089 0.0218
vn 0.5683 0.8222 0.0316
vn 0.5586 0.8295 0.0045
vn 0.5573 0.8303 -0.0079
vn 0.5086 0.8590 -0.0586
vn 0.5998 0.8002 0.0059
vn 0.7298 0.6728 0.1215
vn 0.7148 0.6784 0.1699
vn 0.6010 0.7659 0.2283
vn -0.0176 0.9960 -0.0874
vn 0.0853 0.9940 -0.0691
vn 0.1337 0.9889 -0.0643
vn 0.2468 0.9610 -0.1247
vn 0.4218 0.8979 -0.1261
vn 0.5308 0.8450 -0.0643
vn 0.5635 0.8256 -0.0299
vn 0.5783 0.8157 0.0134
vn 0.5633 0.8239 0.0616
vn 0.5432 0.8375 0.0591
vn 0.5506 0.8328 0.0572
vn 0.6522 0.7447 0.1416
vn 0.6782 0.6927 0.2454
vn 0.5663 0.7612 0.3161
vn -0.0503 0.9841 -0.1704
vn 0.0422 0.9907 -0.1295
vn 0.1243 0.9808 -0.1500
vn 0.2889 0.9355 -0.2036
vn 0.4087 0.8962 -0.1726
vn 0.4807 0.8727 -0.0853
vn 0.5373 0.8429 -0.0283
vn 0.5450 0.8378 0.0322
vn 0.5245 0.8449 0.1056
vn 0.5379 0.8276 0.1604
vn 0.5422 0.8246 0.1613
vn 0.5787 0.7873 0.2130
vn 0.5908 0.7349 0.3329
vn 0.5323 0.7701 0.3515
vn -0.1276 0.9623 -0.2402
vn -0.0154 0.9816 -0.1903
vn 0.1213 0.9782 -0.1688
vn 0.3245 0.9215 -0.2133
vn 0.3799 0.8963 -0.2289
vn 0.4109 0.9022 -0.1308
vn 0.4916 0.8708 -0.0039
vn 0.4939 0.8648 0.0911
vn 0.4645 0.8743 0.1411
vn 0.4902 0.8474 0.2042
vn 0.5289 0.8101 0.2528
vn 0.5299 0.8068 0.2614
vn 0.5175 0.8154 0.2593
vn 0.5400 0.7809 0.3141
vn -0.1816 0.9381 -0.2950
vn -0.0481 0.9624 -0.2672
vn 0.1175 0.9581 -0.2614
vn 0.3636 0.9103 -0.1977
vn 0.3815 0.9085 -0.1708
vn 0.3338 0.9281 -0.1648
vn 0.3854 0.9174 -0.0987
vn 0.4185 0.9081 0.0141
vn 0.4246 0.8954 0.1340
vn 0.4361 0.8746 0.2116
vn 0.4842 0.8318 0.2714
vn 0.5117 0.7959 0.3236
vn 0.5035 0.7900 0.3498
vn 0.4768 0.7959 0.3731
vn -0.1803 0.9410 -0.2865
vn -0.0706 0.9645 -0.2543
vn 0.1076 0.9695 -0.2202
vn 0.2739 0.9463 -0.1717
vn 0.3547 0.9253 -0.1343
vn 0.3229 0.9442 -0.0650
vn 0.3190 0.9457 0.0624
vn 0.3136 0.9438 0.1043
vn 0.3179 0.9376 0.1410
vn 0.3677 0.9053 0.2128
vn 0.4272 0.8583 0.2842
vn 0.4599 0.8173 0.3471
vn 0.4718 0.7860 0.3994
vn 0.4472 0.7829 0.4325
vn -0.1409 0.9477 -0.2863
vn -0.0927 0.9607 -0.2617
vn 0.0464 0.9842 -0.1711
vn 0.2323 0.9682 -0.0931
vn 0.3195 0.9416 -0.1065
vn 0.2916 0.9447 -0.1502
vn 0.2228 0.9728 -0.0627
vn 0.2769 0.9591 0.0578
vn 0.2840 0.9492 0.1355
vn 0.3005 0.9336 0.1950
vn 0.3602 0.8956 0.2610
vn 0.4018 0.8550 0.3280
vn 0.4214 0.8144 0.3990
vn 0.4148 0.7871 0.4565
vn -0.1648 0.9213 -0.3522
vn -0.1704 0.9433 -0.2850
vn -0.0629 0.9851 -0.1600
vn 0.1587 0.9869 -0.0298
vn 0.2912 0.9554 0.0493
vn 0.2999 0.9535 0.0315
vn 0.1700 0.9826 -0.0751
vn 0.1643 0.9836 -0.0743
vn 0.2133 0.9765 0.0308
vn 0.2459 0.9592 0.1393
vn 0.2967 0.9284 0.2236
vn 0.3383 0.8953 0.2900
vn 0.3595 0.8711 0.3347
vn 0.3706 0.8444 0.3868
vn -0.1404 0.9207 0.3641
vn 0.0152 0.9296 0.3682
vn 0.1560 0.9270 0.3412
vn 0.2500 0.9195 0.3034
vn 0.3357 0.9042 0.2640
vn 0.4080 0.8849 0.2249
vn 0.4775 0.8641 0.1592
vn 0.5644 0.8246 0.0386
vn 0.4468 0.8894 0.0966
vn 0.5636 0.8163 0.1261
vn 0.7124 0.6839 0.1574
vn 0.7895 0.5375 0.2961
vn 0.7457 0.6284 0.2212
vn 0.6847 0.7270 0.0504
vn 0.6446 0.7602 0.0805
vn 0.4451 0.8845 0.1400
vn 0.4531 0.8820 0.1298
vn 0.4735 0.8696 0.1402
vn 0.4877 0.8599 0.1507
vn 0.5068 0.8458 0.1668
vn 0.5186 0.8319 0.1977
vn 0.5157 0.8244 0.2333
vn 0.5107 0.8223 0.2509
vn 0.5026 0.8092 0.3044
vn 0.5127 0.7753 0.3689
vn 0.4945 0.7711 0.4010
vn 0.4289 0.8131 0.3936
vn 0.4062 0.7920 0.4558
vn 0.3831 0.7812 0.4929
vn 0.3574 0.8117 0.4620
vn 0.2807 0.8563 0.4334
vn 0.3137 0.8650 0.3917
vn 0.3110 0.8866 0.3423
vn 0.2717 0.9257 0.2630
vn 0.2143 0.9615 0.1721
vn 0.1399 0.9852 0.0990
vn 0.1086 0.9894 0.0963
vn 0.1482 0.9847 0.0918
vn 0.2372 0.9663 0.1003
vn 0.3041 0.9388 0.1616
vn 0.1635 0.9779 0.1307
vn -0.0198 0.9992 -0.0349
vn -0.1599 0.9641 -0.2120
vn -0.2079 0.9350 -0.2874
vn -0.1644 0.9334 -0.3191
vn -0.1220 0.9312 -0.3435
vn -0.2009 0.9085 -0.3664
vn -0.2058 0.9459 -0.2509
vn -0.2490 0.9239 -0.2904
vn -0.2754 0.9015 -0.3339
vn -0.2540 0.9183 -0.3036
vn -0.1674 0.9645 -0.2043
vn -0.1805 0.9797 -0.0874
vn -0.2696 0.9630 -0.0031
vn -0.2506 0.9640 0.0888
vn -0.3374 0.9378 -0.0821
vn -0.2204 0.9724 -0.0765
vn -0.1609 0.9862 -0.0386
vn -0.1571 0.9852 0.0686
vn -0.1510 0.9692 0.1944
vn -0.2733 0.9392 0.2079
vn -0.1651 0.9684 0.1867
vn -0.0338 0.9923 0.1195
vn 0.3526 0.9081 -0.2259
vn 0.2845 0.8913 -0.3530
vn 0.1664 0.9147 -0.3682
vn 0.1020 0.8835 -0.4572
vn -0.0024 0.8539 -0.5204
vn -0.1130 0.8270 -0.5507
vn -0.1920 0.8042 -0.5625
vn -0.1985 0.7957 -0.5722
vn -0.1543 0.8139 -0.5601
vn -0.1007 0.8313 -0.5467
vn -0.0432 0.8357 -0.5475
vn -0.2453 0.9671 0.0678
vn -0.0347 0.9982 -0.0480
vn 0.4468 0.7862 -0.4269
vn 0.3578 0.8045 -0.4742
vn 0.2640 0.8361 -0.4810
vn 0.1886 0.8321 -0.5216
vn 0.1193 0.8282 -0.5476
vn 0.0682 0.7901 -0.6092
vn 0.0053 0.7166 -0.6975
vn -0.1826 0.6118 -0.7697
vn -0.1738 0.5753 -0.7992
vn -0.1641 0.6142 -0.7719
vn -0.1157 0.6486 -0.7523
vn -0.0445 0.6530 -0.7560
vn -0.0904 0.9843 -0.1519
vn 0.4516 0.7265 -0.5179
vn 0.3713 0.7952 -0.4795
vn 0.4010 0.7585 -0.5137
vn 0.3004 0.7599 -0.5765
vn 0.1921 0.7719 -0.6060
vn 0.1128 0.7794 -0.6162
vn 0.0690 0.7805 -0.6214
vn 0.0554 0.7539 -0.6547
vn 0.0379 0.6982 -0.7149
vn -0.0030 0.6232 -0.7820
vn -0.2069 0.5151 -0.8318
vn -0.1060 0.4988 -0.8602
vn -0.1202 0.5458 -0.8293
vn 0.3785 0.7658 -0.5199
vn 0.3426 0.8388 -0.4230
vn 0.4647 0.7475 -0.4747
vn 0.4411 0.7334 -0.5173
vn 0.3736 0.7089 -0.5983
vn 0.2404 0.6995 -0.6730
vn 0.1082 0.7057 -0.7002
vn 0.0246 0.7263 -0.6869
vn 0.0145 0.7462 -0.6655
vn 0.0509 0.7409 -0.6696
vn 0.0676 0.7078 -0.7032
vn 0.0367 0.6578 -0.7523
vn -0.0240 0.6154 -0.7878
vn -0.0572 0.5829 -0.8105
vn 0.3086 0.8777 -0.3666
vn 0.4249 0.8053 -0.4135
vn 0.4800 0.7792 -0.4031
vn 0.5179 0.7251 -0.4540
vn 0.4769 0.6849 -0.5509
vn 0.3558 0.6465 -0.6749
vn 0.1734 0.6204 -0.7649
vn -0.0008 0.6224 -0.7827
vn -0.0780 0.6576 -0.7493
vn -0.0454 0.7037 -0.7091
vn 0.0319 0.7234 -0.6897
vn 0.0846 0.7051 -0.7041
vn 0.0669 0.6692 -0.7401
vn 0.0097 0.6413 -0.7673
vn 0.3593 0.8806 -0.3090
vn 0.4569 0.8352 -0.3061
vn 0.5266 0.7855 -0.3252
vn 0.5718 0.7410 -0.3521
vn 0.5797 0.6905 -0.4326
vn 0.5082 0.6431 -0.5729
vn 0.3336 0.5958 -0.7306
vn 0.1019 0.5423 -0.8340
vn -0.0964 0.5240 -0.8462
vn -0.1748 0.5704 -0.8025
vn -0.1119 0.6427 -0.7579
vn -0.0023 0.6886 -0.7251
vn 0.0778 0.6849 -0.7245
vn 0.0617 0.6625 -0.7465
vn 0.4477 0.8708 -0.2032
vn 0.4973 0.8366 -0.2296
vn 0.5583 0.7941 -0.2404
vn 0.6049 0.7552 -0.2526
vn 0.6402 0.7122 -0.2879
vn 0.6347 0.6678 -0.3888
vn 0.5312 0.6334 -0.5627
vn 0.3250 0.5802 -0.7468
vn 0.0656 0.5032 -0.8617
vn -0.1478 0.4549 -0.8782
vn -0.2388 0.5002 -0.8324
vn -0.1652 0.5913 -0.7894
vn -0.0240 0.6526 -0.7573
vn 0.0621 0.6542 -0.7537
vn 0.5082 0.8527 -0.1209
vn 0.5421 0.8245 -0.1625
vn 0.5854 0.7906 -0.1798
vn 0.6158 0.7679 -0.1767
vn 0.6508 0.7425 -0.1587
vn 0.6914 0.7013 -0.1736
vn 0.6849 0.6692 -0.2883
vn 0.5816 0.6452 -0.4954
vn 0.3605 0.5929 -0.7201
vn 0.0739 0.5026 -0.8613
vn -0.1747 0.4339 -0.8839
vn -0.2878 0.4779 -0.8299
vn -0.1902 0.5831 -0.7898
vn -0.0138 0.6388 -0.7692
vn 0.5578 0.8268 -0.0727
vn 0.5817 0.8051 -0.1156
vn 0.6107 0.7796 -0.1388
vn 0.6150 0.7772 -0.1328
vn 0.6145 0.7858 -0.0695
vn 0.6638 0.7478 0.0149
vn 0.7309 0.6822 0.0204
vn 0.7368 0.6678 -0.1059
vn 0.6635 0.6608 -0.3508
vn 0.4463 0.6224 -0.6429
vn 0.1031 0.5330 -0.8398
vn -0.1863 0.4405 -0.8782
vn -0.3191 0.4908 -0.8107
vn -0.1569 0.6024 -0.7826
vn 0.5965 0.8013 -0.0459
vn 0.6166 0.7823 -0.0880
vn 0.6393 0.7592 -0.1221
vn 0.6241 0.7679 -0.1444
vn 0.5747 0.8110 -0.1095
vn 0.5923 0.8057 0.0118
vn 0.6410 0.7492 0.1666
vn 0.6954 0.6806 0.2304
vn 0.7973 0.5933 0.1106
vn 0.7369 0.6502 -0.1851
vn 0.5114 0.6613 -0.5488
vn 0.1288 0.5822 -0.8028
vn -0.2051 0.4762 -0.8551
vn -0.2894 0.5438 -0.7877
vn 0.6227 0.7817 -0.0359
vn 0.6467 0.7591 -0.0745
vn 0.6732 0.7294 -0.1218
vn 0.6632 0.7197 -0.2055
vn 0.5881 0.7464 -0.3115
vn 0.5368 0.7847 -0.3100
vn 0.5693 0.7976 -0.1994
vn 0.5994 0.8003 -0.0159
vn 0.6435 0.7332 0.2197
vn 0.7181 0.6527 0.2413
vn 0.8037 0.5923 -0.0568
vn 0.5170 0.7075 -0.4818
vn 0.1141 0.6334 -0.7654
vn -0.2188 0.5509 -0.8054
vn 0.6395 0.7681 -0.0322
vn 0.6722 0.7374 -0.0663
vn 0.7074 0.6969 -0.1181
vn 0.7183 0.6568 -0.2293
vn 0.6518 0.6327 -0.4181
vn 0.5308 0.6369 -0.5591
vn 0.4654 0.6768 -0.5704
vn 0.4187 0.7922 -0.4440
vn 0.5040 0.8347 -0.2221
vn 0.6196 0.7849 0.0012
vn 0.6802 0.7103 0.1811
vn 0.7321 0.6794 -0.0493
vn 0.4714 0.7611 -0.4456
vn 0.1308 0.6429 -0.7547
vn 0.6505 0.7590 -0.0283
vn 0.6924 0.7193 -0.0567
vn 0.7330 0.6733 -0.0965
vn 0.7549 0.6399 -0.1437
vn 0.7417 0.6265 -0.2395
vn 0.6527 0.6692 -0.3552
vn 0.5552 0.7057 -0.4401
vn 0.4764 0.6767 -0.5613
vn 0.4386 0.6821 -0.5852
vn 0.4606 0.7623 -0.4546
vn 0.4957 0.8461 -0.1961
vn 0.6410 0.7669 -0.0328
vn 0.6051 0.7752 -0.1815
vn 0.4074 0.7849 -0.4668
vn 0.6588 0.7520 -0.0220
vn 0.7051 0.7079 -0.0415
vn 0.7482 0.6602 -0.0653
vn 0.7809 0.6137 -0.1166
vn 0.7398 0.6690 -0.0723
vn 0.6383 0.7697 0.0100
vn 0.6303 0.7763 -0.0143
vn 0.6266 0.7726 -0.1024
vn 0.5760 0.7981 -0.1770
vn 0.4652 0.8736 -0.1428
vn 0.6290 0.7164 -0.3017
vn 0.6457 0.6941 -0.3184
vn 0.6047 0.7719 -0.1963
vn 0.3603 0.9243 -0.1262
vn -0.3429 0.8863 0.3114
vn -0.2740 0.9043 0.3273
vn -0.1867 0.9263 0.3272
vn -0.1091 0.9438 0.3119
vn -0.0466 0.9579 0.2833
vn 0.1838 0.9810 0.0624
vn 0.1735 0.9706 -0.1669
vn 0.0185 0.9610 -0.2761
vn -0.0637 0.9381 -0.3403
vn -0.1455 0.9229 -0.3564
vn -0.2071 0.9261 -0.3152
vn -0.1926 0.9399 -0.2820
vn -0.1481 0.9523 -0.2669
vn -0.0964 0.9591 -0.2661
vn -0.0410 0.9647 -0.2601
vn 0.0329 0.9677 -0.2500
vn 0.0412 0.8244 -0.5646
vn 0.1520 0.5642 -0.8115
vn -0.0098 0.6481 -0.7615
vn 0.0056 0.5772 -0.8166
vn 0.0266 0.6321 -0.7744
vn 0.0253 0.6561 -0.7543
vn 0.0396 0.6566 -0.7532
vn 0.0196 0.6478 -0.7616
vn -0.0256 0.6406 -0.7674
vn -0.1071 0.6262 -0.7723
vn -0.1963 0.6156 -0.7632
vn -0.1262 0.5713 -0.8110
vn -0.0301 0.7982 -0.6016
vn -0.0113 0.9918 -0.1277
vn 0.0058 0.8990 0.4379
vn 0.3361 0.8841 0.3248
vn 0.4905 0.8662 0.0948
vn 0.6556 0.7233 -0.2170
vn 0.6119 0.6843 -0.3967
vn 0.4598 0.8608 -0.2181
vn 0.7089 0.6831 0.1753
vn 0.6315 0.6781 0.3760
vn 0.5416 0.7116 0.4474
vn 0.4592 0.7895 0.4073
vn 0.6477 0.7288 0.2221
vn 0.7573 0.6513 0.0487
vn 0.7510 0.6594 -0.0338
vn 0.7145 0.6990 -0.0314
vn 0.6670 0.7450 -0.0129
vn 0.6724 0.7402 0.0002
vn 0.6723 0.7402 -0.0075
vn 0.6981 0.7160 -0.0052
vn 0.7004 0.7137 0.0040
vn 0.6919 0.7218 0.0165
vn 0.6312 0.7755 0.0142
vn 0.5995 0.8004 0.0008
vn 0.5745 0.8179 -0.0316
vn 0.5274 0.8451 -0.0871
vn 0.4457 0.8630 -0.2378
vn 0.2534 0.8532 -0.4559
vn -0.1800 0.9708 -0.1589
vn -0.3102 0.9506 -0.0110
vn -0.3468 0.9329 0.0973
vn -0.3583 0.9089 0.2132
vn 0.2139 0.7998 -0.5608
vn 0.2589 0.7845 -0.5635
vn 0.2741 0.7818 -0.5601
vn 0.2322 0.7963 -0.5585
vn 0.1552 0.8171 -0.5552
vn 0.0571 0.8306 -0.5540
vn -0.0790 0.8614 -0.5017
vn -0.1277 0.8955 -0.4264
vn -0.2948 0.8451 -0.4460
vn -0.2577 0.8944 -0.3656
vn -0.2124 0.9237 -0.3187
vn -0.1950 0.9280 -0.3176
vn -0.1583 0.9368 -0.3118
vn -0.0871 0.9500 -0.2998
vn 0.1686 0.6744 -0.7189
vn 0.2763 0.6361 -0.7204
vn 0.2292 0.6638 -0.7119
vn 0.2052 0.6750 -0.7088
vn 0.0911 0.7186 -0.6894
vn -0.0817 0.7920 -0.6050
vn -0.2139 0.8763 -0.4316
vn -0.2625 0.8625 -0.4327
vn -0.3221 0.7594 -0.5653
vn -0.2270 0.7606 -0.6082
vn -0.1719 0.7920 -0.5858
vn -0.1391 0.7985 -0.5856
vn -0.0792 0.8128 -0.5772
vn 0.1913 0.5537 -0.8105
vn 0.2032 0.5934 -0.7788
vn 0.2037 0.6031 -0.7712
vn 0.0870 0.6800 -0.7280
vn -0.0988 0.7762 -0.6227
vn -0.2626 0.8306 -0.4910
vn -0.2852 0.8508 -0.4413
vn -0.2874 0.7956 -0.5333
vn -0.2304 0.7216 -0.6528
vn -0.1212 0.6920 -0.7117
vn -0.1613 0.6529 -0.7400
vn -0.1778 0.6289 -0.7569
vn -0.1162 0.6557 -0.7460
vn -0.0732 0.6687 -0.7400
vn 0.1490 0.6062 -0.7812
vn 0.1802 0.6169 -0.7661
vn 0.0799 0.6890 -0.7204
vn -0.1040 0.7742 -0.6244
vn -0.2862 0.8205 -0.4949
vn -0.2346 0.8220 -0.5188
vn -0.0552 0.7512 -0.6578
vn -0.1400 0.6357 -0.7592
vn -0.0227 0.5431 -0.8394
vn -0.0134 0.5913 -0.8063
vn -0.1020 0.6528 -0.7507
vn -0.1310 0.5770 -0.8061
vn -0.1336 0.5549 -0.8211
vn -0.0747 0.5732 -0.8160
vn 0.1215 0.6447 -0.7547
vn 0.0653 0.6984 -0.7127
vn -0.1026 0.7698 -0.6299
vn -0.2616 0.8064 -0.5303
vn -0.1726 0.7771 -0.6052
vn 0.0235 0.6761 -0.7364
vn 0.2108 0.5330 -0.8194
vn 0.1644 0.4860 -0.8584
vn 0.1497 0.6403 -0.7534
vn -0.1132 0.7540 -0.6471
vn -0.2293 0.6495 -0.7249
vn 0.0100 0.5573 -0.8303
vn -0.0855 0.5113 -0.8551
vn -0.0967 0.5360 -0.8387
vn 0.1159 0.6972 -0.7075
vn 0.0592 0.7573 -0.6504
vn -0.1038 0.7920 -0.6016
vn -0.2585 0.7028 -0.6627
vn 0.0796 0.6127 -0.7863
vn 0.3040 0.4323 -0.8489
vn 0.1118 0.5092 -0.8534
vn -0.1730 0.6759 -0.7164
vn -0.1341 0.8187 -0.5583
vn -0.3624 0.6506 -0.6674
vn -0.0254 0.5271 -0.8494
vn 0.2410 0.5278 -0.8144
vn -0.0079 0.5815 -0.8135
vn -0.1470 0.5469 -0.8242
vn 0.0383 0.7139 -0.6992
vn -0.0732 0.7351 -0.6740
vn -0.1880 0.6614 -0.7260
vn -0.0967 0.5628 -0.8209
vn 0.0871 0.4319 -0.8977
vn 0.3012 0.5503 -0.7788
vn -0.2240 0.7198 -0.6570
vn -0.4773 0.7777 -0.4091
vn -0.1445 0.7385 -0.6586
vn -0.0764 0.6129 -0.7865
vn 0.3151 0.5224 -0.7924
vn 0.1902 0.5934 -0.7821
vn -0.0708 0.6517 -0.7552
vn -0.1064 0.7089 -0.6972
vn -0.0410 0.6783 -0.7336
vn -0.1094 0.6299 -0.7689
vn -0.0317 0.5431 -0.8391
vn 0.1343 0.4639 -0.8756
vn 0.3036 0.6081 -0.7335
vn 0.0617 0.7928 -0.6063
vn -0.2105 0.8942 -0.3951
vn -0.1725 0.7821 -0.5989
vn 0.1728 0.6261 -0.7603
vn 0.1870 0.4761 -0.8593
vn 0.3967 0.5466 -0.7375
vn 0.0991 0.7019 -0.7054
vn -0.1387 0.6529 -0.7446
vn -0.2043 0.5986 -0.7746
vn -0.0613 0.6279 -0.7759
vn -0.0030 0.5601 -0.8284
vn 0.1526 0.5277 -0.8356
vn 0.2294 0.6803 -0.6961
vn -0.0188 0.8439 -0.5361
vn -0.2898 0.9100 -0.2967
vn -0.5386 0.6944 -0.4773
vn 0.1741 0.6422 -0.7465
vn 0.4406 0.4058 -0.8008
vn 0.4492 0.5542 -0.7008
vn 0.1886 0.7343 -0.6521
vn -0.0923 0.7064 -0.7018
vn -0.0074 0.6749 -0.7379
vn -0.1113 0.7029 -0.7025
vn -0.0035 0.6101 -0.7923
vn 0.1194 0.5932 -0.7962
vn 0.1451 0.7478 -0.6479
vn -0.1185 0.8834 -0.4534
vn -0.3875 0.9032 -0.1845
vn -0.5973 0.6793 -0.4264
vn -0.1879 0.6447 -0.7410
vn 0.3789 0.4557 -0.8055
vn 0.4586 0.6507 -0.6052
vn 0.2034 0.8435 -0.4971
vn -0.0444 0.8850 -0.4634
vn 0.0296 0.8568 -0.5148
vn 0.0544 0.8850 -0.4624
vn -0.1706 0.8527 -0.4937
vn 0.0613 0.6413 -0.7648
vn 0.0882 0.7983 -0.5958
vn -0.1944 0.9055 -0.3772
vn -0.4676 0.8806 -0.0772
vn -0.6566 0.6583 -0.3680
vn -0.1976 0.6456 -0.7376
vn 0.2178 0.6250 -0.7496
vn 0.3827 0.8020 -0.4587
vn 0.0932 0.9495 -0.2997
vn -0.0813 0.9856 -0.1485
vn -0.1002 0.9321 -0.3481
vn 0.1096 0.9786 -0.1739
vn -0.0243 0.9997 0.0074
vn -0.0545 0.9823 -0.1795
vn 0.0405 0.8350 -0.5488
vn -0.2352 0.9175 -0.3206
vn -0.5101 0.8600 -0.0085
vn -0.7148 0.6290 -0.3056
vn -0.2490 0.6939 -0.6756
vn 0.2334 0.7900 -0.5670
vn 0.2006 0.9376 -0.2841
vn -0.0324 0.9991 0.0276
vn -0.2024 0.9792 0.0118
vn -0.2697 0.9030 -0.3346
vn 0.1660 0.9826 -0.0836
vn -0.1347 0.9754 0.1743
vn -0.2412 0.9704 0.0109
vn 0.1934 0.9809 -0.0209
vn -0.3016 0.9269 -0.2235
vn -0.5194 0.8539 -0.0329
vn -0.7408 0.6136 -0.2734
vn -0.3445 0.7190 -0.6036
vn 0.0984 0.9012 -0.4221
vn 0.0252 0.9931 -0.1142
vn -0.1725 0.9424 0.2865
vn -0.4430 0.8925 0.0843
vn -0.1746 0.9509 -0.2555
vn 0.1664 0.9850 -0.0463
vn -0.1724 0.9581 0.2286
vn -0.4251 0.9044 0.0366
vn -0.0364 0.9955 -0.0880
vn 0.1730 0.9847 0.0180
vn -0.6297 0.7361 -0.2482
vn -0.6439 0.6945 -0.3211
vn -0.4795 0.7750 -0.4116
vn -0.0910 0.9599 -0.2652
vn -0.1767 0.9842 0.0142
vn -0.3154 0.8676 0.3844
vn -0.6180 0.7789 0.1071
vn -0.2143 0.9736 -0.0784
vn 0.2255 0.9738 -0.0284
vn -0.1053 0.9928 0.0579
vn -0.4769 0.8748 0.0851
vn -0.1770 0.9839 0.0234
vn 0.0783 0.9968 -0.0157
vn 0.0172 0.9990 0.0421
vn 0.1028 0.9524 -0.2871
vn 0.1578 0.9328 -0.3241
vn 0.2529 0.9149 -0.3148
vn 0.2534 0.9058 -0.3395
vn 0.2617 0.9089 -0.3246
vn 0.1771 0.9255 -0.3349
vn 0.0728 0.9351 -0.3468
vn -0.0103 0.9389 -0.3442
vn -0.1325 0.9527 -0.2736
vn -0.1446 0.9831 -0.1124
vn -0.1831 0.9830 -0.0144
vn -0.2141 0.9768 0.0039
vn -0.2022 0.9792 0.0170
vn -0.1588 0.9869 0.0288
vn -0.0902 0.9951 0.0398
vn 0.0103 0.9991 0.0411
vn 0.0220 0.9596 -0.2806
vn 0.0137 0.8318 -0.5550
vn -0.0066 0.6971 -0.7170
vn -0.0420 0.5832 -0.8112
vn -0.0464 0.4994 -0.8651
vn 0.0030 0.6095 -0.7928
vn -0.1531 0.7407 -0.6541
vn -0.1904 0.5915 -0.7835
vn -0.1887 0.6603 -0.7269
vn -0.0975 0.8283 -0.5517
vn -0.0089 0.9812 -0.1925
vn 0.0071 0.9990 0.0430
vn -0.0341 0.9952 0.0917
vn -0.0984 0.9920 0.0792
vn -0.1355 0.9900 0.0388
vn -0.0471 0.9981 0.0407
vn 0.1072 0.9939 0.0259
vn -0.1215 0.9919 0.0369
vn -0.4891 0.8707 0.0516
vn -0.1896 0.9773 0.0948
vn 0.1457 0.9889 0.0298
vn -0.0018 0.9902 -0.1399
vn -0.3453 0.9377 -0.0387
vn -0.6919 0.7052 0.1546
vn -0.4291 0.8053 0.4091
vn -0.2746 0.9501 0.1479
vn -0.4896 0.8564 -0.1639
vn -0.3953 0.8934 -0.2133
vn -0.1624 0.9867 0.0001
vn -0.3422 0.8681 0.3595
vn -0.4080 0.9015 -0.1445
vn -0.2688 0.8014 -0.5343
vn -0.1058 0.6457 -0.7562
vn -0.0740 0.6555 -0.7516
vn -0.0441 0.6488 -0.7597
vn -0.0122 0.6588 -0.7522
vn 0.0251 0.6664 -0.7452
vn 0.0637 0.6752 -0.7349
vn 0.0863 0.6651 -0.7418
vn 0.0940 0.6334 -0.7681
vn 0.0951 0.5852 -0.8053
vn 0.1110 0.5804 -0.8067
vn -0.0010 0.6591 -0.7520
vn 0.1346 0.8211 -0.5546
vn 0.2352 0.9439 -0.2317
vn 0.3276 0.9171 -0.2273
vn 0.3607 0.9107 -0.2012
vn 0.3657 0.9162 -0.1637
vn 0.2858 0.9495 -0.1297
vn 0.1962 0.9701 -0.1426
vn 0.0547 0.9852 -0.1627
vn -0.1576 0.9770 -0.1434
vn -0.3409 0.9349 -0.0988
vn -0.4057 0.9080 -0.1050
vn -0.3362 0.9321 -0.1344
vn -0.2316 0.9597 -0.1594
vn -0.1145 0.9773 -0.1782
vn 0.0075 0.9790 -0.2038
vn 0.1806 0.8552 -0.4859
vn 0.2669 0.8610 -0.4329
vn 0.2948 0.8783 -0.3764
vn 0.2805 0.9117 -0.3002
vn 0.2661 0.9199 -0.2880
vn 0.2074 0.9286 -0.3077
vn 0.0232 0.9571 -0.2888
vn -0.2030 0.9489 -0.2416
vn -0.3424 0.9156 -0.2108
vn -0.4049 0.8768 -0.2594
vn -0.3343 0.8893 -0.3122
vn -0.2315 0.9059 -0.3547
vn -0.0877 0.9157 -0.3922
vn 0.0375 0.9018 -0.4305
vn 0.0968 0.7495 -0.6549
vn 0.1596 0.7929 -0.5881
vn 0.2088 0.8210 -0.5313
vn 0.2167 0.8423 -0.4936
vn 0.1973 0.8718 -0.4483
vn 0.1784 0.8845 -0.4310
vn -0.0671 0.9305 -0.3600
vn -0.2028 0.9357 -0.2888
vn -0.3578 0.8731 -0.3312
vn -0.3462 0.8382 -0.4215
vn -0.2798 0.8235 -0.4935
vn -0.1896 0.8148 -0.5479
vn -0.0276 0.7974 -0.6028
vn 0.0834 0.7610 -0.6434
vn 0.0938 0.6543 -0.7504
vn 0.1498 0.7050 -0.6932
vn 0.1041 0.7621 -0.6390
vn 0.2406 0.7114 -0.6603
vn 0.0674 0.8028 -0.5924
vn -0.0320 0.9031 -0.4283
vn -0.1986 0.9317 -0.3041
vn -0.2697 0.8899 -0.3678
vn -0.2888 0.8238 -0.4878
vn -0.2377 0.7738 -0.5871
vn -0.1926 0.7338 -0.6514
vn -0.1240 0.6926 -0.7106
vn 0.0532 0.6493 -0.7586
vn 0.1454 0.5936 -0.7915
vn 0.0047 0.5796 -0.8149
vn 0.0449 0.5972 -0.8009
vn 0.0972 0.6716 -0.7346
vn 0.2471 0.7694 -0.5891
vn 0.0810 0.9075 -0.4123
vn -0.0273 0.9436 -0.3299
vn -0.2005 0.8944 -0.3997
vn -0.1889 0.8350 -0.5168
vn -0.1371 0.7615 -0.6335
vn -0.1068 0.7082 -0.6978
vn -0.0960 0.6440 -0.7589
vn 0.0657 0.5867 -0.8071
vn 0.1426 0.5244 -0.8394
vn 0.2358 0.4473 -0.8628
vn -0.0629 0.6590 -0.7495
vn -0.0058 0.7272 -0.6864
vn -0.0489 0.8313 -0.5537
vn 0.0206 0.9018 -0.4317
vn -0.1712 0.8739 -0.4550
vn -0.1245 0.8597 -0.4953
vn -0.1065 0.8114 -0.5748
vn -0.0455 0.7426 -0.6681
vn 0.1110 0.6857 -0.7193
vn 0.0790 0.6367 -0.7671
vn 0.0992 0.5838 -0.8058
vn 0.1452 0.5313 -0.8346
vn 0.2531 0.4498 -0.8565
vn 0.3230 0.3807 -0.8665
vn -0.1599 0.8043 -0.5723
vn -0.1696 0.8286 -0.5335
vn -0.2633 0.7903 -0.5532
vn -0.1535 0.7951 -0.5867
vn -0.0984 0.7891 -0.6063
vn -0.0818 0.7542 -0.6516
vn -0.0050 0.7063 -0.7079
vn 0.0793 0.6451 -0.7599
vn 0.0738 0.6678 -0.7407
vn 0.0795 0.6689 -0.7391
vn 0.1733 0.6208 -0.7646
vn 0.2910 0.5152 -0.8061
vn 0.3823 0.4119 -0.8272
vn 0.3562 0.3965 -0.8461
vn -0.2360 0.6898 -0.6845
vn -0.2031 0.7072 -0.6773
vn -0.1701 0.7126 -0.6806
vn -0.1351 0.7081 -0.6931
vn -0.0765 0.7020 -0.7081
vn -0.0131 0.6882 -0.7254
vn 0.0697 0.6395 -0.7656
vn 0.1646 0.6752 -0.7191
vn 0.0108 0.7353 -0.6777
vn 0.1561 0.6785 -0.7179
vn 0.3014 0.5658 -0.7675
vn 0.4010 0.4570 -0.7939
vn 0.3697 0.4909 -0.7889
vn 0.3298 0.5501 -0.7672
vn -0.2484 0.5004 -0.8294
vn -0.1941 0.5421 -0.8176
vn -0.1498 0.5775 -0.8026
vn -0.1049 0.5874 -0.8024
vn -0.0559 0.5952 -0.8016
vn 0.0058 0.6342 -0.7732
vn 0.1270 0.6995 -0.7033
vn 0.0843 0.7393 -0.6681
vn 0.0072 0.6984 -0.7157
vn 0.2417 0.6025 -0.7606
vn 0.3985 0.4780 -0.7828
vn 0.3548 0.5443 -0.7602
vn 0.3200 0.6157 -0.7201
vn 0.2475 0.7085 -0.6609
vn -0.1832 0.7351 -0.6527
vn -0.3074 0.6337 -0.7098
vn -0.2290 0.5612 -0.7954
vn -0.1157 0.5200 -0.8463
vn -0.0560 0.4951 -0.8670
vn -0.0497 0.4848 -0.8732
vn 0.0002 0.5143 -0.8576
vn 0.0357 0.5844 -0.8107
vn 0.0818 0.5777 -0.8121
vn 0.2415 0.5459 -0.8023
vn 0.3211 0.6086 -0.7256
vn 0.3068 0.6705 -0.6754
vn 0.2327 0.7661 -0.5991
vn 0.1878 0.8220 -0.5376
vn -0.0432 0.9833 -0.1770
vn -0.1000 0.9398 -0.3269
vn -0.1024 0.8928 -0.4386
vn -0.0890 0.8405 -0.5344
vn -0.0661 0.7725 -0.6316
vn -0.0741 0.6980 -0.7122
vn -0.0912 0.6434 -0.7601
vn -0.0915 0.5725 -0.8148
vn 0.0841 0.5588 -0.8250
vn 0.2483 0.6265 -0.7388
vn 0.2058 0.7226 -0.6599
vn 0.1964 0.8103 -0.5521
vn 0.1725 0.8589 -0.4822
vn 0.1334 0.8977 -0.4200
vn 0.0241 0.9958 0.0880
vn 0.1117 0.9925 0.0497
vn 0.0433 0.9990 0.0090
vn 0.0236 0.9987 -0.0451
vn 0.0448 0.9947 -0.0926
vn 0.0176 0.9822 -0.1868
vn -0.0495 0.9268 -0.3722
vn -0.0267 0.8589 -0.5115
vn 0.0609 0.8305 -0.5537
vn 0.1135 0.8295 -0.5469
vn 0.1258 0.8785 -0.4609
vn 0.1080 0.9280 -0.3566
vn 0.2125 0.9028 -0.3740
vn 0.2398 0.8371 -0.4917
vn 0.0363 0.9992 0.0180
vn 0.1389 0.9903 0.0067
vn 0.0975 0.9952 -0.0075
vn 0.0805 0.9963 -0.0293
vn 0.0855 0.9953 -0.0449
vn 0.1003 0.9936 -0.0513
vn 0.1095 0.9919 -0.0652
vn 0.0827 0.9849 -0.1520
vn 0.0771 0.9773 -0.1972
vn 0.0978 0.9624 -0.2534
vn 0.1247 0.9781 -0.1666
vn 0.1288 0.9735 -0.1891
vn 0.2571 0.9406 -0.2218
vn 0.4419 0.7864 -0.4317
vn 0.0776 0.9970 0.0075
vn 0.1612 0.9867 -0.0190
vn 0.1165 0.9929 -0.0246
vn 0.1041 0.9940 -0.0341
vn 0.0996 0.9941 -0.0426
vn 0.1045 0.9934 -0.0479
vn 0.1187 0.9920 -0.0434
vn 0.1449 0.9894 -0.0095
vn 0.1054 0.9925 -0.0624
vn 0.1312 0.9914 0.0044
vn 0.0587 0.9932 -0.1009
vn 0.1917 0.9640 -0.1842
vn 0.3604 0.8775 -0.3165
vn 0.4637 0.8289 -0.3129
vn 0.1141 0.9929 0.0332
vn 0.2222 0.9746 0.0280
vn 0.3102 0.9506 0.0156
vn 0.3662 0.9305 0.0005
vn 0.3985 0.9171 0.0026
vn 0.3474 0.9372 0.0301
vn 0.1879 0.9819 0.0240
vn 0.0416 0.9990 -0.0141
vn -0.1332 0.9907 -0.0274
vn -0.2990 0.9542 0.0042
vn -0.4025 0.9141 0.0492
vn -0.3500 0.9364 0.0236
vn -0.2421 0.9701 0.0189
vn -0.1201 0.9922 0.0329
vn -0.0065 0.9993 0.0368
vn 0.0748 0.9971 0.0158
vn 0.0921 0.9680 -0.2333
vn 0.1245 0.8717 -0.4740
vn 0.1656 0.7103 -0.6841
vn 0.2261 0.5216 -0.8227
vn 0.3046 0.3677 -0.8787
vn 0.3574 0.3410 -0.8695
vn 0.3131 0.4520 -0.8353
vn 0.2456 0.6330 -0.7342
vn 0.1948 0.7596 -0.6205
vn 0.1272 0.8715 -0.4736
vn 0.3280 0.7436 -0.5826
vn 0.4236 0.7304 -0.5358
vn 0.4932 0.7154 -0.4950
vn 0.5643 0.7315 -0.3827
vn 0.5680 0.7842 -0.2498
vn 0.4723 0.7994 -0.3715
vn 0.4268 0.8297 -0.3596
vn 0.3038 0.9128 -0.2728
vn 0.1341 0.9849 -0.1098
vn 0.0846 0.9941 -0.0684
vn 0.1487 0.9848 -0.0894
vn 0.1193 0.9902 -0.0733
vn 0.1135 0.9923 -0.0504
vn 0.1087 0.9931 -0.0445
vn 0.1080 0.9935 -0.0349
vn 0.1146 0.9931 -0.0267
vn 0.1316 0.9911 -0.0208
vn 0.1582 0.9873 -0.0165
vn 0.1010 0.9948 -0.0165
vn -0.0013 0.9999 0.0106
vn -0.0762 0.9965 0.0337
vn -0.1309 0.9899 0.0544
vn -0.0536 0.9922 0.1122
vn 0.0081 0.9903 -0.1388
vn -0.0940 0.7922 -0.6030
vn -0.3196 0.5447 -0.7754
vn -0.1958 0.6628 -0.7227
vn -0.1708 0.7610 -0.6258
vn -0.1162 0.6271 -0.7702
vn -0.0017 0.5504 -0.8349
vn 0.0390 0.6066 -0.7940
vn 0.0627 0.7106 -0.7008
vn 0.1100 0.8501 -0.5151
vn 0.1320 0.9582 -0.2540
vn 0.1787 0.9269 -0.3301
vn 0.1854 0.9003 -0.3938
vn 0.1724 0.8791 -0.4444
vn 0.1560 0.8644 -0.4779
vn 0.1579 0.8513 -0.5003
vn 0.1631 0.8384 -0.5201
vn 0.1556 0.8370 -0.5246
vn 0.1116 0.8565 -0.5039
vn -0.0232 0.9024 -0.4302
vn -0.0183 0.9536 -0.3005
vn 0.0027 0.9955 -0.0950
vn 0.1151 0.9892 0.0907
vn 0.1602 0.9619 0.2215
vn 0.1160 0.9444 0.3076
vn 0.2161 0.7809 -0.5861
vn 0.2204 0.7319 -0.6448
vn 0.1843 0.7017 -0.6882
vn 0.1407 0.6925 -0.7075
vn 0.1299 0.6942 -0.7080
vn 0.1372 0.6988 -0.7021
vn 0.1318 0.7060 -0.6958
vn 0.0306 0.7495 -0.6613
vn -0.0165 0.8218 -0.5695
vn -0.1717 0.8963 -0.4089
vn -0.2350 0.9579 -0.1649
vn -0.1136 0.9930 0.0336
vn -0.0031 0.9840 0.1782
vn 0.0233 0.9623 0.2709
vn 0.2459 0.5876 -0.7709
vn 0.2306 0.5416 -0.8084
vn 0.1890 0.5037 -0.8430
vn 0.1203 0.4863 -0.8655
vn 0.0609 0.5061 -0.8603
vn 0.0464 0.5486 -0.8348
vn 0.0599 0.5878 -0.8068
vn 0.0368 0.6520 -0.7574
vn -0.1512 0.7361 -0.6598
vn -0.3687 0.8051 -0.4646
vn -0.4971 0.8469 -0.1889
vn -0.3593 0.9332 -0.0020
vn -0.2013 0.9704 0.1337
vn -0.0996 0.9708 0.2182
vn 0.2661 0.3950 -0.8793
vn 0.2014 0.3790 -0.9032
vn 0.1656 0.3665 -0.9155
vn 0.1376 0.3293 -0.9341
vn 0.0125 0.3291 -0.9442
vn -0.0840 0.3881 -0.9178
vn -0.1310 0.4971 -0.8578
vn -0.0692 0.5969 -0.7993
vn -0.3167 0.6588 -0.6824
vn -0.5655 0.6774 -0.4705
vn -0.7174 0.6687 -0.1953
vn -0.5780 0.8150 -0.0411
vn -0.3932 0.9160 0.0798
vn -0.2305 0.9599 0.1594
vn 0.2501 0.2965 -0.9217
vn 0.1784 0.2908 -0.9400
vn 0.0885 0.3237 -0.9420
vn 0.0338 0.3869 -0.9215
vn -0.1059 0.4473 -0.8881
vn -0.1553 0.4843 -0.8610
vn -0.1338 0.4908 -0.8609
vn -0.2138 0.5484 -0.8084
vn -0.4684 0.5703 -0.6748
vn -0.7080 0.5492 -0.4440
vn -0.8549 0.4851 -0.1837
vn -0.7420 0.6666 -0.0717
vn -0.5620 0.8268 0.0245
vn -0.3647 0.9267 0.0910
vn 0.2242 0.3959 -0.8905
vn 0.1795 0.4116 -0.8935
vn 0.1058 0.4042 -0.9085
vn -0.0721 0.4430 -0.8936
vn -0.3366 0.5128 -0.7898
vn -0.2410 0.5920 -0.7691
vn -0.1422 0.5302 -0.8359
vn -0.3286 0.5164 -0.7908
vn -0.5988 0.5044 -0.6221
vn -0.8190 0.4381 -0.3705
vn -0.9296 0.3352 -0.1533
vn -0.8470 0.5244 -0.0866
vn -0.6927 0.7209 -0.0232
vn -0.4847 0.8744 0.0230
vn 0.1494 0.5699 -0.8080
vn 0.1287 0.6142 -0.7786
vn 0.2086 0.5681 -0.7960
vn 0.0257 0.4841 -0.8746
vn -0.2289 0.3484 -0.9090
vn -0.3976 0.4054 -0.8232
vn -0.0082 0.5972 -0.8021
vn -0.4193 0.5439 -0.7269
vn -0.7324 0.4441 -0.5161
vn -0.9037 0.3375 -0.2635
vn -0.9650 0.2364 -0.1135
vn -0.9064 0.4112 -0.0965
vn -0.7834 0.6169 -0.0761
vn -0.5840 0.8096 -0.0591
vn 0.1938 0.6807 -0.7064
vn 0.0120 0.7264 -0.6871
vn 0.2117 0.7409 -0.6374
vn 0.3014 0.5912 -0.7481
vn -0.1078 0.4395 -0.8917
vn -0.4429 0.3396 -0.8297
vn -0.1118 0.6191 -0.7773
vn -0.5647 0.5217 -0.6395
vn -0.8426 0.3783 -0.3832
vn -0.9584 0.2488 -0.1396
vn -0.9802 0.1743 -0.0937
vn -0.9334 0.3335 -0.1324
vn -0.8349 0.5290 -0.1517
vn -0.6546 0.7413 -0.1483
vn 0.3178 0.7748 -0.5465
vn 0.3132 0.6128 -0.7255
vn 0.4142 0.4975 -0.7622
vn 0.1110 0.5989 -0.7931
vn -0.1478 0.5811 -0.8003
vn -0.4542 0.3682 -0.8113
vn -0.3171 0.5875 -0.7445
vn -0.7085 0.4565 -0.5382
vn -0.9233 0.2849 -0.2575
vn -0.9860 0.1493 -0.0745
vn -0.9804 0.1605 -0.1142
vn -0.9352 0.2917 -0.2005
vn -0.8540 0.4573 -0.2482
vn -0.7097 0.6660 -0.2299
vn 0.4478 0.5663 -0.6919
vn 0.4641 0.4486 -0.7638
vn 0.2394 0.5593 -0.7936
vn -0.1096 0.6135 -0.7821
vn -0.2120 0.5732 -0.7915
vn -0.3845 0.5138 -0.7669
vn -0.5330 0.5393 -0.6519
vn -0.8268 0.3832 -0.4118
vn -0.9709 0.2052 -0.1232
vn -0.9949 0.0890 -0.0484
vn -0.9711 0.1664 -0.1709
vn -0.9137 0.2781 -0.2965
vn -0.8430 0.3958 -0.3642
vn -0.7606 0.5617 -0.3256
vn 0.6061 0.4100 -0.6815
vn 0.5218 0.3450 -0.7802
vn 0.2133 0.2505 -0.9443
vn 0.0086 0.2755 -0.9613
vn -0.1426 0.4803 -0.8655
vn -0.4452 0.5932 -0.6707
vn -0.6949 0.5148 -0.5021
vn -0.9182 0.3239 -0.2280
vn -0.9879 0.1399 0.0665
vn -0.9938 0.0816 -0.0755
vn -0.9388 0.1827 -0.2921
vn -0.8666 0.2870 -0.4081
vn -0.8170 0.3760 -0.4372
vn -0.7905 0.4274 -0.4386
vn 0.6694 0.4044 -0.6232
vn 0.5672 0.3318 -0.7538
vn 0.1713 0.1606 -0.9720
vn -0.1608 0.0833 -0.9835
vn -0.4613 0.1501 -0.8745
vn -0.7318 0.3826 -0.5640
vn -0.8216 0.5150 -0.2445
vn -0.9482 0.2839 0.1422
vn -0.9997 0.0186 0.0128
vn -0.9561 0.1448 -0.2546
vn -0.8761 0.2468 -0.4142
vn -0.8327 0.3148 -0.4556
vn -0.7968 0.3390 -0.5002
vn -0.7506 0.3316 -0.5715
vn 0.7585 0.3601 -0.5431
vn 0.4945 0.3994 -0.7719
vn 0.1459 0.2390 -0.9600
vn -0.4623 0.0674 -0.8842
vn -0.8655 0.0471 -0.4986
vn -0.9858 0.0925 -0.1403
vn -0.9598 0.2733 -0.0638
vn -0.9933 0.0429 -0.1077
vn -0.9362 0.1248 -0.3285
vn -0.8656 0.2113 -0.4540
vn -0.8405 0.3045 -0.4482
vn -0.8144 0.3103 -0.4904
vn -0.7307 0.3112 -0.6076
vn -0.5372 0.3908 -0.7474
vn 0.7903 0.5238 -0.3179
vn 0.4568 0.7548 -0.4708
vn -0.2037 0.7443 -0.6361
vn -0.8886 0.2958 -0.3505
vn -0.9990 0.0431 -0.0108
vn -0.9993 -0.0290 0.0235
vn -0.9874 0.1541 -0.0360
vn -0.9526 0.1199 -0.2797
vn -0.8965 0.2372 -0.3743
vn -0.8879 0.2900 -0.3570
vn -0.8940 0.3118 -0.3219
vn -0.8438 0.3771 -0.3818
vn -0.7197 0.5241 -0.4554
vn -0.6092 0.5956 -0.5236
vn 0.1167 0.9931 -0.0128
vn 0.1455 0.9881 -0.0498
vn 0.1433 0.9846 -0.1005
vn 0.1421 0.9784 -0.1500
vn 0.1383 0.9715 -0.1923
vn 0.1440 0.9632 -0.2270
vn 0.1464 0.9554 -0.2566
vn 0.1577 0.9472 -0.2791
vn 0.1480 0.9403 -0.3066
vn 0.1264 0.9559 -0.2652
vn 0.1252 0.9836 -0.1300
vn 0.1976 0.9789 0.0514
vn 0.2775 0.9406 0.1955
vn 0.2244 0.9385 0.2625
vn 0.1389 0.9449 0.2966
vn 0.1156 0.9487 0.2943
vn 0.1183 0.9213 0.3705
vn 0.0424 0.9405 0.3371
vn -0.0452 0.9617 0.2703
vn -0.1265 0.9741 0.1875
vn -0.1909 0.9757 0.1078
vn -0.2559 0.9662 0.0307
vn -0.3208 0.9455 -0.0554
vn -0.3868 0.9116 -0.1392
vn -0.4564 0.8701 -0.1861
vn -0.6971 0.6986 -0.1611
vn -0.7687 0.5319 -0.3552
vn -0.6642 0.3871 -0.6395
vn -0.4170 0.3086 -0.8549
vn -0.5233 0.6196 -0.5851
vn -0.5889 0.7923 -0.1595
vn -0.6966 0.6976 -0.1676
vn -0.7904 0.5798 -0.1978
vn -0.8586 0.4626 -0.2211
vn -0.9106 0.3618 -0.1997
vn -0.9447 0.3076 -0.1139
vn -0.9436 0.3258 -0.0591
vn -0.9335 0.3585 0.0081
vn -0.9819 0.1850 0.0394
vn -0.9962 0.0556 0.0670
vn -0.9822 0.0669 0.1757
vn -0.8737 0.4492 0.1869
vn -0.5175 0.8491 0.1063
vn 0.2300 0.9704 0.0736
vn 0.7066 0.6825 0.1871
vn 0.6898 0.7182 -0.0915
vn 0.6826 0.5702 -0.4571
vn 0.6813 0.5613 -0.4700
vn 0.6268 0.4878 -0.6075
vn 0.4769 0.6033 -0.6392
vn 0.3477 0.6870 -0.6380
vn 0.0719 0.8316 -0.5507
vn 0.1927 0.6967 -0.6910
vn 0.2583 0.5055 -0.8232
vn 0.2998 0.3619 -0.8827
vn 0.3110 0.3069 -0.8995
vn 0.2618 0.4517 -0.8529
vn 0.2184 0.6512 -0.7268
vn 0.1827 0.8299 -0.5272
vn 0.1450 0.9498 -0.2773
vn 0.5242 0.8289 0.1952
vn 0.3245 0.8905 0.3190
vn -0.0249 0.8792 0.4759
vn -0.4532 0.7376 0.5006
vn -0.8084 0.4865 0.3312
vn -0.9157 0.3653 0.1673
vn -0.9623 0.2500 0.1070
vn -0.9670 0.1498 0.2062
vn -0.8779 0.2638 0.3996
vn -0.8170 0.4276 0.3870
vn -0.8105 0.4822 0.3325
vn -0.8073 0.4814 0.3413
vn -0.7727 0.5071 0.3818
vn -0.6821 0.6024 0.4145
vn 0.4164 0.8856 0.2055
vn 0.3131 0.9185 0.2415
vn -0.0125 0.9408 0.3386
vn -0.4766 0.7932 0.3790
vn -0.7183 0.6466 0.2569
vn -0.8721 0.4742 0.1206
vn -0.9525 0.3019 0.0403
vn -0.9915 0.1115 0.0678
vn -0.9518 0.1293 0.2783
vn -0.8195 0.2617 0.5099
vn -0.7149 0.4072 0.5684
vn -0.7011 0.3996 0.5905
vn -0.6706 0.4170 0.6135
vn -0.5370 0.6478 0.5404
vn 0.3920 0.9042 0.1695
vn 0.3126 0.9392 0.1423
vn -0.0027 0.9809 0.1945
vn -0.4201 0.8744 0.2428
vn -0.7244 0.6606 0.1969
vn -0.8261 0.5562 0.0904
vn -0.9221 0.3861 -0.0258
vn -0.9831 0.1564 -0.0946
vn -0.9979 0.0324 0.0554
vn -0.9369 0.1138 0.3307
vn -0.7956 0.2639 0.5454
vn -0.7167 0.3745 0.5883
vn -0.6761 0.4628 0.5733
vn -0.4928 0.6111 0.6195
vn 0.4603 0.8783 0.1290
vn 0.3502 0.9279 0.1280
vn -0.0228 0.9832 0.1811
vn -0.4437 0.8698 0.2158
vn -0.6977 0.6896 0.1940
vn -0.7777 0.6195 0.1066
vn -0.9212 0.3870 -0.0395
vn -0.9711 0.1619 -0.1753
vn -0.9849 0.0534 -0.1649
vn -0.9851 0.1497 0.0841
vn -0.8890 0.3174 0.3300
vn -0.7969 0.4247 0.4295
vn -0.7378 0.5096 0.4426
vn -0.6339 0.6401 0.4341
vn 0.5236 0.8453 0.1061
vn 0.3642 0.9245 0.1125
vn -0.0458 0.9876 0.1499
vn -0.4653 0.8676 0.1752
vn -0.6894 0.6997 0.1875
vn -0.7761 0.6150 0.1393
vn -0.8674 0.4972 0.0189
vn -0.9485 0.2749 -0.1573
vn -0.9520 0.0598 -0.3001
vn -0.9815 0.0111 -0.1913
vn -0.9827 0.1758 0.0583
vn -0.8944 0.3779 0.2394
vn -0.7872 0.5390 0.2996
vn -0.6653 0.6918 0.2805
vn 0.5554 0.8265 0.0914
vn 0.3748 0.9223 0.0943
vn -0.0536 0.9917 0.1172
vn -0.4798 0.8668 0.1359
vn -0.7019 0.6907 0.1743
vn -0.7410 0.6484 0.1748
vn -0.7972 0.5964 0.0938
vn -0.8991 0.4344 -0.0538
vn -0.9507 0.1866 -0.2476
vn -0.9147 -0.0315 -0.4029
vn -0.9793 0.0059 -0.2022
vn -0.9705 0.2403 0.0198
vn -0.8503 0.5036 0.1528
vn -0.6668 0.7234 0.1791
vn 0.5782 0.8120 0.0798
vn 0.3919 0.9175 0.0677
vn -0.0407 0.9967 0.0704
vn -0.4789 0.8731 0.0912
vn -0.7259 0.6716 0.1485
vn -0.7372 0.6469 0.1953
vn -0.7373 0.6596 0.1461
vn -0.8232 0.5653 0.0527
vn -0.9260 0.3578 -0.1205
vn -0.9421 0.1109 -0.3164
vn -0.8914 -0.1126 -0.4391
vn -0.9785 0.0456 -0.2009
vn -0.9264 0.3760 -0.0222
vn -0.7087 0.7004 0.0853
vn 0.5968 0.7994 0.0689
vn 0.4263 0.9038 0.0388
vn 0.0046 0.9996 0.0262
vn -0.4604 0.8865 0.0458
vn -0.7500 0.6521 0.1106
vn -0.7659 0.6108 0.2007
vn -0.7029 0.6892 0.1760
vn -0.7577 0.6431 0.1110
vn -0.8649 0.5018 0.0104
vn -0.9432 0.2770 -0.1833
vn -0.9305 0.0224 -0.3656
vn -0.9185 -0.1599 -0.3615
vn -0.9650 0.1682 -0.2012
vn -0.8066 0.5889 -0.0501
vn 0.6124 0.7886 0.0561
vn 0.4720 0.8815 0.0138
vn 0.0660 0.9977 -0.0138
vn -0.4292 0.9032 -0.0022
vn -0.7660 0.6396 0.0646
vn -0.8143 0.5471 0.1938
vn -0.6967 0.6895 0.1981
vn -0.7108 0.6927 0.1225
vn -0.8079 0.5829 0.0865
vn -0.9077 0.4194 -0.0147
vn -0.9572 0.1802 -0.2263
vn -0.9107 -0.1015 -0.4004
vn -0.9593 -0.0592 -0.2761
vn -0.8976 0.3945 -0.1968
vn 0.6303 0.7753 0.0409
vn 0.5161 0.8565 -0.0034
vn 0.1277 0.9909 -0.0426
vn -0.3925 0.9186 -0.0458
vn -0.7741 0.6328 0.0189
vn -0.8664 0.4650 0.1821
vn -0.7172 0.6639 0.2118
vn -0.6661 0.7349 0.1272
vn -0.7758 0.6246 0.0895
vn -0.8651 0.4923 0.0962
vn -0.9438 0.3276 -0.0442
vn -0.9683 0.0672 -0.2405
vn -0.9380 -0.1706 -0.3017
vn -0.9378 0.2220 -0.2669
vn 0.6543 0.7559 0.0227
vn 0.5689 0.8223 -0.0130
vn 0.1959 0.9787 -0.0616
vn -0.3540 0.9316 -0.0823
vn -0.7812 0.6239 -0.0224
vn -0.9156 0.3701 0.1571
vn -0.7510 0.6215 0.2231
vn -0.6262 0.7636 0.1576
vn -0.7425 0.6663 0.0692
vn -0.8556 0.5071 0.1039
vn -0.9054 0.4106 0.1081
vn -0.9732 0.2211 -0.0626
vn -0.9688 -0.0669 -0.2385
vn -0.9698 0.0883 -0.2274
vn 0.6842 0.7292 0.0059
vn 0.5812 0.8135 -0.0210
vn 0.2021 0.9768 -0.0712
vn -0.3603 0.9269 -0.1052
vn -0.8152 0.5769 -0.0514
vn -0.9562 0.2695 0.1145
vn -0.7990 0.5624 0.2127
vn -0.6031 0.7695 0.2103
vn -0.6865 0.7216 0.0896
vn -0.8568 0.5129 0.0523
vn -0.8968 0.4143 0.1551
vn -0.9401 0.3317 0.0785
vn -0.9912 0.0970 -0.0903
vn -0.9855 0.0410 -0.1647
vn 0.7166 0.6974 -0.0017
vn 0.5850 0.8110 -0.0110
vn 0.2023 0.9776 -0.0584
vn -0.3694 0.9228 -0.1095
vn -0.8331 0.5481 -0.0740
vn -0.9928 0.1033 0.0603
vn -0.8535 0.4893 0.1792
vn -0.6194 0.7476 0.2395
vn -0.6177 0.7762 0.1259
vn -0.8314 0.5526 0.0585
vn -0.9197 0.3745 0.1176
vn -0.9169 0.3749 0.1369
vn -0.9742 0.2255 0.0127
vn -0.9893 0.1032 -0.1027
vn 0.7471 0.6647 -0.0009
vn 0.5847 0.8112 0.0078
vn 0.2079 0.9778 -0.0265
vn -0.3700 0.9253 -0.0830
vn -0.8413 0.5342 -0.0826
vn -0.9987 0.0516 0.0024
vn -0.9347 0.3277 0.1376
vn -0.7181 0.6539 0.2384
vn -0.5566 0.8143 0.1649
vn -0.7934 0.5988 0.1096
vn -0.9309 0.3560 0.0822
vn -0.9200 0.3646 0.1437
vn -0.9504 0.3029 0.0714
vn -0.9786 0.1936 -0.0700
vn 0.6047 0.7963 0.0156
vn 0.6291 0.7669 0.1270
vn 0.4063 0.8252 0.3924
vn -0.3163 0.7774 0.5436
vn -0.6094 0.6369 0.4721
vn -0.9356 0.2227 0.2740
vn -0.9706 0.1958 0.1401
vn -0.9654 0.2179 0.1433
vn -0.9246 0.2348 0.2999
vn -0.8769 0.4057 0.2578
vn -0.8948 0.4247 0.1381
vn -0.8911 0.4527 0.0315
vn -0.8644 0.5024 0.0211
vn -0.8209 0.5651 0.0821
vn -0.7335 0.6573 0.1731
vn -0.5843 0.7788 0.2283
vn -0.5765 0.6410 0.5067
vn -0.6123 0.4300 0.6634
vn -0.7053 0.5260 0.4753
vn -0.6128 0.7282 0.3070
vn -0.5046 0.8344 0.2218
vn -0.4690 0.8695 0.1546
vn -0.4666 0.8776 0.1104
vn -0.5098 0.8586 0.0539
vn -0.6156 0.7865 -0.0492
vn -0.7443 0.6563 -0.1237
vn -0.8512 0.4957 -0.1724
vn -0.8996 0.3982 -0.1795
vn -0.9140 0.3694 -0.1676
vn -0.9061 0.4004 -0.1366
vn -0.8942 0.4388 -0.0882
vn -0.9593 0.2822 -0.0069
vn -0.9350 0.3407 0.0984
vn -0.9454 0.2978 0.1321
vn -0.9117 0.4062 0.0624
vn -0.7367 0.6642 0.1271
vn -0.5219 0.8320 0.1883
vn -0.7751 0.6006 0.1960
vn -0.9712 0.2273 0.0718
vn -0.9942 0.0577 -0.0908
vn -0.8239 0.5653 -0.0399
vn -0.3390 0.9397 0.0459
vn 0.2092 0.9730 0.0975
vn 0.5794 0.8100 0.0901
vn 0.7623 0.6444 0.0596
vn 0.5517 0.8216 0.1434
vn 0.5405 0.8331 0.1178
vn 0.5272 0.8406 0.1241
vn 0.5252 0.8426 0.1188
vn 0.5272 0.8429 0.1077
vn 0.5295 0.8423 0.1013
vn 0.5294 0.8427 0.0975
vn 0.5225 0.8467 0.1004
vn 0.5098 0.8532 0.1099
vn 0.4855 0.8656 0.1229
vn 0.4217 0.8947 0.1469
vn 0.3194 0.9261 0.2007
vn 0.2977 0.9241 0.2398
vn 0.4004 0.8999 0.1730
vn 0.5044 0.8602 0.0748
vn 0.7674 0.6296 0.1215
vn 0.5607 0.7990 0.2172
vn 0.2271 0.9306 0.2870
vn -0.1895 0.9403 0.2827
vn -0.6825 0.7129 0.1612
vn -0.9575 0.2841 -0.0491
vn -0.9955 0.0646 -0.0693
vn -0.8678 0.4902 0.0810
vn -0.5478 0.8039 0.2316
vn -0.7017 0.6844 0.1982
vn -0.8873 0.4463 0.1162
vn -0.9627 0.2544 0.0924
vn -0.9295 0.3426 0.1366
vn -0.8897 0.4499 0.0774
vn 0.7534 0.6449 0.1285
vn 0.5544 0.7944 0.2480
vn 0.2482 0.9103 0.3313
vn -0.1812 0.9200 0.3476
vn -0.5482 0.7982 0.2497
vn -0.8945 0.4441 0.0514
vn -0.9923 0.1073 -0.0620
vn -0.8877 0.4577 0.0499
vn -0.6029 0.7743 0.1923
vn -0.7076 0.6841 0.1768
vn -0.8847 0.4512 0.1172
vn -0.9669 0.2352 0.0985
vn -0.9318 0.3344 0.1409
vn -0.8630 0.4944 0.1040
vn 0.7141 0.6824 0.1561
vn 0.5376 0.7950 0.2809
vn 0.2735 0.8867 0.3727
vn -0.0853 0.9132 0.3984
vn -0.3890 0.8642 0.3192
vn -0.7850 0.6019 0.1467
vn -0.9710 0.2320 -0.0573
vn -0.9042 0.4264 0.0238
vn -0.6546 0.7341 0.1808
vn -0.7120 0.6801 0.1748
vn -0.8875 0.4430 0.1271
vn -0.9721 0.2140 0.0960
vn -0.9342 0.3223 0.1533
vn -0.8324 0.5343 0.1469
vn 0.6619 0.7252 0.1896
vn 0.5069 0.8055 0.3069
vn 0.2848 0.8708 0.4007
vn 0.0066 0.9002 0.4355
vn -0.2371 0.8944 0.3793
vn -0.6374 0.7325 0.2392
vn -0.9165 0.3998 0.0131
vn -0.8999 0.4359 0.0101
vn -0.7098 0.6852 0.1633
vn -0.7202 0.6711 0.1760
vn -0.8938 0.4295 0.1293
vn -0.9773 0.1917 0.0907
vn -0.9378 0.3101 0.1564
vn -0.8025 0.5667 0.1863
vn 0.5930 0.7709 0.2325
vn 0.4657 0.8207 0.3309
vn 0.2753 0.8665 0.4163
vn 0.0679 0.8846 0.4614
vn -0.1311 0.8903 0.4361
vn -0.4738 0.8179 0.3264
vn -0.7986 0.5953 0.0880
vn -0.8933 0.4483 0.0334
vn -0.7316 0.6703 0.1244
vn -0.7501 0.6381 0.1737
vn -0.9018 0.4095 0.1384
vn -0.9807 0.1758 0.0853
vn -0.9410 0.3055 0.1456
vn -0.7776 0.5955 0.2016
vn 0.5053 0.8136 0.2878
vn 0.4189 0.8341 0.3590
vn 0.2531 0.8660 0.4312
vn 0.0834 0.8735 0.4796
vn -0.0834 0.8721 0.4822
vn -0.3377 0.8473 0.4099
vn -0.6522 0.7224 0.2298
vn -0.8372 0.5427 0.0674
vn -0.7362 0.6671 0.1137
vn -0.7916 0.5859 0.1738
vn -0.9117 0.3815 0.1527
vn -0.9807 0.1834 0.0681
vn -0.9452 0.3020 0.1239
vn -0.7770 0.5868 0.2277
vn 0.4175 0.8444 0.3356
vn 0.3719 0.8428 0.3890
vn 0.2286 0.8654 0.4459
vn 0.0726 0.8692 0.4891
vn -0.0782 0.8567 0.5098
vn -0.2554 0.8439 0.4719
vn -0.5154 0.7842 0.3456
vn -0.7382 0.6557 0.1583
vn -0.7284 0.6665 0.1587
vn -0.8218 0.5390 0.1847
vn -0.9184 0.3671 0.1476
vn -0.9809 0.1721 0.0904
vn -0.9392 0.3260 0.1076
vn -0.7749 0.6092 0.1688
vn 0.3566 0.8613 0.3619
vn 0.3245 0.8552 0.4042
vn 0.2061 0.8635 0.4603
vn 0.0581 0.8635 0.5010
vn -0.0777 0.8507 0.5199
vn -0.2231 0.8316 0.5086
vn -0.4167 0.8006 0.4306
vn -0.6206 0.7348 0.2737
vn -0.6874 0.6966 0.2055
vn -0.8381 0.5181 0.1707
vn -0.9295 0.3355 0.1536
vn -0.9765 0.2095 0.0513
vn -0.9277 0.3707 0.0437
vn -0.7750 0.6234 0.1040
vn 0.3001 0.8586 0.4157
vn 0.2794 0.8580 0.4311
vn 0.1684 0.8671 0.4688
vn 0.0371 0.8649 0.5005
vn -0.0968 0.8496 0.5184
vn -0.2110 0.8332 0.5111
vn -0.3639 0.8069 0.4653
vn -0.5250 0.7714 0.3596
vn -0.6494 0.6990 0.2994
vn -0.8424 0.4773 0.2502
vn -0.9231 0.3398 0.1801
vn -0.9608 0.2732 0.0474
vn -0.9163 0.3978 0.0468
vn -0.7565 0.6497 0.0745
vn 0.3088 0.8320 0.4608
vn 0.2573 0.8372 0.4826
vn 0.1427 0.8455 0.5145
vn 0.0178 0.8471 0.5312
vn -0.0926 0.8394 0.5355
vn -0.2005 0.8239 0.5301
vn -0.3249 0.8044 0.4973
vn -0.4557 0.7798 0.4293
vn -0.6188 0.6915 0.3727
vn -0.8371 0.4747 0.2719
vn -0.9205 0.3266 0.2145
vn -0.9384 0.3250 0.1173
vn -0.8536 0.5209 0.0047
vn -0.6645 0.7443 -0.0674
vn 0.3194 0.8298 0.4576
vn 0.2378 0.8238 0.5146
vn 0.1233 0.8301 0.5438
vn 0.0144 0.8344 0.5510
vn -0.0845 0.8306 0.5504
vn -0.1875 0.8201 0.5407
vn -0.2914 0.8098 0.5091
vn -0.4109 0.7877 0.4591
vn -0.6110 0.6764 0.4114
vn -0.8242 0.4858 0.2912
vn -0.9082 0.3870 0.1592
vn -0.8943 0.4472 0.0154
vn -0.7925 0.6076 -0.0532
vn -0.5870 0.8043 -0.0922
vn 0.2776 0.8240 0.4939
vn 0.1850 0.8442 0.5031
vn 0.1086 0.8487 0.5176
vn 0.0188 0.8462 0.5325
vn -0.0878 0.8395 0.5362
vn -0.1820 0.8297 0.5276
vn -0.2753 0.8167 0.5071
vn -0.3938 0.7841 0.4797
vn -0.6070 0.6726 0.4233
vn -0.7994 0.5290 0.2848
vn -0.8737 0.4683 0.1316
vn -0.8472 0.5304 0.0297
vn -0.7296 0.6832 -0.0302
vn -0.5037 0.8612 -0.0679
vn 0.2671 0.8000 0.5373
vn 0.1848 0.8080 0.5594
vn 0.0965 0.8144 0.5723
vn 0.0069 0.8175 0.5758
vn -0.0735 0.8186 0.5696
vn -0.1584 0.8174 0.5538
vn -0.2462 0.8121 0.5290
vn -0.3858 0.7702 0.5078
vn -0.5861 0.6818 0.4377
vn -0.7583 0.5789 0.2997
vn -0.8226 0.5472 0.1546
vn -0.7866 0.6155 0.0502
vn -0.6602 0.7510 -0.0084
vn -0.4302 0.9021 -0.0334
vn 0.2565 0.8007 0.5414
vn 0.1713 0.8080 0.5638
vn 0.0918 0.8118 0.5767
vn 0.0101 0.8148 0.5796
vn -0.0588 0.8189 0.5709
vn -0.1349 0.8226 0.5524
vn -0.2232 0.8189 0.5287
vn -0.3778 0.7809 0.4974
vn -0.5696 0.7022 0.4272
vn -0.7115 0.6354 0.3001
vn -0.7639 0.6230 0.1680
vn -0.7265 0.6824 0.0807
vn -0.5962 0.8021 0.0333
vn -0.3652 0.9308 0.0154
vn 0.5340 0.8294 0.1640
vn 0.7707 0.6348 0.0542
vn 0.5776 0.8061 0.1289
vn 0.2153 0.9612 0.1722
vn -0.2776 0.9500 0.1432
vn -0.7817 0.6224 0.0397
vn -0.9793 0.1420 -0.1444
vn -0.9949 0.0966 0.0292
vn -0.8198 0.5436 0.1801
vn -0.5066 0.8441 0.1756
vn -0.7208 0.6818 0.1248
vn -0.9027 0.4273 0.0513
vn -0.9597 0.2600 0.1065
vn -0.9262 0.3575 0.1196
vn -0.9124 0.4088 0.0184
vn -0.8350 0.5488 -0.0404
vn -0.7908 0.6121 -0.0009
vn -0.7355 0.6763 0.0401
vn -0.6644 0.7421 0.0888
vn -0.5777 0.8046 0.1377
vn -0.4897 0.8553 0.1693
vn -0.4520 0.8525 0.2626
vn -0.4554 0.8603 0.2291
vn -0.5307 0.8121 0.2424
vn -0.4397 0.8981 0.0056
vn -0.3559 0.9299 -0.0924
vn -0.2721 0.9561 -0.1083
vn -0.1927 0.9780 -0.0796
vn -0.1291 0.9910 -0.0342
vn -0.0707 0.9974 0.0130
vn -0.0244 0.9988 0.0428
vn -0.3021 0.9523 0.0434
vn -0.5345 0.8428 0.0630
vn -0.6702 0.7346 0.1057
vn -0.7143 0.6768 0.1777
vn -0.6708 0.6884 0.2760
vn -0.5492 0.7424 0.3838
vn -0.3588 0.8099 0.4640
vn -0.1926 0.8391 0.5088
vn -0.1122 0.8347 0.5391
vn -0.0451 0.8288 0.5577
vn 0.0125 0.8238 0.5668
vn 0.0849 0.8203 0.5655
vn 0.1581 0.8175 0.5539
vn 0.2422 0.8167 0.5237
vn 0.2661 0.8385 0.4755
vn 0.3171 0.7948 0.5175
vn 0.3327 0.7888 0.5169
vn 0.3513 0.8057 0.4768
vn 0.3749 0.8283 0.4163
vn 0.3865 0.8050 0.4501
vn 0.4020 0.8208 0.4058
vn 0.4024 0.8622 0.3078
vn 0.4091 0.8672 0.2840
vn 0.3945 0.8861 0.2432
vn 0.3835 0.8966 0.2213
vn 0.3945 0.8922 0.2199
vn 0.4218 0.8813 0.2130
vn 0.4561 0.8675 0.1983
vn 0.4995 0.8416 0.2055
vn 0.1626 0.8380 0.5208
vn 0.1187 0.8286 0.5471
vn 0.0666 0.8288 0.5556
vn 0.0177 0.8330 0.5531
vn -0.0162 0.8414 0.5402
vn -0.0674 0.8512 0.5205
vn -0.1042 0.8695 0.4828
vn -0.2462 0.8779 0.4107
vn -0.4550 0.8326 0.3157
vn -0.5923 0.7772 0.2125
vn -0.6204 0.7748 0.1220
vn -0.5644 0.8236 0.0560
vn -0.4274 0.9038 0.0227
vn -0.2132 0.9769 0.0162
vn 0.1061 0.8414 0.5298
vn 0.0869 0.8270 0.5554
vn 0.0585 0.8227 0.5655
vn 0.0234 0.8289 0.5589
vn 0.0123 0.8421 0.5391
vn -0.0265 0.8604 0.5090
vn -0.0561 0.8801 0.4714
vn -0.1699 0.9003 0.4008
vn -0.3874 0.8721 0.2990
vn -0.5260 0.8315 0.1789
vn -0.5680 0.8178 0.0924
vn -0.5161 0.8557 0.0384
vn -0.3830 0.9237 0.0106
vn -0.1713 0.9852 0.0008
vn 0.0567 0.8561 0.5136
vn 0.0542 0.8469 0.5290
vn 0.0468 0.8429 0.5361
vn 0.0345 0.8433 0.5363
vn 0.0240 0.8489 0.5279
vn 0.0005 0.8612 0.5082
vn -0.0338 0.8703 0.4914
vn -0.0830 0.9027 0.4221
vn -0.2953 0.9029 0.3123
vn -0.4516 0.8704 0.1963
vn -0.5065 0.8563 0.1016
vn -0.4574 0.8886 0.0354
vn -0.3250 0.9457 -0.0072
vn -0.1274 0.9916 -0.0215
vn 0.0267 0.8540 0.5196
vn 0.0332 0.8412 0.5397
vn 0.0370 0.8344 0.5499
vn 0.0341 0.8337 0.5512
vn 0.0347 0.8387 0.5435
vn 0.0263 0.8506 0.5252
vn -0.0064 0.8632 0.5048
vn -0.0182 0.8898 0.4561
vn -0.2075 0.9064 0.3678
vn -0.3698 0.8933 0.2554
vn -0.4295 0.8909 0.1475
vn -0.3848 0.9206 0.0659
vn -0.2618 0.9650 0.0146
vn -0.0803 0.9967 -0.0082
vn -0.0316 0.8583 0.5121
vn -0.0145 0.8492 0.5278
vn 0.0066 0.8416 0.5401
vn 0.0225 0.8366 0.5473
vn 0.0348 0.8363 0.5472
vn 0.0383 0.8418 0.5384
vn 0.0223 0.8557 0.5171
vn 0.0044 0.8661 0.4999
vn -0.1333 0.8917 0.4325
vn -0.2767 0.9051 0.3229
vn -0.3322 0.9210 0.2036
vn -0.3016 0.9468 0.1128
vn -0.1862 0.9813 0.0483
vn -0.0178 0.9998 0.0065
vn -0.0416 0.8555 0.5162
vn -0.0257 0.8507 0.5251
vn -0.0017 0.8469 0.5318
vn 0.0120 0.8418 0.5397
vn 0.0241 0.8363 0.5477
vn 0.0310 0.8328 0.5527
vn 0.0268 0.8356 0.5486
vn 0.0046 0.8369 0.5474
vn -0.0704 0.8659 0.4953
vn -0.1833 0.8975 0.4012
vn -0.2245 0.9309 0.2882
vn -0.1968 0.9632 0.1828
vn -0.0974 0.9898 0.1043
vn 0.0550 0.9973 0.0477
vn -0.0515 0.8514 0.5220
vn -0.0411 0.8443 0.5342
vn -0.0107 0.8404 0.5418
vn 0.0072 0.8380 0.5456
vn 0.0196 0.8355 0.5491
vn 0.0248 0.8324 0.5537
vn 0.0233 0.8309 0.5560
vn 0.0054 0.8320 0.5547
vn -0.0360 0.8496 0.5262
vn -0.0902 0.8910 0.4449
vn -0.1072 0.9353 0.3372
vn -0.0800 0.9703 0.2284
vn -0.0002 0.9899 0.1419
vn 0.1263 0.9885 0.0827
vn -0.0541 0.8627 0.5028
vn -0.0501 0.8591 0.5094
vn -0.0194 0.8558 0.5169
vn 0.0008 0.8527 0.5224
vn 0.0167 0.8508 0.5252
vn 0.0222 0.8491 0.5278
vn 0.0200 0.8472 0.5308
vn 0.0112 0.8500 0.5267
vn -0.0096 0.8629 0.5053
vn -0.0131 0.8972 0.4415
vn -0.0081 0.9348 0.3551
vn 0.0218 0.9644 0.2634
vn 0.0900 0.9792 0.1821
vn 0.1989 0.9730 0.1170
vn -0.0658 0.8787 0.4728
vn -0.0516 0.8793 0.4735
vn -0.0222 0.8791 0.4762
vn -0.0021 0.8778 0.4790
vn 0.0162 0.8769 0.4803
vn 0.0217 0.8761 0.4816
vn 0.0196 0.8755 0.4829
vn 0.0154 0.8768 0.4806
vn 0.0217 0.8896 0.4563
vn 0.0384 0.9096 0.4136
vn -0.0076 0.9382 0.3460
vn 0.0215 0.9634 0.2672
vn 0.0897 0.9780 0.1881
vn 0.2702 0.9552 0.1211
vn -0.0813 0.9074 0.4122
vn -0.0565 0.9078 0.4156
vn -0.0263 0.9075 0.4192
vn -0.0037 0.9071 0.4209
vn 0.0176 0.9071 0.4206
vn 0.0239 0.9073 0.4197
vn 0.0231 0.9081 0.4181
vn 0.0181 0.9119 0.4101
vn 0.0250 0.9222 0.3858
vn 0.0423 0.9371 0.3464
vn 0.0698 0.9522 0.2973
vn 0.1119 0.9663 0.2317
vn 0.1781 0.9713 0.1578
vn 0.2707 0.9578 0.0970
vn -0.0915 0.9411 0.3256
vn -0.0631 0.9418 0.3302
vn -0.0320 0.9417 0.3349
vn -0.0068 0.9412 0.3379
vn 0.0194 0.9413 0.3371
vn 0.0267 0.9415 0.3359
vn 0.0254 0.9446 0.3273
vn 0.0304 0.9485 0.3152
vn 0.0570 0.9576 0.2826
vn 0.0915 0.9643 0.2484
vn 0.1286 0.9713 0.1999
vn 0.1855 0.9719 0.1452
vn 0.2554 0.9622 0.0942
vn 0.3298 0.9425 0.0539
vn -0.0995 0.9712 0.2166
vn -0.0705 0.9725 0.2219
vn -0.0382 0.9732 0.2269
vn -0.0112 0.9729 0.2311
vn 0.0177 0.9722 0.2335
vn 0.0282 0.9732 0.2282
vn 0.0368 0.9745 0.2215
vn 0.0474 0.9802 0.1923
vn 0.0956 0.9823 0.1609
vn 0.1321 0.9839 0.1204
vn 0.1820 0.9801 0.0794
vn 0.2415 0.9696 0.0402
vn 0.3037 0.9527 0.0038
vn 0.3859 0.9223 -0.0206
vn -0.1074 0.9906 0.0850
vn -0.0775 0.9929 0.0903
vn -0.0453 0.9943 0.0963
vn -0.0189 0.9944 0.1038
vn 0.0112 0.9938 0.1109
vn 0.0348 0.9935 0.1085
vn 0.0457 0.9945 0.0941
vn 0.0791 0.9951 0.0599
vn 0.1296 0.9911 0.0309
vn 0.1737 0.9848 -0.0055
vn 0.2218 0.9742 -0.0409
vn 0.2768 0.9584 -0.0699
vn 0.3522 0.9316 -0.0901
vn 0.3898 0.9156 -0.0986
vn -0.1081 0.9929 -0.0500
vn -0.0808 0.9956 -0.0477
vn -0.0540 0.9978 -0.0397
vn -0.0192 0.9993 -0.0310
vn 0.0112 0.9998 -0.0178
vn 0.0377 0.9990 -0.0229
vn 0.0605 0.9974 -0.0389
vn 0.1120 0.9915 -0.0658
vn 0.1568 0.9831 -0.0942
vn 0.2066 0.9715 -0.1160
vn 0.2744 0.9515 -0.1393
vn 0.3175 0.9351 -0.1576
vn 0.3556 0.9198 -0.1657
vn 0.3820 0.9098 -0.1623
vn 0.2142 0.8399 0.4987
vn 0.1848 0.8347 0.5188
vn 0.1329 0.8354 0.5333
vn 0.0782 0.8348 0.5450
vn 0.0157 0.8376 0.5461
vn -0.0351 0.8416 0.5389
vn -0.0934 0.8470 0.5232
vn -0.1522 0.8596 0.4877
vn -0.3154 0.8478 0.4263
vn -0.5086 0.7954 0.3297
vn -0.6387 0.7317 0.2380
vn -0.6722 0.7237 0.1560
vn -0.6195 0.7793 0.0944
vn -0.4771 0.8772 0.0545
vn -0.2524 0.9668 0.0400
vn 0.0099 0.9991 0.0423
vn 0.0450 0.9988 0.0169
vn 0.0808 0.9967 0.0003
vn 0.1029 0.9946 -0.0104
vn 0.1351 0.9907 -0.0124
vn 0.1734 0.9848 -0.0099
vn 0.2151 0.9764 0.0204
vn 0.2677 0.9627 0.0398
vn 0.3201 0.9449 0.0687
vn 0.3658 0.9277 0.0747
vn 0.4014 0.9141 0.0571
vn 0.4228 0.9058 0.0275
vn 0.4297 0.9024 -0.0314
vn 0.4234 0.9009 -0.0960
vn 0.4055 0.9021 -0.1477
vn 0.3779 0.9094 -0.1736
vn 0.3656 0.9090 -0.2000
vn 0.3485 0.9127 -0.2134
vn 0.3175 0.9231 -0.2171
vn 0.2768 0.9369 -0.2134
vn 0.2372 0.9491 -0.2072
vn 0.1950 0.9615 -0.1937
vn 0.1526 0.9718 -0.1797
vn 0.0750 0.9839 -0.1623
vn 0.0420 0.9908 -0.1289
vn -0.0018 0.9917 -0.1289
vn -0.0279 0.9915 -0.1267
vn -0.0541 0.9881 -0.1439
vn -0.0805 0.9843 -0.1574
vn -0.1113 0.9798 -0.1663
vn -0.1444 0.9767 -0.1588
vn -0.1445 0.9880 -0.0541
vn -0.1439 0.9864 0.0791
vn -0.1397 0.9675 0.2109
vn -0.1359 0.9385 0.3175
vn -0.1363 0.9071 0.3982
vn -0.1322 0.8777 0.4607
vn -0.1128 0.8596 0.4984
vn -0.0879 0.8542 0.5125
vn -0.0638 0.8592 0.5076
vn -0.0448 0.8682 0.4942
vn 0.0185 0.8701 0.4925
vn 0.0652 0.8690 0.4905
vn 0.1088 0.8641 0.4915
vn 0.1830 0.8600 0.4763
vn -0.1621 0.9836 -0.0788
vn -0.1932 0.9734 -0.1231
vn -0.1223 0.9801 -0.1564
vn -0.0552 0.9826 -0.1772
vn 0.0120 0.9859 -0.1668
vn 0.1496 0.9825 -0.1113
vn 0.2115 0.9769 -0.0291
vn 0.1982 0.9800 0.0147
vn 0.1031 0.9936 0.0460
vn 0.0759 0.9924 0.0966
vn 0.0983 0.9810 0.1675
vn 0.1150 0.9652 0.2348
vn 0.1394 0.9449 0.2962
vn 0.1703 0.9189 0.3558
vn -0.0817 0.9966 -0.0047
vn -0.1549 0.9831 -0.0977
vn -0.1231 0.9823 -0.1408
vn -0.0945 0.9892 -0.1123
vn 0.0221 0.9949 -0.0982
vn 0.1269 0.9910 -0.0435
vn 0.1658 0.9855 0.0374
vn 0.1275 0.9862 0.1051
vn 0.0833 0.9860 0.1442
vn 0.0265 0.9829 0.1822
vn 0.0252 0.9722 0.2328
vn 0.0434 0.9562 0.2896
vn 0.0708 0.9342 0.3497
vn 0.0994 0.9076 0.4078
vn 0.0026 0.9960 0.0896
vn -0.0726 0.9958 -0.0554
vn -0.1014 0.9925 -0.0687
vn -0.1051 0.9934 0.0451
vn 0.0313 0.9983 0.0484
vn 0.1303 0.9886 0.0760
vn 0.1315 0.9827 0.1303
vn 0.0759 0.9771 0.1987
vn 0.0111 0.9689 0.2471
vn -0.0296 0.9626 0.2693
vn -0.0477 0.9561 0.2892
vn -0.0172 0.9478 0.3185
vn 0.0042 0.9333 0.3590
vn 0.0318 0.9125 0.4078
vn 0.0546 0.9907 0.1246
vn 0.0487 0.9941 0.0970
vn -0.1204 0.9875 0.1020
vn -0.2587 0.9543 0.1494
vn 0.0352 0.9758 0.2159
vn 0.1498 0.9642 0.2190
vn 0.1157 0.9618 0.2482
vn 0.0468 0.9587 0.2807
vn -0.0259 0.9478 0.3180
vn -0.0564 0.9371 0.3446
vn -0.0637 0.9308 0.3600
vn -0.0651 0.9245 0.3755
vn -0.0636 0.9159 0.3964
vn -0.0570 0.9036 0.4245
vn 0.0973 0.9949 0.0278
vn -0.0110 0.9935 0.1135
vn -0.1149 0.9802 0.1613
vn -0.2935 0.9366 0.1913
vn -0.0877 0.9682 0.2342
vn 0.0036 0.9396 0.3422
vn 0.1019 0.9239 0.3687
vn 0.0533 0.9275 0.3701
vn -0.0148 0.9328 0.3601
vn -0.0813 0.9206 0.3819
vn -0.0889 0.9100 0.4050
vn -0.0841 0.9023 0.4228
vn -0.0822 0.8944 0.4397
vn -0.0771 0.8860 0.4573
vn -0.0884 0.9888 0.1202
vn -0.1432 0.9589 0.2450
vn -0.1677 0.9402 0.2964
vn -0.3146 0.9348 0.1649
vn -0.1565 0.9568 0.2450
vn -0.1287 0.9270 0.3524
vn -0.0252 0.8867 0.4617
vn 0.0800 0.8922 0.4446
vn 0.0184 0.9076 0.4193
vn -0.0523 0.9176 0.3939
vn -0.1116 0.9043 0.4120
vn -0.1095 0.8941 0.4343
vn -0.1036 0.8853 0.4533
vn -0.0985 0.8762 0.4717
vn -0.2609 0.8723 0.4136
vn -0.2487 0.8189 0.5173
vn -0.1280 0.8852 0.4472
vn -0.0047 0.9589 0.2837
vn -0.1047 0.9824 0.1548
vn -0.2479 0.9338 0.2582
vn -0.1654 0.9075 0.3861
vn -0.0560 0.8601 0.5070
vn 0.0653 0.8802 0.4700
vn -0.0109 0.8991 0.4376
vn -0.0882 0.9051 0.4159
vn -0.1383 0.8882 0.4381
vn -0.1218 0.8824 0.4545
vn -0.1180 0.8743 0.4708
vn -0.1328 0.8964 0.4230
vn -0.1198 0.9483 0.2940
vn -0.0889 0.9636 0.2519
vn -0.0689 0.9474 0.3124
vn -0.0206 0.9715 0.2360
vn -0.1515 0.9787 0.1382
vn -0.2898 0.9255 0.2439
vn -0.2129 0.8969 0.3876
vn -0.0653 0.8600 0.5060
vn 0.0274 0.8784 0.4772
vn -0.0461 0.8956 0.4426
vn -0.1331 0.8910 0.4342
vn -0.1448 0.8797 0.4529
vn -0.1270 0.8782 0.4611
vn 0.0319 0.9967 0.0744
vn -0.0652 0.9978 0.0153
vn -0.2154 0.9678 0.1305
vn -0.1723 0.9578 0.2302
vn -0.0765 0.9547 0.2876
vn -0.0906 0.9688 0.2305
vn -0.2023 0.9695 0.1387
vn -0.3271 0.9155 0.2341
vn -0.2070 0.9067 0.3675
vn -0.0900 0.8757 0.4745
vn -0.0461 0.8775 0.4774
vn -0.0922 0.8925 0.4416
vn -0.1465 0.8863 0.4392
vn -0.1273 0.8892 0.4394
vn -0.0356 0.9929 0.1135
vn -0.0907 0.9865 0.1367
vn -0.1705 0.9813 0.0888
vn -0.2668 0.9475 0.1760
vn -0.1650 0.9497 0.2661
vn -0.1095 0.9514 0.2877
vn -0.1281 0.9677 0.2170
vn -0.2116 0.9725 0.0969
vn -0.3342 0.9194 0.2074
vn -0.2116 0.9219 0.3247
vn -0.1246 0.9095 0.3966
vn -0.1088 0.9054 0.4104
vn -0.1333 0.9091 0.3946
vn -0.1330 0.9082 0.3969
vn -0.1631 0.9606 0.2250
vn -0.0795 0.9727 0.2181
vn -0.1455 0.9704 0.1928
vn -0.1955 0.9736 0.1183
vn -0.2489 0.9482 0.1973
vn -0.2000 0.9367 0.2875
vn -0.1718 0.9268 0.3340
vn -0.0920 0.9703 0.2236
vn -0.2221 0.9695 0.1039
vn -0.2973 0.9376 0.1804
vn -0.2001 0.9462 0.2544
vn -0.1523 0.9440 0.2929
vn -0.1523 0.9397 0.3062
vn -0.1503 0.9360 0.3183
vn -0.1770 0.9715 0.1579
vn -0.1180 0.9733 0.1968
vn -0.1178 0.9785 0.1693
vn -0.1760 0.9731 0.1485
vn -0.2490 0.9577 0.1446
vn -0.2364 0.9551 0.1786
vn -0.2063 0.9558 0.2095
vn -0.1717 0.9414 0.2904
vn -0.1791 0.9515 0.2502
vn -0.1881 0.9723 0.1387
vn -0.1964 0.9717 0.1316
vn -0.1884 0.9683 0.1642
vn -0.1794 0.9658 0.1872
vn -0.1708 0.9642 0.2030
vn -0.1759 0.9840 0.0291
vn -0.1106 0.9936 0.0232
vn -0.1859 0.9785 0.0897
vn -0.1398 0.9887 0.0535
vn -0.2213 0.9749 0.0230
vn -0.2421 0.9699 0.0277
vn -0.2546 0.9641 0.0757
vn -0.2225 0.9670 0.1244
vn -0.1767 0.9769 0.1201
vn -0.1687 0.9806 0.1001
vn -0.1643 0.9842 0.0667
vn -0.1839 0.9811 0.0603
vn -0.1864 0.9803 0.0653
vn -0.1797 0.9811 0.0717
vn -0.0706 0.9967 -0.0396
vn -0.1097 0.9935 -0.0308
vn -0.1858 0.9818 0.0393
vn -0.1398 0.9861 0.0893
vn -0.2216 0.9738 0.0511
vn -0.2423 0.9686 0.0554
vn -0.2531 0.9669 -0.0316
vn -0.2217 0.9749 -0.0200
vn -0.1760 0.9844 0.0010
vn -0.1681 0.9858 0.0001
vn -0.1638 0.9865 -0.0016
vn -0.1836 0.9829 -0.0133
vn -0.1863 0.9821 -0.0262
vn -0.1797 0.9829 -0.0415
vn -0.1249 0.9755 -0.1810
vn -0.1877 0.9579 -0.2174
vn -0.1911 0.9551 -0.2266
vn -0.1696 0.9613 -0.2172
vn -0.0960 0.9786 -0.1819
vn 0.0301 0.9959 -0.0849
vn 0.2013 0.9783 0.0490
vn 0.2876 0.9529 0.0963
vn 0.1744 0.9804 0.0918
vn 0.1063 0.9880 0.1121
vn 0.1347 0.9760 0.1711
vn 0.1370 0.9681 0.2099
vn 0.1758 0.9471 0.2684
vn 0.2243 0.9102 0.3480
vn 0.2556 0.8673 0.4272
vn 0.2335 0.8516 0.4693
vn 0.1927 0.8886 0.4162
vn 0.1180 0.8821 0.4560
vn 0.0595 0.8893 0.4534
vn -0.0345 0.8886 0.4574
vn -0.0586 0.8765 0.4779
vn -0.0814 0.8671 0.4915
vn -0.1066 0.8640 0.4921
vn -0.1281 0.8690 0.4779
vn -0.1390 0.8842 0.4459
vn -0.1439 0.9062 0.3975
vn -0.1518 0.9348 0.3211
vn -0.1640 0.9638 0.2104
vn -0.1727 0.9819 0.0775
vn -0.1731 0.9834 -0.0550
vn -0.1590 0.9776 -0.1379
vn -0.1639 0.9795 -0.1170
vn -0.1727 0.9795 -0.1038
vn -0.1709 0.9810 -0.0914
vn -0.1605 0.9830 -0.0886
vn -0.1651 0.9813 -0.0988
vn -0.1935 0.9748 -0.1108
vn -0.2306 0.9683 -0.0959
vn -0.1689 0.9854 -0.0217
vn -0.2454 0.9691 -0.0236
vn -0.1844 0.9828 0.0132
vn -0.1888 0.9761 0.1075
vn -0.2547 0.9646 0.0681
vn -0.1193 0.9929 -0.0015
vn -0.0122 0.9999 -0.0120
vn -0.0980 0.9947 0.0316
vn -0.1340 0.9908 0.0185
vn -0.0826 0.9875 0.1342
vn -0.0130 0.9889 0.1482
vn -0.0126 0.9942 0.1066
vn -0.0626 0.9969 0.0477
vn -0.3013 0.9283 0.2180
vn -0.2345 0.8180 0.5253
vn 0.0345 0.9648 0.2607
vn -0.0355 0.9975 -0.0607
vn -0.1606 0.9849 0.0650
vn -0.0655 0.9872 0.1454
vn -0.0414 0.9921 0.1186
vn -0.0550 0.9951 0.0824
vn -0.0939 0.9955 0.0122
vn -0.0965 0.9819 -0.1630
vn -0.1157 0.9685 -0.2207
vn -0.0720 0.9690 -0.2365
vn -0.0139 0.9740 -0.2259
vn 0.0129 0.9748 -0.2228
vn 0.0362 0.9834 -0.1777
vn 0.0581 0.9894 -0.1330
vn 0.0714 0.9928 -0.0960
vn 0.0457 0.9953 -0.0849
vn -0.0154 0.9974 -0.0708
vn -0.0344 0.9982 -0.0496
vn 0.0737 0.9907 -0.1144
vn 0.0621 0.9936 -0.0947
vn 0.0099 1.0000 -0.0013
vn -0.0320 0.9990 0.0328
vn -0.0594 0.9979 -0.0267
vn -0.0587 0.9953 -0.0769
vn -0.0268 0.9950 -0.0958
vn 0.0087 0.9950 -0.0992
vn 0.0277 0.9955 -0.0907
vn 0.0471 0.9957 -0.0793
vn 0.0468 0.9974 -0.0546
vn 0.0200 0.9994 -0.0289
vn -0.0273 0.9995 -0.0170
vn 0.0416 0.9948 -0.0929
vn 0.0492 0.9964 -0.0683
vn -0.0702 0.9966 0.0440
vn -0.0831 0.9866 0.1406
vn 0.0058 0.9699 0.2434
vn -0.0013 0.9818 0.1899
vn -0.0101 0.9911 0.1327
vn -0.0092 0.9961 0.0879
vn 0.0113 0.9983 0.0574
vn 0.0273 0.9994 0.0224
vn 0.0513 0.9985 0.0182
vn 0.0283 0.9989 0.0364
vn -0.0152 0.9973 0.0713
vn 0.0507 0.9987 -0.0065
vn 0.0595 0.9979 -0.0242
vn -0.0004 0.9997 0.0254
vn -0.1583 0.9809 0.1130
vn -0.1770 0.9781 0.1093
vn 0.0373 0.9156 0.4003
vn 0.0507 0.9246 0.3777
vn 0.0442 0.9386 0.3422
vn 0.0328 0.9591 0.2810
vn 0.0399 0.9752 0.2176
vn 0.0609 0.9834 0.1712
vn 0.0506 0.9880 0.1456
vn 0.0433 0.9905 0.1305
vn 0.0325 0.9960 0.0833
vn 0.0550 0.9953 0.0791
vn 0.0038 0.9910 0.1339
vn -0.0197 0.9881 0.1526
vn -0.0256 0.9995 0.0196
vn -0.2151 0.9751 0.0540
vn 0.0812 0.8617 0.5009
vn 0.0709 0.8568 0.5107
vn 0.0772 0.8718 0.4838
vn 0.0939 0.9038 0.4175
vn 0.0993 0.9218 0.3746
vn 0.1020 0.9314 0.3493
vn 0.0734 0.9510 0.3003
vn 0.0421 0.9699 0.2398
vn 0.0321 0.9824 0.1840
vn 0.0252 0.9769 0.2122
vn -0.0803 0.9538 0.2896
vn -0.1076 0.9225 0.3708
vn 0.1616 0.9677 0.1933
vn -0.0037 0.9999 -0.0126
vn 0.0499 0.8678 0.4944
vn 0.0600 0.8828 0.4659
vn 0.1189 0.8996 0.4202
vn 0.1781 0.8824 0.4356
vn 0.1420 0.8778 0.4575
vn 0.1165 0.8663 0.4857
vn 0.1185 0.8854 0.4495
vn 0.1029 0.9285 0.3568
vn 0.0876 0.9431 0.3207
vn 0.0241 0.9535 0.3004
vn -0.0948 0.9459 0.3103
vn -0.1335 0.9336 0.3325
vn 0.0266 0.8867 0.4617
vn 0.2418 0.9431 0.2282
vn 0.0528 0.9260 0.3739
vn 0.0958 0.9163 0.3888
vn 0.1692 0.8771 0.4496
vn 0.1513 0.8557 0.4949
vn 0.1138 0.8467 0.5198
vn 0.0876 0.8834 0.4603
vn 0.1684 0.9093 0.3806
vn 0.2057 0.8828 0.4223
vn 0.1216 0.8923 0.4347
vn 0.0454 0.9405 0.3369
vn -0.0937 0.9616 0.2580
vn -0.0732 0.9763 0.2038
vn -0.1120 0.9366 0.3320
vn 0.0891 0.8773 0.4717
vn 0.0423 0.9557 0.2911
vn 0.0430 0.9450 0.3242
vn 0.0328 0.9248 0.3790
vn 0.0410 0.9034 0.4268
vn 0.0796 0.8970 0.4347
vn 0.1646 0.8889 0.4276
vn 0.2496 0.8598 0.4455
vn 0.1434 0.8474 0.5113
vn 0.1071 0.8661 0.4883
vn 0.1595 0.9096 0.3837
vn -0.0111 0.9495 0.3135
vn -0.0781 0.9175 0.3900
vn 0.0416 0.9659 0.2554
vn 0.2637 0.9613 0.0804
vn 0.0173 0.9855 0.1690
vn 0.0018 0.9782 0.2078
vn -0.0187 0.9671 0.2538
vn -0.0172 0.9527 0.3033
vn -0.0099 0.9234 0.3837
vn 0.0616 0.8752 0.4799
vn 0.2074 0.8172 0.5378
vn 0.0727 0.8664 0.4940
vn 0.1467 0.8824 0.4470
vn 0.2795 0.8675 0.4115
vn 0.0728 0.9332 0.3520
vn -0.1611 0.9513 0.2629
vn 0.0426 0.9789 0.1997
vn 0.2796 0.9425 0.1832
vn 0.0117 0.9914 0.1303
vn 0.0213 0.9941 0.1060
vn -0.0247 0.9947 0.1002
vn -0.0947 0.9814 0.1667
vn -0.0996 0.9629 0.2507
vn -0.0267 0.9396 0.3412
vn 0.0532 0.9045 0.4232
vn 0.1494 0.8946 0.4211
vn 0.2100 0.9107 0.3558
vn 0.3037 0.8547 0.4210
vn 0.1460 0.8714 0.4683
vn -0.0657 0.9626 0.2628
vn 0.1250 0.9905 0.0570
vn 0.2792 0.9386 0.2027
vn 0.0657 0.9926 0.1021
vn 0.0449 0.9960 0.0778
vn -0.0107 0.9983 0.0578
vn -0.1147 0.9912 0.0660
vn -0.1496 0.9830 0.1062
vn -0.0958 0.9809 0.1695
vn -0.0094 0.9721 0.2342
vn 0.0945 0.9498 0.2984
vn 0.2734 0.8854 0.3760
vn 0.2277 0.8966 0.3798
vn 0.1273 0.9481 0.2915
vn 0.1785 0.9713 0.1574
vn 0.3402 0.9193 0.1980
vn 0.1227 0.9736 0.1925
vn 0.1550 0.9807 0.1192
vn 0.1041 0.9923 0.0677
vn 0.0217 0.9992 0.0346
vn -0.0833 0.9965 0.0018
vn -0.1591 0.9872 0.0068
vn -0.1498 0.9874 0.0509
vn -0.0632 0.9932 0.0983
vn 0.0453 0.9880 0.1479
vn 0.1508 0.9682 0.1997
vn 0.2401 0.9488 0.2052
vn 0.2389 0.9614 0.1361
vn 0.3194 0.9395 0.1239
vn 0.2935 0.9405 0.1710
vn 0.1380 0.9780 0.1567
vn 0.2581 0.9610 0.0996
vn 0.1793 0.9834 0.0267
vn 0.0718 0.9971 -0.0245
vn -0.0384 0.9968 -0.0701
vn -0.1521 0.9853 -0.0773
vn -0.1777 0.9827 -0.0519
vn -0.1009 0.9947 -0.0191
vn 0.0061 0.9998 0.0185
vn 0.1306 0.9905 0.0436
vn 0.2407 0.9690 0.0557
vn 0.3114 0.9485 0.0576
vn 0.3304 0.9403 0.0817
vn 0.2532 0.9642 0.0787
vn 0.1598 0.9850 0.0651
vn 0.3386 0.9408 0.0176
vn 0.2606 0.9633 -0.0649
vn 0.1399 0.9808 -0.1359
vn 0.0008 0.9840 -0.1779
vn -0.1507 0.9711 -0.1853
vn -0.1752 0.9672 -0.1841
vn -0.0993 0.9820 -0.1609
vn -0.0233 0.9910 -0.1321
vn 0.0906 0.9918 -0.0899
vn 0.1831 0.9824 -0.0368
vn 0.3109 0.9504 0.0077
vn 0.3105 0.9505 0.0079
vn 0.2604 0.9654 -0.0089
vn 0.1757 0.9842 0.0224
vn -0.0543 0.9984 0.0130
vn -0.1321 0.9910 -0.0209
vn -0.1821 0.9796 -0.0850
vn -0.1899 0.9610 -0.2010
vn -0.1134 0.9473 -0.2995
vn -0.0411 0.9353 -0.3515
vn 0.0820 0.9556 -0.2829
vn 0.1025 0.9758 -0.1933
vn 0.1083 0.9876 -0.1138
vn 0.0574 0.9980 -0.0278
vn -0.0007 0.9986 0.0531
vn -0.0129 0.9967 0.0798
vn 0.0087 0.9997 -0.0248
vn -0.0356 0.9916 -0.1242
vn -0.0357 0.9829 -0.1804
vn -0.0237 0.9890 -0.1463
vn -0.0780 0.9958 0.0479
vn -0.1259 0.9872 0.0976
vn -0.0881 0.9892 0.1169
vn -0.1516 0.9812 0.1198
vn -0.1399 0.9897 -0.0294
vn 0.0339 0.9972 0.0661
vn 0.2073 0.9254 0.3173
vn -0.0062 0.9576 0.2882
vn 0.0025 0.9844 0.1759
vn -0.0758 0.9572 0.2793
vn -0.0374 0.9872 0.1552
vn -0.0365 0.9961 0.0799
vn 0.0423 0.9957 0.0828
vn 0.0251 0.9981 0.0557
vn -0.0089 0.9963 0.0851
vn 0.1459 0.9888 -0.0302
vn 0.2772 0.9578 -0.0755
vn 0.2975 0.9541 -0.0359
vn 0.1817 0.9818 -0.0543
vn 0.0979 0.9838 -0.1502
vn 0.0514 0.9707 -0.2349
vn -0.0213 0.9621 -0.2720
vn -0.1206 0.9495 -0.2896
vn -0.1712 0.9406 -0.2932
vn -0.1418 0.9519 -0.2715
vn 0.0348 0.9592 -0.2805
vn 0.2156 0.9455 -0.2441
vn 0.3256 0.9308 -0.1662
vn 0.3279 0.9396 -0.0978
vn 0.2888 0.9516 -0.1048
vn 0.3160 0.9438 0.0975
vn 0.2667 0.9441 0.1937
vn 0.1720 0.9660 0.1929
vn 0.0729 0.9857 0.1517
vn 0.0067 0.9920 0.1261
vn 0.0172 0.9894 0.1445
vn 0.0534 0.9620 0.2676
vn 0.0710 0.9205 0.3842
vn 0.0680 0.8738 0.4815
vn 0.0504 0.8709 0.4888
vn 0.0287 0.8983 0.4384
vn 0.0150 0.9611 0.2759
vn -0.0104 0.9974 0.0716
vn -0.0877 0.9914 -0.0976
vn -0.0716 0.9819 -0.1752
vn 0.0075 0.9894 -0.1449
vn 0.1001 0.9900 -0.0996
vn 0.1680 0.9848 -0.0446
vn 0.1919 0.9814 0.0070
vn 0.0316 0.9993 0.0220
vn -0.1185 0.9928 0.0202
vn -0.1162 0.9932 0.0020
vn 0.0540 0.9984 0.0192
vn 0.2515 0.9670 0.0397
vn 0.2651 0.9640 0.0192
vn 0.1433 0.9896 -0.0142
vn 0.0190 0.9996 -0.0222
vn 0.0305 0.9995 -0.0004
vn -0.0811 0.9967 0.0056
vn 0.0064 0.9988 0.0484
vn 0.0987 0.9896 0.1047
vn 0.1648 0.9732 0.1601
vn 0.1434 0.9701 0.1958
vn 0.0113 0.9831 0.1827
vn -0.1166 0.9811 0.1543
vn -0.0945 0.9874 0.1270
vn 0.0460 0.9884 0.1445
vn 0.2196 0.9556 0.1965
vn 0.2693 0.9420 0.2005
vn 0.1663 0.9724 0.1634
vn 0.0275 0.9922 0.1217
vn 0.0084 0.9938 0.1107
vn -0.1076 0.9829 0.1493
vn -0.0337 0.9795 0.1985
vn 0.0441 0.9659 0.2550
vn 0.1082 0.9450 0.3086
vn 0.1053 0.9367 0.3338
vn 0.0185 0.9535 0.3009
vn -0.0878 0.9667 0.2403
vn -0.0651 0.9737 0.2184
vn 0.0364 0.9705 0.2383
vn 0.1589 0.9370 0.3112
vn 0.2233 0.9028 0.3675
vn 0.1897 0.9099 0.3689
vn 0.0668 0.9395 0.3359
vn 0.0175 0.9517 0.3064
vn -0.1754 0.9487 0.2629
vn -0.1233 0.9433 0.3081
vn -0.0112 0.9348 0.3551
vn 0.0512 0.9162 0.3974
vn 0.0774 0.9083 0.4111
vn 0.0494 0.9213 0.3858
vn -0.0313 0.9463 0.3216
vn -0.0476 0.9555 0.2910
vn 0.0116 0.9494 0.3139
vn 0.0878 0.9201 0.3816
vn 0.1495 0.8762 0.4582
vn 0.1550 0.8580 0.4898
vn 0.1038 0.8698 0.4823
vn 0.0466 0.8849 0.4635
vn -0.2077 0.9293 0.3055
vn -0.1654 0.9222 0.3497
vn -0.1006 0.9158 0.3888
vn 0.0037 0.9083 0.4184
vn 0.0605 0.8974 0.4371
vn 0.0762 0.9000 0.4291
vn 0.0334 0.9221 0.3855
vn -0.0214 0.9342 0.3560
vn 0.0133 0.9288 0.3704
vn 0.0239 0.9105 0.4129
vn 0.0784 0.8795 0.4695
vn 0.1079 0.8510 0.5140
vn 0.1034 0.8453 0.5242
vn 0.0635 0.8446 0.5316
vn -0.2333 0.9308 0.2813
vn -0.1914 0.9329 0.3050
vn -0.1322 0.9336 0.3331
vn -0.0582 0.9325 0.3564
vn 0.0357 0.9246 0.3793
vn 0.0847 0.9132 0.3985
vn 0.0838 0.9095 0.4073
vn 0.0139 0.9212 0.3888
vn -0.0089 0.9222 0.3866
vn 0.0237 0.9154 0.4019
vn 0.0376 0.9034 0.4271
vn 0.0711 0.8881 0.4541
vn 0.0840 0.8783 0.4707
vn 0.0598 0.8782 0.4745
vn -0.2352 0.9478 0.2154
vn -0.1959 0.9570 0.2141
vn -0.1458 0.9643 0.2209
vn -0.0821 0.9676 0.2388
vn -0.0212 0.9642 0.2644
vn 0.0279 0.9546 0.2964
vn 0.0380 0.9415 0.3348
vn 0.0375 0.9379 0.3450
vn -0.0003 0.9404 0.3400
vn 0.0039 0.9414 0.3373
vn 0.0232 0.9372 0.3479
vn 0.0500 0.9304 0.3632
vn 0.0612 0.9220 0.3824
vn 0.0622 0.9223 0.3813
vn -0.2307 0.9369 0.2626
vn -0.1661 0.9579 0.2342
vn -0.0930 0.9799 0.1764
vn -0.0559 0.9881 0.1433
vn -0.0357 0.9874 0.1539
vn -0.0037 0.9827 0.1850
vn 0.0366 0.9755 0.2169
vn 0.0286 0.9713 0.2360
vn 0.0132 0.9731 0.2301
vn 0.0144 0.9777 0.2097
vn 0.0421 0.9808 0.1905
vn 0.0295 0.9789 0.2021
vn 0.0355 0.9742 0.2231
vn 0.0475 0.9700 0.2384
vn -0.2365 0.8983 0.3703
vn -0.1427 0.9219 0.3601
vn -0.0538 0.9421 0.3309
vn -0.0037 0.9586 0.2848
vn 0.0123 0.9709 0.2391
vn -0.0041 0.9704 0.2413
vn 0.0084 0.9674 0.2530
vn 0.0116 0.9676 0.2521
vn 0.0192 0.9746 0.2232
vn 0.0348 0.9838 0.1759
vn 0.0930 0.9880 0.1232
vn 0.0821 0.9949 0.0592
vn 0.0467 0.9983 0.0363
vn 0.0168 0.9979 0.0618
vn -0.2472 0.8652 0.4362
vn -0.1321 0.8878 0.4410
vn -0.0448 0.8969 0.4400
vn 0.0149 0.9040 0.4273
vn 0.0456 0.9152 0.4004
vn 0.0273 0.9268 0.3746
vn 0.0084 0.9318 0.3628
vn 0.0074 0.9398 0.3417
vn 0.0417 0.9538 0.2975
vn 0.0772 0.9671 0.2425
vn 0.1491 0.9698 0.1928
vn 0.1227 0.9800 0.1565
vn 0.0758 0.9886 0.1298
vn 0.0308 0.9928 0.1155
vn -0.2623 0.8661 0.4255
vn -0.1372 0.8868 0.4414
vn -0.0486 0.8923 0.4488
vn 0.0134 0.8923 0.4512
vn 0.0477 0.8920 0.4495
vn 0.0379 0.8967 0.4410
vn 0.0262 0.9044 0.4258
vn 0.0566 0.9146 0.4003
vn 0.1219 0.9219 0.3678
vn 0.1332 0.9341 0.3312
vn 0.1423 0.9393 0.3122
vn 0.1265 0.9447 0.3024
vn 0.0836 0.9528 0.2920
vn 0.0719 0.9630 0.2597
vn -0.2883 0.8926 0.3465
vn -0.1494 0.9185 0.3660
vn -0.0562 0.9251 0.3755
vn 0.0062 0.9237 0.3830
vn 0.0387 0.9192 0.3919
vn 0.0374 0.9191 0.3922
vn 0.0324 0.9221 0.3856
vn 0.0645 0.9233 0.3786
vn 0.1284 0.9188 0.3733
vn 0.1736 0.9117 0.3723
vn 0.1445 0.9111 0.3860
vn 0.1082 0.9116 0.3966
vn 0.1044 0.9203 0.3769
vn 0.1210 0.9337 0.3370
vn -0.3281 0.9283 0.1753
vn -0.1777 0.9622 0.2063
vn -0.0706 0.9725 0.2220
vn -0.0001 0.9733 0.2295
vn 0.0321 0.9710 0.2370
vn 0.0325 0.9698 0.2416
vn 0.0292 0.9696 0.2431
vn 0.0576 0.9666 0.2498
vn 0.1208 0.9581 0.2596
vn 0.1438 0.9454 0.2924
vn 0.1094 0.9385 0.3275
vn 0.0846 0.9332 0.3491
vn 0.1042 0.9307 0.3506
vn 0.1489 0.9329 0.3280
vn -0.3512 0.9342 -0.0627
vn -0.2018 0.9786 -0.0404
vn -0.0871 0.9959 -0.0237
vn -0.0116 0.9999 -0.0110
vn 0.0243 0.9997 -0.0028
vn 0.0247 0.9997 0.0040
vn 0.0191 0.9997 0.0118
vn 0.0401 0.9988 0.0275
vn 0.0940 0.9941 0.0547
vn 0.1040 0.9898 0.0969
vn 0.0657 0.9878 0.1412
vn 0.0659 0.9853 0.1579
vn 0.0995 0.9818 0.1616
vn 0.1571 0.9753 0.1553
vn -0.1875 0.9315 -0.3116
vn -0.0774 0.9433 -0.3229
vn 0.0367 0.9510 -0.3070
vn 0.1388 0.9531 -0.2689
vn 0.2137 0.9528 -0.2158
vn 0.1911 0.9691 -0.1559
vn 0.0783 0.9915 -0.1042
vn -0.0674 0.9965 -0.0491
vn -0.0629 0.9980 -0.0114
vn 0.1286 0.9916 0.0155
vn 0.2648 0.9640 0.0232
vn 0.2477 0.9686 0.0230
vn 0.1157 0.9932 -0.0133
vn -0.0120 0.9989 -0.0453
vn 0.0086 0.9977 -0.0673
vn 0.0312 0.9993 -0.0211
vn -0.0152 0.9997 -0.0195
vn 0.0034 0.9952 0.0981
vn 0.0147 0.9561 0.2926
vn 0.0258 0.8894 0.4564
vn 0.0338 0.8610 0.5075
vn 0.0660 0.8772 0.4756
vn 0.0682 0.9217 0.3819
vn 0.0576 0.9663 0.2510
vn 0.0106 0.9941 0.1081
vn 0.0079 0.9932 0.1165
vn 0.0731 0.9755 0.2073
vn 0.1571 0.9495 0.2715
vn 0.2157 0.9361 0.2779
vn 0.2295 0.9625 0.1447
vn 0.2048 0.9705 -0.1272
vn 0.1447 0.9790 -0.1434
vn 0.0836 0.9859 -0.1446
vn 0.0406 0.9881 -0.1483
vn 0.0156 0.9866 -0.1626
vn 0.0578 0.9771 -0.2048
vn 0.0574 0.9687 -0.2413
vn 0.0177 0.9631 -0.2685
vn 0.0098 0.9589 -0.2835
vn 0.0213 0.9574 -0.2880
vn 0.0258 0.9573 -0.2880
vn -0.0097 0.9585 -0.2850
vn -0.0883 0.9548 -0.2837
vn -0.1943 0.9383 -0.2861
vn -0.3356 0.8954 -0.2925
vn -0.4574 0.8406 -0.2900
vn -0.4647 0.8815 -0.0837
vn -0.4648 0.8752 0.1343
vn -0.4217 0.8517 0.3109
vn -0.3734 0.8383 0.3973
vn -0.3375 0.8474 0.4099
vn -0.3028 0.8856 0.3522
vn -0.2787 0.9237 0.2630
vn -0.2543 0.9424 0.2175
vn -0.2524 0.9331 0.2561
vn -0.2284 0.9353 0.2702
vn -0.2029 0.9538 0.2215
vn -0.1561 0.9809 0.1163
vn -0.1507 0.9883 -0.0231
vn -0.1616 0.9700 -0.1818
vn 0.0797 0.9918 0.0995
vn 0.1916 0.9758 0.1056
vn 0.2606 0.9596 0.1061
vn 0.2750 0.9566 0.0969
vn 0.2284 0.9710 0.0713
vn 0.1453 0.9885 0.0411
vn 0.0527 0.9985 0.0125
vn 0.0015 1.0000 -0.0000
vn -0.0007 1.0000 -0.0002
vn -0.0031 1.0000 -0.0010
vn -0.0081 1.0000 -0.0036
vn -0.0166 0.9998 -0.0059
vn -0.0294 0.9995 -0.0080
vn -0.0473 0.9988 -0.0127
vn 0.0595 0.9712 0.2305
vn 0.1760 0.9575 0.2283
vn 0.2513 0.9445 0.2116
vn 0.2785 0.9433 0.1808
vn 0.2518 0.9580 0.1371
vn 0.1756 0.9810 0.0823
vn 0.0816 0.9963 0.0288
vn 0.0141 0.9999 -0.0013
vn -0.0005 0.9999 -0.0133
vn -0.0023 0.9996 -0.0266
vn -0.0055 0.9994 -0.0342
vn -0.0143 0.9992 -0.0370
vn -0.0263 0.9989 -0.0380
vn -0.0437 0.9984 -0.0368
vn 0.0414 0.9499 0.3097
vn 0.1678 0.9374 0.3050
vn 0.2569 0.9251 0.2796
vn 0.3010 0.9233 0.2388
vn 0.2918 0.9390 0.1820
vn 0.2303 0.9671 0.1077
vn 0.1355 0.9902 0.0331
vn 0.0443 0.9985 -0.0332
vn 0.0119 0.9976 -0.0677
vn 0.0115 0.9964 -0.0845
vn 0.0023 0.9959 -0.0907
vn -0.0154 0.9961 -0.0865
vn -0.0377 0.9965 -0.0747
vn -0.0524 0.9964 -0.0659
vn 0.0196 0.9417 0.3358
vn 0.1636 0.9289 0.3322
vn 0.2717 0.9123 0.3064
vn 0.3332 0.9063 0.2599
vn 0.3438 0.9182 0.1969
vn 0.3029 0.9465 0.1111
vn 0.2104 0.9776 0.0046
vn 0.1118 0.9916 -0.0658
vn 0.0471 0.9927 -0.1107
vn 0.0282 0.9916 -0.1266
vn 0.0085 0.9911 -0.1325
vn -0.0192 0.9915 -0.1285
vn -0.0493 0.9919 -0.1170
vn -0.0714 0.9926 -0.0980
vn -0.0043 0.9462 0.3236
vn 0.1597 0.9325 0.3240
vn 0.2880 0.9101 0.2979
vn 0.3703 0.8939 0.2525
vn 0.3995 0.8976 0.1862
vn 0.3834 0.9192 0.0897
vn 0.3139 0.9494 -0.0067
vn 0.1829 0.9800 -0.0786
vn 0.0925 0.9878 -0.1253
vn 0.0440 0.9889 -0.1421
vn 0.0145 0.9890 -0.1474
vn -0.0212 0.9892 -0.1452
vn -0.0598 0.9890 -0.1349
vn -0.0874 0.9890 -0.1196
vn -0.0355 0.9604 0.2763
vn 0.1529 0.9472 0.2819
vn 0.3050 0.9157 0.2617
vn 0.4046 0.8867 0.2238
vn 0.4544 0.8761 0.1612
vn 0.4660 0.8816 0.0752
vn 0.4022 0.9156 0.0009
vn 0.2560 0.9641 -0.0703
vn 0.1401 0.9835 -0.1141
vn 0.0612 0.9892 -0.1329
vn 0.0200 0.9901 -0.1389
vn -0.0223 0.9903 -0.1375
vn -0.0677 0.9892 -0.1298
vn -0.1013 0.9880 -0.1165
vn -0.0667 0.9727 0.2225
vn 0.1411 0.9630 0.2294
vn 0.3150 0.9241 0.2165
vn 0.4297 0.8829 0.1895
vn 0.5009 0.8545 0.1372
vn 0.5315 0.8438 0.0735
vn 0.4677 0.8838 0.0142
vn 0.3279 0.9439 -0.0399
vn 0.1853 0.9795 -0.0789
vn 0.0810 0.9917 -0.0998
vn 0.0264 0.9937 -0.1088
vn -0.0236 0.9940 -0.1072
vn -0.0760 0.9922 -0.0987
vn -0.1105 0.9898 -0.0897
vn -0.0952 0.9842 0.1493
vn 0.1291 0.9789 0.1584
vn 0.3187 0.9354 0.1530
vn 0.4457 0.8848 0.1358
vn 0.5356 0.8375 0.1087
vn 0.5748 0.8146 0.0782
vn 0.5180 0.8542 0.0446
vn 0.3815 0.9239 0.0282
vn 0.2465 0.9691 0.0074
vn 0.1026 0.9945 -0.0213
vn 0.0354 0.9984 -0.0447
vn -0.0234 0.9983 -0.0541
vn -0.0833 0.9954 -0.0466
vn -0.1190 0.9922 -0.0380
vn -0.1185 0.9916 0.0522
vn 0.1159 0.9913 0.0629
vn 0.3171 0.9458 0.0695
vn 0.4542 0.8879 0.0738
vn 0.5506 0.8314 0.0748
vn 0.5935 0.8017 0.0704
vn 0.5170 0.8488 0.1107
vn 0.3790 0.9161 0.1309
vn 0.2552 0.9598 0.1170
vn 0.1310 0.9872 0.0907
vn 0.0570 0.9969 0.0536
vn -0.0143 0.9997 0.0201
vn -0.0832 0.9964 0.0170
vn -0.1189 0.9927 0.0216
vn -0.1346 0.9894 -0.0540
vn 0.1018 0.9939 -0.0419
vn 0.3071 0.9514 -0.0231
vn 0.4479 0.8941 -0.0022
vn 0.5475 0.8365 0.0238
vn 0.5949 0.8015 0.0603
vn 0.4373 0.8840 0.1654
vn 0.3368 0.9193 0.2034
vn 0.2523 0.9466 0.2008
vn 0.1577 0.9714 0.1777
vn 0.0936 0.9865 0.1346
vn 0.0193 0.9961 0.0857
vn -0.0799 0.9940 0.0744
vn -0.1240 0.9896 0.0730
vn -0.1428 0.9767 -0.1604
vn 0.0762 0.9855 -0.1513
vn 0.2713 0.9541 -0.1272
vn 0.4070 0.9088 -0.0913
vn 0.4970 0.8667 -0.0429
vn 0.5048 0.8617 0.0505
vn 0.3392 0.9246 0.1732
vn 0.2777 0.9337 0.2260
vn 0.2410 0.9422 0.2330
vn 0.1864 0.9592 0.2128
vn 0.1401 0.9765 0.1639
vn 0.0670 0.9904 0.1212
vn -0.0671 0.9914 0.1122
vn -0.1228 0.9868 0.1059
vn -0.1408 0.9544 -0.2631
vn 0.0645 0.9653 -0.2529
vn 0.2463 0.9436 -0.2214
vn 0.3787 0.9076 -0.1810
vn 0.4537 0.8830 -0.1201
vn 0.3957 0.9180 0.0266
vn 0.2354 0.9613 0.1430
vn 0.2103 0.9566 0.2018
vn 0.2419 0.9455 0.2180
vn 0.2197 0.9548 0.2000
vn 0.1911 0.9696 0.1531
vn 0.1052 0.9856 0.1326
vn -0.0562 0.9905 0.1257
vn -0.1159 0.9861 0.1189
vn -0.1310 0.9287 -0.3469
vn 0.0613 0.9371 -0.3437
vn 0.2216 0.9234 -0.3135
vn 0.3379 0.9040 -0.2617
vn 0.3883 0.9037 -0.1803
vn 0.2728 0.9617 -0.0269
vn 0.1275 0.9880 0.0876
vn 0.1291 0.9791 0.1572
vn 0.2206 0.9594 0.1760
vn 0.2513 0.9549 0.1582
vn 0.2351 0.9634 0.1288
vn 0.1248 0.9826 0.1376
vn -0.0491 0.9891 0.1388
vn -0.1088 0.9835 0.1445
vn -0.1128 0.9114 -0.3957
vn 0.0569 0.9188 -0.3907
vn 0.1939 0.9135 -0.3577
vn 0.2962 0.9045 -0.3067
vn 0.3150 0.9224 -0.2235
vn 0.1590 0.9833 -0.0881
vn 0.0238 0.9995 0.0211
vn 0.0224 0.9941 0.1059
vn 0.1929 0.9734 0.1234
vn 0.2734 0.9554 0.1115
vn 0.2596 0.9593 0.1109
vn 0.1221 0.9840 0.1300
vn -0.0475 0.9897 0.1350
vn -0.1112 0.9910 0.0743
vn -0.0410 0.9974 -0.0588
vn 0.0969 0.9942 -0.0474
vn 0.2121 0.9767 -0.0318
vn 0.2796 0.9600 -0.0164
vn 0.2870 0.9579 -0.0066
vn 0.2377 0.9713 0.0026
vn 0.1422 0.9898 -0.0002
vn 0.0488 0.9988 -0.0038
vn 0.0053 1.0000 -0.0000
vn -0.0017 1.0000 0.0015
vn -0.0081 0.9999 0.0076
vn -0.0166 0.9997 0.0161
vn -0.0294 0.9993 0.0215
vn -0.0473 0.9986 0.0228
vn -0.0711 0.9973 0.0169
vn -0.0710 0.9972 -0.0224
vn -0.0593 0.9975 -0.0389
vn -0.0589 0.9960 -0.0665
vn -0.0771 0.9938 -0.0796
vn -0.0987 0.9902 -0.0984
vn -0.1128 0.9883 -0.1029
vn -0.1336 0.9886 -0.0692
vn -0.1533 0.9880 -0.0188
vn -0.1532 0.9877 0.0305
vn -0.1629 0.9840 0.0717
vn -0.1617 0.9819 0.0984
vn -0.1541 0.9804 0.1231
vn -0.1561 0.9841 0.0849
vn -0.0945 0.9955 0.0068
vn -0.0282 0.9963 -0.0807
vn -0.0504 0.9985 -0.0202
vn -0.0477 0.9980 0.0406
vn 0.1128 0.9907 0.0765
vn 0.2494 0.9653 0.0777
vn 0.2746 0.9596 0.0617
vn 0.1631 0.9849 0.0585
vn 0.0245 0.9989 0.0395
vn -0.0682 0.9974 -0.0235
vn 0.0787 0.9892 -0.1238
vn 0.2394 0.9450 -0.2227
vn 0.2545 0.9167 -0.3079
vn 0.1689 0.9181 -0.3586
vn 0.0514 0.9196 -0.3895
vn -0.0918 0.9135 -0.3964
vn -0.2270 0.8984 -0.3759
vn -0.2711 0.8891 -0.3687
vn -0.3076 0.8953 -0.3224
vn -0.3345 0.9094 -0.2471
vn -0.3474 0.9251 -0.1533
vn -0.3459 0.9365 -0.0585
vn -0.3308 0.9429 0.0382
vn -0.3281 0.9361 0.1266
vn -0.2994 0.9343 0.1937
vn -0.2608 0.9338 0.2450
vn -0.2182 0.9307 0.2935
vn -0.1733 0.9336 0.3138
vn -0.1339 0.9471 0.2917
vn -0.0723 0.9734 0.2174
vn -0.0528 0.9950 0.0852
vn 0.6712 0.7410 0.0204
vn 0.7140 0.6991 0.0375
vn 0.7253 0.6702 0.1572
vn 0.6304 0.6922 0.3514
vn 0.5223 0.8386 0.1549
vn 0.6375 0.7594 -0.1302
vn 0.6726 0.6192 -0.4052
vn 0.6440 0.5057 -0.5741
vn 0.8408 0.4412 -0.3138
vn 0.7536 0.6436 0.1337
vn 0.4101 0.6901 0.5963
vn -0.0087 0.4354 0.9002
vn -0.2039 0.6786 0.7057
vn 0.0968 0.9180 0.3845
vn 0.6677 0.7432 0.0427
vn 0.6996 0.7110 0.0716
vn 0.6708 0.7266 0.1484
vn 0.5864 0.8079 0.0588
vn 0.6223 0.7461 -0.2366
vn 0.6438 0.5338 -0.5483
vn 0.7644 0.4246 -0.4852
vn 0.8624 0.4810 -0.1581
vn 0.6997 0.6453 0.3067
vn 0.3254 0.6051 0.7266
vn -0.1406 0.3419 0.9291
vn -0.3899 0.6753 0.6261
vn 0.1531 0.9110 0.3829
vn 0.5012 0.8005 0.3285
vn 0.6558 0.7516 0.0711
vn 0.6780 0.7307 0.0799
vn 0.6433 0.7652 0.0253
vn 0.6237 0.7450 -0.2366
vn 0.6748 0.5653 -0.4745
vn 0.8441 0.4200 -0.3332
vn 0.8229 0.5679 -0.0151
vn 0.6527 0.6289 0.4224
vn 0.2575 0.5585 0.7885
vn -0.1818 0.3164 0.9310
vn -0.4313 0.6344 0.6415
vn 0.0910 0.8972 0.4322
vn 0.5396 0.8268 0.1586
vn 0.4791 0.7808 0.4010
vn 0.6381 0.7637 0.0978
vn 0.6679 0.7407 0.0726
vn 0.6773 0.7334 -0.0581
vn 0.7435 0.6374 -0.2023
vn 0.8286 0.5408 -0.1450
vn 0.7977 0.5906 0.1216
vn 0.6021 0.6240 0.4981
vn 0.2288 0.5462 0.8058
vn -0.1759 0.3605 0.9160
vn -0.3912 0.6259 0.6747
vn 0.0597 0.8938 0.4445
vn 0.4804 0.8740 0.0725
vn 0.7076 0.6622 0.2464
vn 0.2508 0.7615 0.5977
vn 0.6214 0.7726 0.1298
vn 0.6760 0.7346 0.0581
vn 0.7434 0.6688 0.0055
vn 0.7965 0.6023 0.0538
vn 0.7669 0.5928 0.2457
vn 0.5806 0.6160 0.5324
vn 0.2468 0.5591 0.7915
vn -0.1126 0.4558 0.8829
vn -0.2907 0.6622 0.6907
vn 0.0781 0.8929 0.4435
vn 0.4809 0.8741 0.0683
vn 0.7634 0.6250 0.1629
vn 0.4579 0.7319 0.5047
vn -0.0166 0.7049 0.7091
vn 0.7044 0.6909 0.1627
vn 0.7362 0.6381 0.2256
vn 0.7094 0.6042 0.3628
vn 0.5830 0.5985 0.5494
vn 0.3279 0.5851 0.7418
vn 0.0173 0.5824 0.8127
vn -0.1239 0.7319 0.6701
vn 0.1415 0.8946 0.4239
vn 0.4982 0.8639 0.0740
vn 0.7654 0.6320 0.1211
vn 0.5530 0.7108 0.4348
vn 0.1763 0.6901 0.7020
vn -0.2018 0.5308 0.8231
vn 0.5876 0.7379 0.3321
vn 0.6492 0.6549 0.3868
vn 0.6346 0.6301 0.4475
vn 0.5640 0.6164 0.5495
vn 0.4478 0.6370 0.6274
vn 0.2567 0.7015 0.6649
vn 0.1101 0.8047 0.5834
vn 0.2352 0.8967 0.3749
vn 0.5335 0.8378 0.1160
vn 0.7305 0.6729 0.1165
vn 0.5472 0.6259 0.5558
vn -0.3019 -0.9479 0.1016
vn -0.3291 -0.9421 0.0642
vn 0.2165 -0.9739 0.0685
vn 0.6113 0.6519 0.4487
vn 0.5951 0.7296 0.3369
vn 0.5948 0.6786 0.4310
vn 0.5398 0.7150 0.4444
vn 0.4831 0.7407 0.4669
vn 0.3829 0.8199 0.4256
vn 0.3485 0.8834 0.3133
vn 0.4999 0.8351 0.2296
vn 0.6641 0.6810 0.3084
vn 0.4010 0.5712 0.7162
vn -0.4415 -0.1881 0.8773
vn -0.9588 -0.2605 0.1131
vn -0.4692 0.0232 0.8828
vn -0.1274 0.1925 0.9730
vn 0.3141 0.9391 0.1397
vn 0.6832 0.6175 0.3898
vn 0.5487 0.7866 0.2829
vn 0.5698 0.7458 0.3451
vn 0.5164 0.7854 0.3412
vn 0.4772 0.8084 0.3447
vn 0.4686 0.8053 0.3632
vn 0.4865 0.7500 0.4482
vn 0.2859 0.6596 0.6952
vn -0.5528 0.2945 0.7796
vn -0.9208 -0.0380 0.3883
vn -0.9810 0.1458 0.1282
vn -0.1274 0.7769 0.6166
vn -0.0317 0.8694 0.4930
vn 0.2220 0.9747 -0.0273
vn 0.4603 0.8840 0.0820
vn 0.6611 0.6988 0.2732
vn 0.5421 0.8133 0.2114
vn 0.5450 0.7927 0.2731
vn 0.4906 0.8127 0.3145
vn 0.4490 0.8094 0.3786
vn 0.3726 0.8165 0.4410
vn -0.0301 0.8848 0.4650
vn -0.6932 0.7076 0.1367
vn -0.8374 0.5094 -0.1980
vn -0.5514 0.8239 0.1307
vn -0.4274 0.8860 0.1797
vn -0.0358 0.9886 0.1465
vn 0.1886 0.9699 -0.1538
vn 0.3540 0.9281 -0.1157
vn 0.5204 0.8538 0.0144
vn 0.6075 0.7764 0.1677
vn 0.5116 0.8434 0.1638
vn 0.4756 0.8456 0.2423
vn 0.4041 0.8578 0.3176
vn 0.3279 0.8622 0.3862
vn 0.0161 0.9696 0.2440
vn -0.3763 0.9246 -0.0586
vn -0.6185 0.7436 -0.2540
vn -0.5840 0.6757 -0.4498
vn -0.3863 0.8184 -0.4255
vn -0.1462 0.9872 -0.0643
vn 0.1639 0.9561 -0.2428
vn 0.2856 0.9351 -0.2099
vn 0.3701 0.9148 -0.1617
vn 0.5012 0.8646 -0.0340
vn 0.5246 0.8441 0.1107
vn 0.4212 0.8943 0.1507
vn 0.3490 0.9073 0.2346
vn 0.2728 0.9120 0.3064
vn 0.2020 0.9170 0.3439
vn 0.1083 0.9771 0.1829
vn -0.1992 0.9705 -0.1358
vn -0.4450 0.8900 0.0990
vn -0.5068 0.8320 -0.2255
vn -0.1329 0.9401 -0.3139
vn 0.1451 0.9480 -0.2832
vn 0.2545 0.9337 -0.2517
vn 0.3295 0.9212 -0.2068
vn 0.3501 0.9239 -0.1544
vn 0.4138 0.9094 -0.0421
vn 0.3908 0.9129 0.1179
vn 0.2763 0.9414 0.1937
vn 0.2074 0.9433 0.2592
vn 0.1687 0.9361 0.3086
vn 0.0882 0.9400 0.3295
vn 0.0466 0.9928 0.1103
vn -0.2608 0.8516 -0.4547
vn -0.2824 0.9246 -0.2559
vn -0.0390 0.9463 -0.3210
vn 0.1291 0.9595 -0.2504
vn 0.2555 0.9404 -0.2243
vn 0.3299 0.9245 -0.1911
vn 0.3501 0.9245 -0.1509
vn 0.3148 0.9433 -0.1049
vn 0.2495 0.9679 -0.0309
vn 0.2081 0.9719 0.1100
vn 0.1448 0.9653 0.2173
vn 0.0520 0.9576 0.2832
vn 0.0727 0.9516 0.2985
vn 0.0425 0.9512 0.3055
vn -0.0017 0.9946 0.1036
vn -0.0290 0.9715 -0.2353
vn 0.0287 0.9814 -0.1900
vn 0.6623 0.7493 0.0041
vn 0.6673 0.7448 -0.0020
vn 0.7152 0.6989 -0.0053
vn 0.7520 0.6582 0.0364
vn 0.7382 0.6260 0.2513
vn 0.5785 0.6412 0.5041
vn 0.4846 0.8220 0.2991
vn 0.6079 0.7921 0.0547
vn 0.6664 0.7307 -0.1480
vn 0.6388 0.6282 -0.4442
vn 0.6851 0.5719 -0.4512
vn 0.7681 0.6330 -0.0959
vn 0.4770 0.8271 0.2973
vn 0.1554 0.7884 0.5952
vn 0.0959 0.7818 0.6161
vn -0.0678 0.8760 0.4775
vn 0.1304 0.8848 0.4473
vn 0.0593 0.8490 0.5250
vn -0.0581 0.7628 0.6441
vn -0.2567 0.6370 0.7269
vn -0.4646 0.5666 0.6805
vn -0.3047 0.6235 0.7200
vn 0.5187 -0.8515 0.0767
vn 0.3028 0.2439 0.9213
vn 0.0404 0.7555 0.6540
vn 0.2471 0.9635 0.1031
vn 0.0258 0.9898 0.1398
vn 0.0034 0.9407 -0.3393
vn 0.0238 0.9123 -0.4087
vn 0.1311 0.9880 0.0810
vn -0.0751 0.9736 0.2156
vn -0.0147 0.9723 0.2335
vn -0.0232 0.9788 0.2034
vn -0.0077 0.9790 0.2038
vn -0.0018 0.9807 0.1957
vn -0.0034 0.9884 0.1518
vn -0.0007 0.9971 0.0762
vn 0.0385 0.9990 0.0226
vn 0.0702 0.9975 -0.0105
vn 0.1766 0.9838 -0.0321
vn 0.2699 0.9606 -0.0666
vn 0.3138 0.9443 -0.0991
vn 0.3022 0.9447 -0.1274
vn 0.2327 0.9606 -0.1521
vn 0.1135 0.9784 -0.1727
vn -0.0328 0.9822 -0.1849
vn -0.0293 0.9646 -0.2622
vn -0.0266 0.9550 -0.2953
vn -0.0215 0.9665 -0.2558
vn -0.0123 0.9852 -0.1710
vn 0.0104 0.9986 -0.0513
vn 0.0462 0.9969 0.0635
vn 0.0994 0.9824 0.1584
vn 0.4247 0.7957 0.4318
vn 0.5409 0.8174 0.1980
vn 0.5805 0.8050 0.1224
vn 0.6110 0.7870 0.0855
vn 0.6328 0.7725 0.0528
vn 0.6446 0.7640 0.0294
vn 0.6543 0.7560 0.0169
vt 0.695313 0.566406
vt 0.691406 0.570312
vt 0.691406 0.566406
vt 0.699219 0.566406
vt 0.695313 0.570313
vt 0.703125 0.566406
vt 0.699219 0.570313
vt 0.707031 0.566406
vt 0.703125 0.570312
vt 0.710938 0.566406
vt 0.707031 0.570313
vt 0.714844 0.566406
vt 0.710938 0.570313
vt 0.718750 0.566406
vt 0.714844 0.570313
vt 0.722656 0.566406
vt 0.718750 0.570313
vt 0.726563 0.566406
vt 0.722656 0.570313
vt 0.730469 0.566406
vt 0.726563 0.570313
vt 0.734375 0.566406
vt 0.730469 0.570313
vt 0.738281 0.566406
vt 0.734375 0.570313
vt 0.742188 0.566406
vt 0.738281 0.570313
vt 0.746094 0.566406
vt 0.742188 0.570313
vt 0.691406 0.574219
vt 0.695312 0.574219
vt 0.699219 0.574219
vt 0.703125 0.574219
vt 0.707031 0.574219
vt 0.710938 0.574219
vt 0.714844 0.574219
vt 0.718750 0.574219
vt 0.722656 0.574219
vt 0.726563 0.574219
vt 0.730469 0.574219
vt 0.734375 0.574219
vt 0.738281 0.574219
vt 0.746094 0.570313
vt 0.742188 0.574219
vt 0.691406 0.578125
vt 0.695312 0.578125
vt 0.699219 0.578125
vt 0.703125 0.578125
vt 0.707031 0.578125
vt 0.710938 0.578125
vt 0.714844 0.578125
vt 0.718750 0.578125
vt 0.722656 0.578125
vt 0.726562 0.578125
vt 0.730469 0.578125
vt 0.734375 0.578125
vt 0.738281 0.578125
vt 0.746094 0.574219
vt 0.742188 0.578125
vt 0.691406 0.582031
vt 0.695313 0.582031
vt 0.699219 0.582031
vt 0.703125 0.582031
vt 0.707031 0.582031
vt 0.710938 0.582031
vt 0.714844 0.582031
vt 0.718750 0.582031
vt 0.722656 0.582031
vt 0.726563 0.582031
vt 0.730469 0.582031
vt 0.734375 0.582031
vt 0.738281 0.582031
vt 0.746094 0.578125
vt 0.742188 0.582031
vt 0.691406 0.585938
vt 0.695313 0.585938
vt 0.699219 0.585938
vt 0.703125 0.585938
vt 0.707031 0.585938
vt 0.710938 0.585938
vt 0.714844 0.585938
vt 0.718750 0.585938
vt 0.726563 0.585938
vt 0.722656 0.585938
vt 0.730469 0.585938
vt 0.734375 0.585938
vt 0.738281 0.585938
vt 0.746094 0.582031
vt 0.742188 0.585938
vt 0.691406 0.589844
vt 0.695313 0.589844
vt 0.699219 0.589844
vt 0.703125 0.589844
vt 0.707031 0.589844
vt 0.710938 0.589844
vt 0.714844 0.589844
vt 0.718750 0.589844
vt 0.722656 0.589844
vt 0.730469 0.589844
vt 0.726563 0.589844
vt 0.734375 0.589844
vt 0.738281 0.589844
vt 0.742188 0.589844
vt 0.746094 0.585938
vt 0.691406 0.593750
vt 0.695313 0.593750
vt 0.699219 0.593750
vt 0.703125 0.593750
vt 0.707031 0.593750
vt 0.710938 0.593750
vt 0.714844 0.593750
vt 0.718750 0.593750
vt 0.722656 0.593750
vt 0.726563 0.593750
vt 0.734375 0.593750
vt 0.730469 0.593750
vt 0.738281 0.593750
vt 0.742188 0.593750
vt 0.746094 0.589844
vt 0.691406 0.597656
vt 0.695313 0.597656
vt 0.699219 0.597656
vt 0.707031 0.597656
vt 0.703125 0.597656
vt 0.710938 0.597656
vt 0.714844 0.597656
vt 0.718750 0.597656
vt 0.722656 0.597656
vt 0.726563 0.597656
vt 0.730469 0.597656
vt 0.734375 0.597656
vt 0.738281 0.597656
vt 0.746094 0.593750
vt 0.742188 0.597656
vt 0.691406 0.601562
vt 0.695313 0.601563
vt 0.699219 0.601563
vt 0.703125 0.601563
vt 0.707031 0.601563
vt 0.714844 0.601563
vt 0.710938 0.601563
vt 0.718750 0.601563
vt 0.722656 0.601563
vt 0.726563 0.601563
vt 0.730469 0.601563
vt 0.734375 0.601563
vt 0.738281 0.601563
vt 0.746094 0.597656
vt 0.742188 0.601563
vt 0.691406 0.605469
vt 0.695313 0.605469
vt 0.699219 0.605469
vt 0.703125 0.605469
vt 0.707031 0.605469
vt 0.714844 0.605469
vt 0.710938 0.605469
vt 0.718750 0.605469
vt 0.722656 0.605469
vt 0.726563 0.605469
vt 0.730469 0.605469
vt 0.734375 0.605469
vt 0.738281 0.605469
vt 0.746094 0.601563
vt 0.742188 0.605469
vt 0.695313 0.609375
vt 0.691406 0.609375
vt 0.699219 0.609375
vt 0.703125 0.609375
vt 0.707031 0.609375
vt 0.710938 0.609375
vt 0.718750 0.609375
vt 0.714844 0.609375
vt 0.722656 0.609375
vt 0.726563 0.609375
vt 0.730469 0.609375
vt 0.734375 0.609375
vt 0.738281 0.609375
vt 0.746094 0.605469
vt 0.742188 0.609375
vt 0.695313 0.613281
vt 0.691406 0.613281
vt 0.699219 0.613281
vt 0.703125 0.613281
vt 0.707031 0.613281
vt 0.710938 0.613281
vt 0.714844 0.613281
vt 0.722656 0.613281
vt 0.718750 0.613281
vt 0.726563 0.613281
vt 0.730469 0.613281
vt 0.734375 0.613281
vt 0.738281 0.613281
vt 0.746094 0.609375
vt 0.742188 0.613281
vt 0.695313 0.617188
vt 0.691406 0.617188
vt 0.699219 0.617188
vt 0.703125 0.617188
vt 0.707031 0.617188
vt 0.710938 0.617188
vt 0.714844 0.617188
vt 0.718750 0.617188
vt 0.726563 0.617188
vt 0.722656 0.617188
vt 0.730469 0.617188
vt 0.734375 0.617188
vt 0.738281 0.617188
vt 0.742188 0.617188
vt 0.746094 0.613281
vt 0.695313 0.621094
vt 0.691406 0.621094
vt 0.699219 0.621094
vt 0.703125 0.621094
vt 0.707031 0.621094
vt 0.710938 0.621094
vt 0.714844 0.621094
vt 0.718750 0.621094
vt 0.722656 0.621094
vt 0.730469 0.621094
vt 0.726563 0.621094
vt 0.734375 0.621094
vt 0.738281 0.621094
vt 0.742188 0.621094
vt 0.746094 0.617188
vt 0.691406 0.562500
vt 0.687500 0.566406
vt 0.687500 0.562500
vt 0.695313 0.562500
vt 0.699219 0.562500
vt 0.703125 0.562500
vt 0.707031 0.562500
vt 0.710938 0.562500
vt 0.714844 0.562500
vt 0.718750 0.562500
vt 0.722656 0.562500
vt 0.726563 0.562500
vt 0.730469 0.562500
vt 0.734375 0.562500
vt 0.738281 0.562500
vt 0.742188 0.562500
vt 0.746094 0.562500
vt 0.750000 0.562500
vt 0.750000 0.566406
vt 0.750000 0.570312
vt 0.750000 0.574219
vt 0.750000 0.578125
vt 0.750000 0.582031
vt 0.750000 0.585938
vt 0.750000 0.589844
vt 0.750000 0.593750
vt 0.750000 0.597656
vt 0.750000 0.601563
vt 0.750000 0.605469
vt 0.750000 0.609375
vt 0.750000 0.613281
vt 0.750000 0.617188
vt 0.746094 0.621094
vt 0.750000 0.621094
vt 0.746094 0.625000
vt 0.742188 0.625000
vt 0.738281 0.625000
vt 0.734375 0.625000
vt 0.730469 0.625000
vt 0.726563 0.625000
vt 0.722656 0.625000
vt 0.718750 0.625000
vt 0.714844 0.625000
vt 0.710938 0.625000
vt 0.707031 0.625000
vt 0.703125 0.625000
vt 0.699219 0.625000
vt 0.695313 0.625000
vt 0.691406 0.625000
vt 0.687500 0.625000
vt 0.687500 0.621094
vt 0.687500 0.617188
vt 0.687500 0.613281
vt 0.687500 0.609375
vt 0.687500 0.605469
vt 0.687500 0.601563
vt 0.687500 0.597656
vt 0.687500 0.593750
vt 0.687500 0.589844
vt 0.687500 0.585938
vt 0.687500 0.582031
vt 0.687500 0.578125
vt 0.687500 0.574219
vt 0.687500 0.570312
vt 0.757813 0.566406
vt 0.753906 0.570312
vt 0.753906 0.566406
vt 0.761719 0.570313
vt 0.757813 0.570313
vt 0.761719 0.566406
vt 0.765625 0.570312
vt 0.765625 0.566406
vt 0.769531 0.570313
vt 0.769531 0.566406
vt 0.773438 0.570313
vt 0.773438 0.566406
vt 0.777344 0.570313
vt 0.777344 0.566406
vt 0.781250 0.570313
vt 0.781250 0.566406
vt 0.785156 0.570313
vt 0.785156 0.566406
vt 0.789063 0.570313
vt 0.789063 0.566406
vt 0.792969 0.570313
vt 0.792969 0.566406
vt 0.796875 0.570313
vt 0.800781 0.566406
vt 0.796875 0.566406
vt 0.804688 0.566406
vt 0.800781 0.570313
vt 0.808594 0.566406
vt 0.804688 0.570313
vt 0.753906 0.574219
vt 0.757813 0.574219
vt 0.765625 0.574219
vt 0.761719 0.574219
vt 0.769531 0.574219
vt 0.773438 0.574219
vt 0.777344 0.574219
vt 0.781250 0.574219
vt 0.785156 0.574219
vt 0.789063 0.574219
vt 0.792969 0.574219
vt 0.796875 0.574219
vt 0.800781 0.574219
vt 0.808594 0.574219
vt 0.804688 0.574219
vt 0.753906 0.578125
vt 0.757813 0.578125
vt 0.761719 0.578125
vt 0.769531 0.578125
vt 0.765625 0.578125
vt 0.773438 0.578125
vt 0.777344 0.578125
vt 0.781250 0.578125
vt 0.785156 0.578125
vt 0.789062 0.578125
vt 0.792969 0.578125
vt 0.796875 0.578125
vt 0.800781 0.578125
vt 0.808594 0.578125
vt 0.804688 0.578125
vt 0.753906 0.582031
vt 0.757813 0.582031
vt 0.761719 0.582031
vt 0.765625 0.582031
vt 0.769531 0.582031
vt 0.773438 0.582031
vt 0.777344 0.582031
vt 0.781250 0.582031
vt 0.785156 0.582031
vt 0.789063 0.582031
vt 0.792969 0.582031
vt 0.800781 0.582031
vt 0.796875 0.582031
vt 0.804688 0.582031
vt 0.808594 0.582031
vt 0.753906 0.585938
vt 0.757813 0.585938
vt 0.761719 0.585938
vt 0.765625 0.585938
vt 0.769531 0.585938
vt 0.773438 0.585938
vt 0.777344 0.585938
vt 0.781250 0.585938
vt 0.785156 0.585938
vt 0.789063 0.585938
vt 0.792969 0.585938
vt 0.800781 0.585938
vt 0.796875 0.585938
vt 0.804688 0.585938
vt 0.808594 0.585938
vt 0.753906 0.589844
vt 0.757813 0.589844
vt 0.761719 0.589844
vt 0.765625 0.589844
vt 0.769531 0.589844
vt 0.773438 0.589844
vt 0.777344 0.589844
vt 0.781250 0.589844
vt 0.785156 0.589844
vt 0.789063 0.589844
vt 0.792969 0.589844
vt 0.796875 0.589844
vt 0.804688 0.589844
vt 0.800781 0.589844
vt 0.808594 0.589844
vt 0.753906 0.593750
vt 0.757813 0.593750
vt 0.761719 0.593750
vt 0.769531 0.593750
vt 0.765625 0.593750
vt 0.773438 0.593750
vt 0.777344 0.593750
vt 0.781250 0.593750
vt 0.785156 0.593750
vt 0.789063 0.593750
vt 0.792969 0.593750
vt 0.796875 0.593750
vt 0.804688 0.593750
vt 0.800781 0.593750
vt 0.808594 0.593750
vt 0.753906 0.597656
vt 0.757813 0.597656
vt 0.761719 0.597656
vt 0.765625 0.597656
vt 0.769531 0.597656
vt 0.773438 0.597656
vt 0.781250 0.597656
vt 0.777344 0.597656
vt 0.785156 0.597656
vt 0.789063 0.597656
vt 0.792969 0.597656
vt 0.800781 0.597656
vt 0.796875 0.597656
vt 0.804688 0.597656
vt 0.808594 0.597656
vt 0.753906 0.601562
vt 0.757813 0.601563
vt 0.761719 0.601563
vt 0.765625 0.601563
vt 0.769531 0.601563
vt 0.773438 0.601563
vt 0.777344 0.601563
vt 0.785156 0.601563
vt 0.781250 0.601563
vt 0.789063 0.601563
vt 0.792969 0.601563
vt 0.796875 0.601563
vt 0.800781 0.601563
vt 0.804688 0.601563
vt 0.808594 0.601563
vt 0.753906 0.605469
vt 0.757813 0.605469
vt 0.761719 0.605469
vt 0.765625 0.605469
vt 0.769531 0.605469
vt 0.773438 0.605469
vt 0.777344 0.605469
vt 0.785156 0.605469
vt 0.781250 0.605469
vt 0.789063 0.605469
vt 0.792969 0.605469
vt 0.796875 0.605469
vt 0.800781 0.605469
vt 0.804688 0.605469
vt 0.808594 0.605469
vt 0.753906 0.609375
vt 0.757813 0.609375
vt 0.761719 0.609375
vt 0.765625 0.609375
vt 0.769531 0.609375
vt 0.773438 0.609375
vt 0.777344 0.609375
vt 0.785156 0.609375
vt 0.781250 0.609375
vt 0.789063 0.609375
vt 0.792969 0.609375
vt 0.796875 0.609375
vt 0.800781 0.609375
vt 0.804688 0.609375
vt 0.808594 0.609375
vt 0.753906 0.613281
vt 0.757813 0.613281
vt 0.761719 0.613281
vt 0.765625 0.613281
vt 0.769531 0.613281
vt 0.773438 0.613281
vt 0.777344 0.613281
vt 0.785156 0.613281
vt 0.781250 0.613281
vt 0.789063 0.613281
vt 0.792969 0.613281
vt 0.796875 0.613281
vt 0.800781 0.613281
vt 0.804688 0.613281
vt 0.808594 0.613281
vt 0.753906 0.617188
vt 0.757813 0.617188
vt 0.761719 0.617188
vt 0.765625 0.617188
vt 0.769531 0.617188
vt 0.773438 0.617188
vt 0.777344 0.617188
vt 0.781250 0.617188
vt 0.789063 0.617188
vt 0.785156 0.617188
vt 0.792969 0.617188
vt 0.796875 0.617188
vt 0.800781 0.617188
vt 0.804688 0.617188
vt 0.808594 0.617188
vt 0.753906 0.621094
vt 0.757813 0.621094
vt 0.761719 0.621094
vt 0.765625 0.621094
vt 0.773438 0.621094
vt 0.769531 0.621094
vt 0.777344 0.621094
vt 0.781250 0.621094
vt 0.789063 0.621094
vt 0.785156 0.621094
vt 0.792969 0.621094
vt 0.796875 0.621094
vt 0.800781 0.621094
vt 0.804688 0.621094
vt 0.808594 0.621094
vt 0.753906 0.562500
vt 0.757813 0.562500
vt 0.761719 0.562500
vt 0.765625 0.562500
vt 0.769531 0.562500
vt 0.773438 0.562500
vt 0.777344 0.562500
vt 0.781250 0.562500
vt 0.785156 0.562500
vt 0.789063 0.562500
vt 0.792969 0.562500
vt 0.800781 0.562500
vt 0.796875 0.562500
vt 0.804688 0.562500
vt 0.808594 0.562500
vt 0.812500 0.566406
vt 0.808594 0.570313
vt 0.812500 0.574219
vt 0.812500 0.578125
vt 0.812500 0.582031
vt 0.812500 0.585938
vt 0.812500 0.589844
vt 0.812500 0.593750
vt 0.812500 0.597656
vt 0.812500 0.601563
vt 0.812500 0.605469
vt 0.812500 0.609375
vt 0.812500 0.613281
vt 0.812500 0.617188
vt 0.812500 0.621094
vt 0.812500 0.625000
vt 0.808594 0.625000
vt 0.804688 0.625000
vt 0.800781 0.625000
vt 0.796875 0.625000
vt 0.792969 0.625000
vt 0.789063 0.625000
vt 0.785156 0.625000
vt 0.781250 0.625000
vt 0.777344 0.625000
vt 0.773438 0.625000
vt 0.769531 0.625000
vt 0.765625 0.625000
vt 0.761719 0.625000
vt 0.757813 0.625000
vt 0.753906 0.625000
vt 0.750000 0.625000
vt 0.691406 0.628906
vt 0.695313 0.632813
vt 0.691406 0.632813
vt 0.695313 0.628906
vt 0.699219 0.632813
vt 0.699219 0.628906
vt 0.703125 0.632813
vt 0.703125 0.628906
vt 0.707031 0.632813
vt 0.707031 0.628906
vt 0.710938 0.632813
vt 0.710938 0.628906
vt 0.714844 0.632813
vt 0.718750 0.628906
vt 0.714844 0.628906
vt 0.722656 0.628906
vt 0.718750 0.632813
vt 0.726563 0.628906
vt 0.722656 0.632813
vt 0.730469 0.628906
vt 0.726563 0.632813
vt 0.734375 0.628906
vt 0.730469 0.632813
vt 0.738281 0.632813
vt 0.734375 0.632813
vt 0.738281 0.628906
vt 0.742188 0.632813
vt 0.742188 0.628906
vt 0.746094 0.632813
vt 0.695313 0.636719
vt 0.691406 0.636719
vt 0.699219 0.636719
vt 0.703125 0.636719
vt 0.707031 0.636719
vt 0.710938 0.636719
vt 0.714844 0.636719
vt 0.718750 0.636719
vt 0.722656 0.636719
vt 0.726563 0.636719
vt 0.730469 0.636719
vt 0.734375 0.636719
vt 0.742188 0.636719
vt 0.738281 0.636719
vt 0.746094 0.636719
vt 0.691406 0.640625
vt 0.699219 0.640625
vt 0.695313 0.640625
vt 0.703125 0.640625
vt 0.710938 0.640625
vt 0.707031 0.640625
vt 0.714844 0.640625
vt 0.718750 0.640625
vt 0.722656 0.640625
vt 0.726563 0.640625
vt 0.730469 0.640625
vt 0.734375 0.640625
vt 0.742188 0.640625
vt 0.738281 0.640625
vt 0.746094 0.640625
vt 0.691406 0.644531
vt 0.695313 0.644531
vt 0.703125 0.644531
vt 0.699219 0.644531
vt 0.707031 0.644531
vt 0.714844 0.644531
vt 0.710938 0.644531
vt 0.718750 0.644531
vt 0.722656 0.644531
vt 0.726563 0.644531
vt 0.730469 0.644531
vt 0.734375 0.644531
vt 0.738281 0.644531
vt 0.746094 0.644531
vt 0.742188 0.644531
vt 0.691406 0.648438
vt 0.695313 0.648438
vt 0.703125 0.648438
vt 0.699219 0.648438
vt 0.707031 0.648438
vt 0.714844 0.648438
vt 0.710938 0.648438
vt 0.718750 0.648438
vt 0.722656 0.648438
vt 0.726563 0.648438
vt 0.730469 0.648438
vt 0.734375 0.648438
vt 0.738281 0.648438
vt 0.742188 0.648438
vt 0.691406 0.652344
vt 0.695313 0.652344
vt 0.703125 0.652344
vt 0.699219 0.652344
vt 0.707031 0.652344
vt 0.710938 0.652344
vt 0.714844 0.652344
vt 0.718750 0.652344
vt 0.722656 0.652344
vt 0.726563 0.652344
vt 0.730469 0.652344
vt 0.734375 0.652344
vt 0.738281 0.652344
vt 0.746094 0.648438
vt 0.742188 0.652344
vt 0.691406 0.656250
vt 0.695313 0.656250
vt 0.703125 0.656250
vt 0.699219 0.656250
vt 0.707031 0.656250
vt 0.710938 0.656250
vt 0.714844 0.656250
vt 0.722656 0.656250
vt 0.718750 0.656250
vt 0.726563 0.656250
vt 0.730469 0.656250
vt 0.734375 0.656250
vt 0.738281 0.656250
vt 0.746094 0.652344
vt 0.742188 0.656250
vt 0.691406 0.660156
vt 0.699219 0.660156
vt 0.695313 0.660156
vt 0.703125 0.660156
vt 0.707031 0.660156
vt 0.710938 0.660156
vt 0.714844 0.660156
vt 0.718750 0.660156
vt 0.722656 0.660156
vt 0.726563 0.660156
vt 0.730469 0.660156
vt 0.734375 0.660156
vt 0.738281 0.660156
vt 0.746094 0.656250
vt 0.742188 0.660156
vt 0.695313 0.664063
vt 0.691406 0.664062
vt 0.699219 0.664063
vt 0.703125 0.664063
vt 0.710938 0.664063
vt 0.707031 0.664063
vt 0.714844 0.664063
vt 0.718750 0.664063
vt 0.722656 0.664063
vt 0.726563 0.664063
vt 0.730469 0.664063
vt 0.734375 0.664063
vt 0.738281 0.664063
vt 0.746094 0.660156
vt 0.742188 0.664063
vt 0.695313 0.667969
vt 0.691406 0.667969
vt 0.699219 0.667969
vt 0.703125 0.667969
vt 0.710938 0.667969
vt 0.707031 0.667969
vt 0.714844 0.667969
vt 0.718750 0.667969
vt 0.722656 0.667969
vt 0.726563 0.667969
vt 0.730469 0.667969
vt 0.734375 0.667969
vt 0.738281 0.667969
vt 0.742188 0.667969
vt 0.746094 0.664063
vt 0.695312 0.671875
vt 0.691406 0.671875
vt 0.699219 0.671875
vt 0.703125 0.671875
vt 0.707031 0.671875
vt 0.714844 0.671875
vt 0.710938 0.671875
vt 0.718750 0.671875
vt 0.722656 0.671875
vt 0.726563 0.671875
vt 0.734375 0.671875
vt 0.730469 0.671875
vt 0.738281 0.671875
vt 0.742188 0.671875
vt 0.746094 0.671875
vt 0.695313 0.675781
vt 0.691406 0.675781
vt 0.699219 0.675781
vt 0.703125 0.675781
vt 0.707031 0.675781
vt 0.714844 0.675781
vt 0.710938 0.675781
vt 0.718750 0.675781
vt 0.722656 0.675781
vt 0.726563 0.675781
vt 0.730469 0.675781
vt 0.738281 0.675781
vt 0.734375 0.675781
vt 0.742188 0.675781
vt 0.746094 0.675781
vt 0.695313 0.679688
vt 0.691406 0.679688
vt 0.699219 0.679688
vt 0.703125 0.679688
vt 0.707031 0.679688
vt 0.710938 0.679688
vt 0.714844 0.679688
vt 0.718750 0.679688
vt 0.722656 0.679688
vt 0.726563 0.679688
vt 0.730469 0.679688
vt 0.738281 0.679688
vt 0.734375 0.679688
vt 0.742188 0.679688
vt 0.746094 0.679688
vt 0.695312 0.683594
vt 0.691406 0.683594
vt 0.699219 0.683594
vt 0.703125 0.683594
vt 0.707031 0.683594
vt 0.710938 0.683594
vt 0.714844 0.683594
vt 0.718750 0.683594
vt 0.722656 0.683594
vt 0.726563 0.683594
vt 0.730469 0.683594
vt 0.738281 0.683594
vt 0.734375 0.683594
vt 0.742188 0.683594
vt 0.746094 0.683594
vt 0.687500 0.628906
vt 0.746094 0.628906
vt 0.750000 0.628906
vt 0.750000 0.632813
vt 0.750000 0.636719
vt 0.750000 0.640625
vt 0.750000 0.644531
vt 0.750000 0.648438
vt 0.750000 0.652344
vt 0.750000 0.656250
vt 0.750000 0.660156
vt 0.750000 0.664063
vt 0.746094 0.667969
vt 0.750000 0.667969
vt 0.750000 0.671875
vt 0.750000 0.679688
vt 0.750000 0.683594
vt 0.750000 0.687500
vt 0.746094 0.687500
vt 0.742188 0.687500
vt 0.738281 0.687500
vt 0.734375 0.687500
vt 0.730469 0.687500
vt 0.726563 0.687500
vt 0.722656 0.687500
vt 0.718750 0.687500
vt 0.714844 0.687500
vt 0.710938 0.687500
vt 0.707031 0.687500
vt 0.703125 0.687500
vt 0.699219 0.687500
vt 0.695313 0.687500
vt 0.691406 0.687500
vt 0.687500 0.683594
vt 0.687500 0.687500
vt 0.687500 0.679688
vt 0.687500 0.675781
vt 0.687500 0.671875
vt 0.687500 0.667969
vt 0.687500 0.664063
vt 0.687500 0.660156
vt 0.687500 0.656250
vt 0.687500 0.652344
vt 0.687500 0.648438
vt 0.687500 0.644531
vt 0.687500 0.640625
vt 0.687500 0.636719
vt 0.687500 0.632813
vt 0.757813 0.628906
vt 0.753906 0.632813
vt 0.753906 0.628906
vt 0.761719 0.628906
vt 0.757813 0.632813
vt 0.765625 0.628906
vt 0.761719 0.632813
vt 0.769531 0.628906
vt 0.765625 0.632813
vt 0.773438 0.628906
vt 0.769531 0.632813
vt 0.777344 0.628906
vt 0.773438 0.632813
vt 0.781250 0.628906
vt 0.777344 0.632813
vt 0.785156 0.628906
vt 0.781250 0.632813
vt 0.789063 0.628906
vt 0.785156 0.632813
vt 0.792969 0.632813
vt 0.789063 0.632813
vt 0.792969 0.628906
vt 0.796875 0.632813
vt 0.796875 0.628906
vt 0.800781 0.632813
vt 0.800781 0.628906
vt 0.804688 0.632813
vt 0.804688 0.628906
vt 0.808594 0.632813
vt 0.757813 0.636719
vt 0.753906 0.636719
vt 0.761719 0.636719
vt 0.765625 0.636719
vt 0.769531 0.636719
vt 0.773438 0.636719
vt 0.777344 0.636719
vt 0.781250 0.636719
vt 0.785156 0.636719
vt 0.792969 0.636719
vt 0.789063 0.636719
vt 0.796875 0.636719
vt 0.800781 0.636719
vt 0.804688 0.636719
vt 0.808594 0.636719
vt 0.757813 0.640625
vt 0.753906 0.640625
vt 0.761719 0.640625
vt 0.765625 0.640625
vt 0.769531 0.640625
vt 0.773438 0.640625
vt 0.777344 0.640625
vt 0.781250 0.640625
vt 0.785156 0.640625
vt 0.792969 0.640625
vt 0.789063 0.640625
vt 0.796875 0.640625
vt 0.800781 0.640625
vt 0.804688 0.640625
vt 0.808594 0.640625
vt 0.757813 0.644531
vt 0.753906 0.644531
vt 0.761719 0.644531
vt 0.765625 0.644531
vt 0.773438 0.644531
vt 0.769531 0.644531
vt 0.777344 0.644531
vt 0.781250 0.644531
vt 0.785156 0.644531
vt 0.789063 0.644531
vt 0.792969 0.644531
vt 0.796875 0.644531
vt 0.800781 0.644531
vt 0.804688 0.644531
vt 0.808594 0.644531
vt 0.757813 0.648438
vt 0.753906 0.648438
vt 0.761719 0.648438
vt 0.765625 0.648438
vt 0.769531 0.648438
vt 0.773438 0.648438
vt 0.777344 0.648438
vt 0.781250 0.648438
vt 0.785156 0.648438
vt 0.789063 0.648438
vt 0.792969 0.648438
vt 0.796875 0.648438
vt 0.800781 0.648438
vt 0.804688 0.648438
vt 0.808594 0.648438
vt 0.757813 0.652344
vt 0.753906 0.652344
vt 0.761719 0.652344
vt 0.765625 0.652344
vt 0.769531 0.652344
vt 0.773438 0.652344
vt 0.777344 0.652344
vt 0.781250 0.652344
vt 0.785156 0.652344
vt 0.789063 0.652344
vt 0.792969 0.652344
vt 0.796875 0.652344
vt 0.800781 0.652344
vt 0.804688 0.652344
vt 0.808594 0.652344
vt 0.753906 0.656250
vt 0.761719 0.656250
vt 0.757813 0.656250
vt 0.765625 0.656250
vt 0.769531 0.656250
vt 0.773438 0.656250
vt 0.777344 0.656250
vt 0.781250 0.656250
vt 0.785156 0.656250
vt 0.789063 0.656250
vt 0.792969 0.656250
vt 0.796875 0.656250
vt 0.800781 0.656250
vt 0.804688 0.656250
vt 0.808594 0.656250
vt 0.753906 0.660156
vt 0.757813 0.660156
vt 0.765625 0.660156
vt 0.761719 0.660156
vt 0.769531 0.660156
vt 0.773438 0.660156
vt 0.777344 0.660156
vt 0.781250 0.660156
vt 0.785156 0.660156
vt 0.789063 0.660156
vt 0.792969 0.660156
vt 0.796875 0.660156
vt 0.800781 0.660156
vt 0.804688 0.660156
vt 0.808594 0.660156
vt 0.753906 0.664063
vt 0.757813 0.664063
vt 0.765625 0.664063
vt 0.761719 0.664063
vt 0.769531 0.664063
vt 0.773438 0.664063
vt 0.777344 0.664063
vt 0.781250 0.664063
vt 0.785156 0.664063
vt 0.789063 0.664063
vt 0.792969 0.664063
vt 0.796875 0.664063
vt 0.800781 0.664063
vt 0.804688 0.664063
vt 0.808594 0.664063
vt 0.753906 0.667969
vt 0.757813 0.667969
vt 0.761719 0.667969
vt 0.769531 0.667969
vt 0.765625 0.667969
vt 0.773438 0.667969
vt 0.777344 0.667969
vt 0.781250 0.667969
vt 0.785156 0.667969
vt 0.789063 0.667969
vt 0.792969 0.667969
vt 0.796875 0.667969
vt 0.800781 0.667969
vt 0.804688 0.667969
vt 0.808594 0.667969
vt 0.753906 0.671875
vt 0.757813 0.671875
vt 0.761719 0.671875
vt 0.769531 0.671875
vt 0.765625 0.671875
vt 0.773438 0.671875
vt 0.777344 0.671875
vt 0.781250 0.671875
vt 0.785156 0.671875
vt 0.789063 0.671875
vt 0.792969 0.671875
vt 0.796875 0.671875
vt 0.800781 0.671875
vt 0.804688 0.671875
vt 0.808594 0.671875
vt 0.753906 0.675781
vt 0.757813 0.675781
vt 0.761719 0.675781
vt 0.765625 0.675781
vt 0.773438 0.675781
vt 0.769531 0.675781
vt 0.777344 0.675781
vt 0.781250 0.675781
vt 0.785156 0.675781
vt 0.789063 0.675781
vt 0.792969 0.675781
vt 0.796875 0.675781
vt 0.800781 0.675781
vt 0.804688 0.675781
vt 0.808594 0.675781
vt 0.753906 0.679688
vt 0.757813 0.679688
vt 0.761719 0.679688
vt 0.765625 0.679688
vt 0.773438 0.679688
vt 0.769531 0.679688
vt 0.777344 0.679688
vt 0.781250 0.679688
vt 0.785156 0.679688
vt 0.789063 0.679688
vt 0.792969 0.679688
vt 0.796875 0.679688
vt 0.800781 0.679688
vt 0.804688 0.679688
vt 0.808594 0.679688
vt 0.753906 0.683594
vt 0.757813 0.683594
vt 0.761719 0.683594
vt 0.765625 0.683594
vt 0.769531 0.683594
vt 0.777344 0.683594
vt 0.773438 0.683594
vt 0.781250 0.683594
vt 0.785156 0.683594
vt 0.789063 0.683594
vt 0.792969 0.683594
vt 0.796875 0.683594
vt 0.800781 0.683594
vt 0.804688 0.683594
vt 0.808594 0.683594
vt 0.808594 0.628906
vt 0.812500 0.628906
vt 0.812500 0.632813
vt 0.812500 0.636719
vt 0.812500 0.640625
vt 0.812500 0.644531
vt 0.812500 0.648438
vt 0.812500 0.652344
vt 0.812500 0.656250
vt 0.812500 0.660156
vt 0.812500 0.664063
vt 0.812500 0.667969
vt 0.812500 0.671875
vt 0.812500 0.675781
vt 0.812500 0.679688
vt 0.812500 0.683594
vt 0.812500 0.687500
vt 0.808594 0.687500
vt 0.804688 0.687500
vt 0.800781 0.687500
vt 0.796875 0.687500
vt 0.792969 0.687500
vt 0.789063 0.687500
vt 0.785156 0.687500
vt 0.781250 0.687500
vt 0.777344 0.687500
vt 0.773438 0.687500
vt 0.769531 0.687500
vt 0.765625 0.687500
vt 0.761719 0.687500
vt 0.757813 0.687500
vt 0.753906 0.687500
vt 0.750000 0.675781
vt 0.632813 0.503906
vt 0.628906 0.507813
vt 0.628906 0.503906
vt 0.636719 0.503906
vt 0.632813 0.507813
vt 0.640625 0.503906
vt 0.636719 0.507813
vt 0.644531 0.503906
vt 0.640625 0.507813
vt 0.648438 0.503906
vt 0.644531 0.507813
vt 0.652344 0.503906
vt 0.648438 0.507813
vt 0.656250 0.503906
vt 0.652344 0.507813
vt 0.660156 0.503906
vt 0.656250 0.507813
vt 0.664063 0.503906
vt 0.660156 0.507813
vt 0.667969 0.503906
vt 0.664063 0.507813
vt 0.671875 0.507813
vt 0.667969 0.507813
vt 0.671875 0.503906
vt 0.675781 0.507813
vt 0.675781 0.503906
vt 0.679688 0.507812
vt 0.679688 0.503906
vt 0.683594 0.507813
vt 0.628906 0.511719
vt 0.632813 0.511719
vt 0.636719 0.511719
vt 0.640625 0.511719
vt 0.644531 0.511719
vt 0.648438 0.511719
vt 0.652344 0.511719
vt 0.656250 0.511719
vt 0.660156 0.511719
vt 0.667969 0.511719
vt 0.664063 0.511719
vt 0.671875 0.511719
vt 0.675781 0.511719
vt 0.679688 0.511719
vt 0.628906 0.515625
vt 0.632813 0.515625
vt 0.636719 0.515625
vt 0.640625 0.515625
vt 0.644531 0.515625
vt 0.648438 0.515625
vt 0.652344 0.515625
vt 0.656250 0.515625
vt 0.660156 0.515625
vt 0.664063 0.515625
vt 0.667969 0.515625
vt 0.675781 0.515625
vt 0.671875 0.515625
vt 0.683594 0.511719
vt 0.679688 0.515625
vt 0.628906 0.519531
vt 0.632813 0.519531
vt 0.636719 0.519531
vt 0.640625 0.519531
vt 0.644531 0.519531
vt 0.648438 0.519531
vt 0.652344 0.519531
vt 0.656250 0.519531
vt 0.660156 0.519531
vt 0.664063 0.519531
vt 0.667969 0.519531
vt 0.671875 0.519531
vt 0.675781 0.519531
vt 0.683594 0.515625
vt 0.679688 0.519531
vt 0.628906 0.523438
vt 0.632813 0.523438
vt 0.636719 0.523438
vt 0.640625 0.523438
vt 0.644531 0.523438
vt 0.648438 0.523438
vt 0.652344 0.523438
vt 0.656250 0.523438
vt 0.660156 0.523438
vt 0.664063 0.523438
vt 0.667969 0.523438
vt 0.671875 0.523438
vt 0.675781 0.523438
vt 0.683594 0.519531
vt 0.679688 0.523438
vt 0.628906 0.527344
vt 0.632813 0.527344
vt 0.636719 0.527344
vt 0.640625 0.527344
vt 0.644531 0.527344
vt 0.648438 0.527344
vt 0.652344 0.527344
vt 0.656250 0.527344
vt 0.660156 0.527344
vt 0.664063 0.527344
vt 0.667969 0.527344
vt 0.671875 0.527344
vt 0.675781 0.527344
vt 0.683594 0.523438
vt 0.679688 0.527344
vt 0.628906 0.531250
vt 0.632813 0.531250
vt 0.636719 0.531250
vt 0.640625 0.531250
vt 0.644531 0.531250
vt 0.648438 0.531250
vt 0.652344 0.531250
vt 0.656250 0.531250
vt 0.660156 0.531250
vt 0.664063 0.531250
vt 0.667969 0.531250
vt 0.671875 0.531250
vt 0.675781 0.531250
vt 0.683594 0.527344
vt 0.679688 0.531250
vt 0.628906 0.535156
vt 0.632813 0.535156
vt 0.636719 0.535156
vt 0.640625 0.535156
vt 0.644531 0.535156
vt 0.648438 0.535156
vt 0.652344 0.535156
vt 0.656250 0.535156
vt 0.660156 0.535156
vt 0.664063 0.535156
vt 0.667969 0.535156
vt 0.671875 0.535156
vt 0.675781 0.535156
vt 0.683594 0.531250
vt 0.679688 0.535156
vt 0.628906 0.539063
vt 0.632813 0.539063
vt 0.636719 0.539063
vt 0.640625 0.539063
vt 0.644531 0.539063
vt 0.648438 0.539063
vt 0.652344 0.539063
vt 0.656250 0.539063
vt 0.660156 0.539063
vt 0.664063 0.539063
vt 0.667969 0.539063
vt 0.671875 0.539063
vt 0.675781 0.539063
vt 0.683594 0.535156
vt 0.679688 0.539063
vt 0.628906 0.542969
vt 0.632813 0.542969
vt 0.636719 0.542969
vt 0.640625 0.542969
vt 0.644531 0.542969
vt 0.648438 0.542969
vt 0.652344 0.542969
vt 0.656250 0.542969
vt 0.660156 0.542969
vt 0.664063 0.542969
vt 0.667969 0.542969
vt 0.671875 0.542969
vt 0.675781 0.542969
vt 0.683594 0.539062
vt 0.679688 0.542969
vt 0.628906 0.546875
vt 0.632813 0.546875
vt 0.636719 0.546875
vt 0.640625 0.546875
vt 0.644531 0.546875
vt 0.648438 0.546875
vt 0.652344 0.546875
vt 0.656250 0.546875
vt 0.660156 0.546875
vt 0.664063 0.546875
vt 0.667969 0.546875
vt 0.671875 0.546875
vt 0.675781 0.546875
vt 0.683594 0.542969
vt 0.679688 0.546875
vt 0.628906 0.550781
vt 0.632813 0.550781
vt 0.636719 0.550781
vt 0.640625 0.550781
vt 0.644531 0.550781
vt 0.648438 0.550781
vt 0.652344 0.550781
vt 0.656250 0.550781
vt 0.660156 0.550781
vt 0.664063 0.550781
vt 0.667969 0.550781
vt 0.671875 0.550781
vt 0.675781 0.550781
vt 0.683594 0.546875
vt 0.679688 0.550781
vt 0.628906 0.554688
vt 0.632813 0.554688
vt 0.636719 0.554688
vt 0.640625 0.554688
vt 0.644531 0.554688
vt 0.648438 0.554688
vt 0.652344 0.554688
vt 0.656250 0.554688
vt 0.660156 0.554688
vt 0.664063 0.554688
vt 0.667969 0.554688
vt 0.671875 0.554688
vt 0.675781 0.554688
vt 0.683594 0.550781
vt 0.679688 0.554688
vt 0.628906 0.558594
vt 0.632813 0.558594
vt 0.636719 0.558594
vt 0.640625 0.558594
vt 0.644531 0.558594
vt 0.648438 0.558594
vt 0.652344 0.558594
vt 0.656250 0.558594
vt 0.660156 0.558594
vt 0.664062 0.558594
vt 0.667969 0.558594
vt 0.671875 0.558594
vt 0.679688 0.558594
vt 0.675781 0.558594
vt 0.683594 0.554688
vt 0.628906 0.500000
vt 0.625000 0.503906
vt 0.625000 0.500000
vt 0.632813 0.500000
vt 0.636719 0.500000
vt 0.640625 0.500000
vt 0.644531 0.500000
vt 0.648438 0.500000
vt 0.652344 0.500000
vt 0.656250 0.500000
vt 0.660156 0.500000
vt 0.664063 0.500000
vt 0.667969 0.500000
vt 0.671875 0.500000
vt 0.675781 0.500000
vt 0.679688 0.500000
vt 0.683594 0.500000
vt 0.687500 0.503906
vt 0.683594 0.503906
vt 0.687500 0.507812
vt 0.687500 0.511719
vt 0.687500 0.515625
vt 0.687500 0.519531
vt 0.687500 0.527344
vt 0.687500 0.531250
vt 0.687500 0.535156
vt 0.687500 0.539063
vt 0.687500 0.542969
vt 0.687500 0.546875
vt 0.687500 0.550781
vt 0.687500 0.554688
vt 0.683594 0.558594
vt 0.683594 0.562500
vt 0.679688 0.562500
vt 0.675781 0.562500
vt 0.671875 0.562500
vt 0.667969 0.562500
vt 0.664063 0.562500
vt 0.660156 0.562500
vt 0.656250 0.562500
vt 0.652344 0.562500
vt 0.648438 0.562500
vt 0.644531 0.562500
vt 0.640625 0.562500
vt 0.636719 0.562500
vt 0.632813 0.562500
vt 0.628906 0.562500
vt 0.625000 0.558594
vt 0.625000 0.562500
vt 0.625000 0.554688
vt 0.625000 0.550781
vt 0.625000 0.546875
vt 0.625000 0.542969
vt 0.625000 0.539063
vt 0.625000 0.535156
vt 0.625000 0.531250
vt 0.625000 0.527344
vt 0.625000 0.523438
vt 0.625000 0.519531
vt 0.625000 0.515625
vt 0.625000 0.511719
vt 0.625000 0.507813
vt 0.695313 0.503906
vt 0.691406 0.507812
vt 0.691406 0.503906
vt 0.699219 0.503906
vt 0.695313 0.507813
vt 0.703125 0.503906
vt 0.699219 0.507813
vt 0.707031 0.503906
vt 0.703125 0.507812
vt 0.710938 0.503906
vt 0.707031 0.507813
vt 0.714844 0.503906
vt 0.710938 0.507813
vt 0.718750 0.503906
vt 0.714844 0.507813
vt 0.722656 0.507813
vt 0.718750 0.507813
vt 0.722656 0.503906
vt 0.726563 0.507813
vt 0.726563 0.503906
vt 0.730469 0.507813
vt 0.730469 0.503906
vt 0.734375 0.507813
vt 0.734375 0.503906
vt 0.738281 0.507813
vt 0.738281 0.503906
vt 0.742188 0.507813
vt 0.742188 0.503906
vt 0.746094 0.507813
vt 0.691406 0.511719
vt 0.695313 0.511719
vt 0.699219 0.511719
vt 0.703125 0.511719
vt 0.707031 0.511719
vt 0.710938 0.511719
vt 0.714844 0.511719
vt 0.722656 0.511719
vt 0.718750 0.511719
vt 0.726563 0.511719
vt 0.730469 0.511719
vt 0.734375 0.511719
vt 0.738281 0.511719
vt 0.742188 0.511719
vt 0.746094 0.511719
vt 0.691406 0.515625
vt 0.695312 0.515625
vt 0.699219 0.515625
vt 0.703125 0.515625
vt 0.707031 0.515625
vt 0.710938 0.515625
vt 0.714844 0.515625
vt 0.722656 0.515625
vt 0.718750 0.515625
vt 0.726563 0.515625
vt 0.730469 0.515625
vt 0.734375 0.515625
vt 0.738281 0.515625
vt 0.742188 0.515625
vt 0.746094 0.515625
vt 0.691406 0.519531
vt 0.695313 0.519531
vt 0.699219 0.519531
vt 0.703125 0.519531
vt 0.707031 0.519531
vt 0.710938 0.519531
vt 0.714844 0.519531
vt 0.722656 0.519531
vt 0.718750 0.519531
vt 0.726563 0.519531
vt 0.730469 0.519531
vt 0.734375 0.519531
vt 0.738281 0.519531
vt 0.742188 0.519531
vt 0.746094 0.519531
vt 0.691406 0.523438
vt 0.695312 0.523438
vt 0.699219 0.523438
vt 0.703125 0.523438
vt 0.707031 0.523438
vt 0.710938 0.523438
vt 0.714844 0.523438
vt 0.718750 0.523438
vt 0.726563 0.523438
vt 0.722656 0.523438
vt 0.730469 0.523438
vt 0.734375 0.523438
vt 0.738281 0.523438
vt 0.742188 0.523438
vt 0.746094 0.523438
vt 0.695313 0.527344
vt 0.691406 0.527344
vt 0.699219 0.527344
vt 0.703125 0.527344
vt 0.707031 0.527344
vt 0.710938 0.527344
vt 0.714844 0.527344
vt 0.718750 0.527344
vt 0.726563 0.527344
vt 0.722656 0.527344
vt 0.730469 0.527344
vt 0.734375 0.527344
vt 0.738281 0.527344
vt 0.742188 0.527344
vt 0.746094 0.527344
vt 0.695313 0.531250
vt 0.691406 0.531250
vt 0.699219 0.531250
vt 0.703125 0.531250
vt 0.707031 0.531250
vt 0.710938 0.531250
vt 0.714844 0.531250
vt 0.718750 0.531250
vt 0.722656 0.531250
vt 0.730469 0.531250
vt 0.726563 0.531250
vt 0.734375 0.531250
vt 0.738281 0.531250
vt 0.742188 0.531250
vt 0.746094 0.531250
vt 0.695312 0.535156
vt 0.691406 0.535156
vt 0.699219 0.535156
vt 0.703125 0.535156
vt 0.707031 0.535156
vt 0.710938 0.535156
vt 0.714844 0.535156
vt 0.718750 0.535156
vt 0.722656 0.535156
vt 0.730469 0.535156
vt 0.726563 0.535156
vt 0.734375 0.535156
vt 0.738281 0.535156
vt 0.742188 0.535156
vt 0.746094 0.535156
vt 0.695313 0.539063
vt 0.691406 0.539062
vt 0.699219 0.539063
vt 0.703125 0.539063
vt 0.707031 0.539063
vt 0.710938 0.539063
vt 0.714844 0.539063
vt 0.718750 0.539063
vt 0.722656 0.539063
vt 0.730469 0.539063
vt 0.726563 0.539063
vt 0.734375 0.539063
vt 0.738281 0.539063
vt 0.742188 0.539063
vt 0.746094 0.539063
vt 0.695312 0.542969
vt 0.691406 0.542969
vt 0.699219 0.542969
vt 0.703125 0.542969
vt 0.707031 0.542969
vt 0.710938 0.542969
vt 0.714844 0.542969
vt 0.718750 0.542969
vt 0.726563 0.542969
vt 0.722656 0.542969
vt 0.730469 0.542969
vt 0.734375 0.542969
vt 0.738281 0.542969
vt 0.742188 0.542969
vt 0.746094 0.542969
vt 0.695312 0.546875
vt 0.691406 0.546875
vt 0.699219 0.546875
vt 0.703125 0.546875
vt 0.707031 0.546875
vt 0.710938 0.546875
vt 0.714844 0.546875
vt 0.718750 0.546875
vt 0.722656 0.546875
vt 0.726563 0.546875
vt 0.730469 0.546875
vt 0.734375 0.546875
vt 0.738281 0.546875
vt 0.742188 0.546875
vt 0.746094 0.546875
vt 0.695313 0.550781
vt 0.691406 0.550781
vt 0.699219 0.550781
vt 0.703125 0.550781
vt 0.707031 0.550781
vt 0.710938 0.550781
vt 0.714844 0.550781
vt 0.718750 0.550781
vt 0.722656 0.550781
vt 0.726563 0.550781
vt 0.730469 0.550781
vt 0.734375 0.550781
vt 0.738281 0.550781
vt 0.742188 0.550781
vt 0.746094 0.550781
vt 0.695313 0.554688
vt 0.691406 0.554688
vt 0.699219 0.554688
vt 0.703125 0.554688
vt 0.707031 0.554688
vt 0.710938 0.554688
vt 0.714844 0.554688
vt 0.718750 0.554688
vt 0.722656 0.554688
vt 0.726563 0.554688
vt 0.730469 0.554688
vt 0.734375 0.554688
vt 0.738281 0.554688
vt 0.742188 0.554688
vt 0.746094 0.554688
vt 0.695312 0.558594
vt 0.691406 0.558594
vt 0.699219 0.558594
vt 0.703125 0.558594
vt 0.707031 0.558594
vt 0.710938 0.558594
vt 0.714844 0.558594
vt 0.718750 0.558594
vt 0.722656 0.558594
vt 0.726562 0.558594
vt 0.730469 0.558594
vt 0.734375 0.558594
vt 0.738281 0.558594
vt 0.742188 0.558594
vt 0.746094 0.558594
vt 0.687500 0.500000
vt 0.691406 0.500000
vt 0.695313 0.500000
vt 0.699219 0.500000
vt 0.703125 0.500000
vt 0.710938 0.500000
vt 0.707031 0.500000
vt 0.714844 0.500000
vt 0.718750 0.500000
vt 0.722656 0.500000
vt 0.726563 0.500000
vt 0.734375 0.500000
vt 0.730469 0.500000
vt 0.738281 0.500000
vt 0.742188 0.500000
vt 0.746094 0.503906
vt 0.746094 0.500000
vt 0.750000 0.503906
vt 0.750000 0.507813
vt 0.750000 0.511719
vt 0.750000 0.515625
vt 0.750000 0.519531
vt 0.750000 0.523438
vt 0.750000 0.527344
vt 0.750000 0.531250
vt 0.750000 0.535156
vt 0.750000 0.539063
vt 0.750000 0.542969
vt 0.750000 0.546875
vt 0.750000 0.550781
vt 0.750000 0.554688
vt 0.750000 0.558594
vt 0.687500 0.558594
vt 0.687500 0.523438
vt 0.753906 0.503906
vt 0.757813 0.507813
vt 0.753906 0.507813
vt 0.761719 0.503906
vt 0.757813 0.503906
vt 0.765625 0.503906
vt 0.761719 0.507813
vt 0.769531 0.503906
vt 0.765625 0.507812
vt 0.773438 0.503906
vt 0.769531 0.507813
vt 0.777344 0.503906
vt 0.773438 0.507813
vt 0.781250 0.503906
vt 0.777344 0.507813
vt 0.785156 0.503906
vt 0.781250 0.507813
vt 0.789063 0.503906
vt 0.785156 0.507813
vt 0.792969 0.503906
vt 0.789063 0.507813
vt 0.796875 0.503906
vt 0.792969 0.507813
vt 0.800781 0.503906
vt 0.796875 0.507813
vt 0.804688 0.503906
vt 0.800781 0.507813
vt 0.808594 0.503906
vt 0.804688 0.507812
vt 0.753906 0.511719
vt 0.757813 0.511719
vt 0.761719 0.511719
vt 0.765625 0.511719
vt 0.769531 0.511719
vt 0.773438 0.511719
vt 0.777344 0.511719
vt 0.781250 0.511719
vt 0.789063 0.511719
vt 0.785156 0.511719
vt 0.792969 0.511719
vt 0.796875 0.511719
vt 0.800781 0.511719
vt 0.808594 0.507813
vt 0.804688 0.511719
vt 0.753906 0.515625
vt 0.757813 0.515625
vt 0.761719 0.515625
vt 0.765625 0.515625
vt 0.769531 0.515625
vt 0.773438 0.515625
vt 0.777344 0.515625
vt 0.785156 0.515625
vt 0.781250 0.515625
vt 0.789063 0.515625
vt 0.792969 0.515625
vt 0.796875 0.515625
vt 0.800781 0.515625
vt 0.808594 0.511719
vt 0.804688 0.515625
vt 0.757813 0.519531
vt 0.753906 0.519531
vt 0.761719 0.519531
vt 0.765625 0.519531
vt 0.769531 0.519531
vt 0.773438 0.519531
vt 0.777344 0.519531
vt 0.785156 0.519531
vt 0.781250 0.519531
vt 0.789063 0.519531
vt 0.792969 0.519531
vt 0.796875 0.519531
vt 0.800781 0.519531
vt 0.808594 0.515625
vt 0.804688 0.519531
vt 0.757813 0.523438
vt 0.753906 0.523438
vt 0.761719 0.523438
vt 0.765625 0.523438
vt 0.769531 0.523438
vt 0.773438 0.523438
vt 0.777344 0.523438
vt 0.781250 0.523438
vt 0.785156 0.523438
vt 0.789063 0.523438
vt 0.792969 0.523438
vt 0.796875 0.523438
vt 0.800781 0.523438
vt 0.808594 0.519531
vt 0.804688 0.523438
vt 0.757813 0.527344
vt 0.753906 0.527344
vt 0.761719 0.527344
vt 0.765625 0.527344
vt 0.769531 0.527344
vt 0.773438 0.527344
vt 0.777344 0.527344
vt 0.781250 0.527344
vt 0.785156 0.527344
vt 0.789063 0.527344
vt 0.792969 0.527344
vt 0.796875 0.527344
vt 0.800781 0.527344
vt 0.808594 0.523438
vt 0.804688 0.527344
vt 0.757813 0.531250
vt 0.753906 0.531250
vt 0.761719 0.531250
vt 0.765625 0.531250
vt 0.769531 0.531250
vt 0.773438 0.531250
vt 0.777344 0.531250
vt 0.781250 0.531250
vt 0.785156 0.531250
vt 0.789063 0.531250
vt 0.792969 0.531250
vt 0.796875 0.531250
vt 0.800781 0.531250
vt 0.808594 0.527344
vt 0.804688 0.531250
vt 0.757813 0.535156
vt 0.753906 0.535156
vt 0.761719 0.535156
vt 0.765625 0.535156
vt 0.769531 0.535156
vt 0.773438 0.535156
vt 0.777344 0.535156
vt 0.781250 0.535156
vt 0.785156 0.535156
vt 0.789063 0.535156
vt 0.792969 0.535156
vt 0.796875 0.535156
vt 0.800781 0.535156
vt 0.808594 0.531250
vt 0.804688 0.535156
vt 0.757813 0.539063
vt 0.753906 0.539062
vt 0.761719 0.539063
vt 0.765625 0.539063
vt 0.769531 0.539063
vt 0.773438 0.539063
vt 0.777344 0.539063
vt 0.781250 0.539063
vt 0.785156 0.539063
vt 0.789063 0.539063
vt 0.792969 0.539063
vt 0.796875 0.539063
vt 0.800781 0.539063
vt 0.808594 0.535156
vt 0.804688 0.539063
vt 0.757813 0.542969
vt 0.753906 0.542969
vt 0.761719 0.542969
vt 0.765625 0.542969
vt 0.769531 0.542969
vt 0.773438 0.542969
vt 0.777344 0.542969
vt 0.781250 0.542969
vt 0.785156 0.542969
vt 0.789063 0.542969
vt 0.792969 0.542969
vt 0.796875 0.542969
vt 0.800781 0.542969
vt 0.808594 0.539062
vt 0.804688 0.542969
vt 0.757813 0.546875
vt 0.753906 0.546875
vt 0.761719 0.546875
vt 0.765625 0.546875
vt 0.769531 0.546875
vt 0.773438 0.546875
vt 0.777344 0.546875
vt 0.781250 0.546875
vt 0.785156 0.546875
vt 0.789063 0.546875
vt 0.792969 0.546875
vt 0.796875 0.546875
vt 0.800781 0.546875
vt 0.808594 0.542969
vt 0.804688 0.546875
vt 0.757813 0.550781
vt 0.753906 0.550781
vt 0.761719 0.550781
vt 0.765625 0.550781
vt 0.769531 0.550781
vt 0.773438 0.550781
vt 0.777344 0.550781
vt 0.781250 0.550781
vt 0.785156 0.550781
vt 0.789063 0.550781
vt 0.792969 0.550781
vt 0.796875 0.550781
vt 0.800781 0.550781
vt 0.808594 0.546875
vt 0.804688 0.550781
vt 0.757813 0.554688
vt 0.753906 0.554688
vt 0.761719 0.554688
vt 0.765625 0.554688
vt 0.769531 0.554688
vt 0.773438 0.554688
vt 0.777344 0.554688
vt 0.781250 0.554688
vt 0.785156 0.554688
vt 0.789063 0.554688
vt 0.792969 0.554688
vt 0.796875 0.554688
vt 0.800781 0.554688
vt 0.808594 0.550781
vt 0.804688 0.554688
vt 0.753906 0.558594
vt 0.757812 0.558594
vt 0.765625 0.558594
vt 0.761719 0.558594
vt 0.769531 0.558594
vt 0.773438 0.558594
vt 0.777344 0.558594
vt 0.781250 0.558594
vt 0.785156 0.558594
vt 0.789062 0.558594
vt 0.792969 0.558594
vt 0.796875 0.558594
vt 0.800781 0.558594
vt 0.808594 0.554688
vt 0.804688 0.558594
vt 0.750000 0.500000
vt 0.753906 0.500000
vt 0.757813 0.500000
vt 0.761719 0.500000
vt 0.765625 0.500000
vt 0.769531 0.500000
vt 0.777344 0.500000
vt 0.773438 0.500000
vt 0.781250 0.500000
vt 0.785156 0.500000
vt 0.789063 0.500000
vt 0.792969 0.500000
vt 0.796875 0.500000
vt 0.800781 0.500000
vt 0.804688 0.500000
vt 0.808594 0.500000
vt 0.812500 0.500000
vt 0.812500 0.503906
vt 0.812500 0.507812
vt 0.812500 0.511719
vt 0.812500 0.515625
vt 0.812500 0.519531
vt 0.812500 0.523438
vt 0.812500 0.527344
vt 0.812500 0.531250
vt 0.812500 0.535156
vt 0.812500 0.539063
vt 0.812500 0.542969
vt 0.812500 0.546875
vt 0.812500 0.550781
vt 0.812500 0.554688
vt 0.808594 0.558594
vt 0.812500 0.562500
vt 0.820313 0.503906
vt 0.816406 0.507812
vt 0.816406 0.503906
vt 0.824219 0.503906
vt 0.820313 0.507813
vt 0.828125 0.503906
vt 0.824219 0.507813
vt 0.832031 0.503906
vt 0.828125 0.507812
vt 0.835938 0.503906
vt 0.832031 0.507813
vt 0.839844 0.503906
vt 0.835938 0.507813
vt 0.843750 0.503906
vt 0.839844 0.507813
vt 0.847656 0.503906
vt 0.843750 0.507813
vt 0.851563 0.503906
vt 0.847656 0.507813
vt 0.855469 0.507813
vt 0.851563 0.507813
vt 0.855469 0.503906
vt 0.859375 0.507813
vt 0.859375 0.503906
vt 0.863281 0.507813
vt 0.863281 0.503906
vt 0.867188 0.507813
vt 0.867188 0.503906
vt 0.871094 0.507813
vt 0.816406 0.511719
vt 0.820313 0.511719
vt 0.824219 0.511719
vt 0.828125 0.511719
vt 0.832031 0.511719
vt 0.835938 0.511719
vt 0.839844 0.511719
vt 0.843750 0.511719
vt 0.851563 0.511719
vt 0.847656 0.511719
vt 0.855469 0.511719
vt 0.859375 0.511719
vt 0.863281 0.511719
vt 0.867188 0.511719
vt 0.871094 0.511719
vt 0.816406 0.515625
vt 0.820312 0.515625
vt 0.824219 0.515625
vt 0.828125 0.515625
vt 0.832031 0.515625
vt 0.835938 0.515625
vt 0.839844 0.515625
vt 0.847656 0.515625
vt 0.843750 0.515625
vt 0.851563 0.515625
vt 0.855469 0.515625
vt 0.859375 0.515625
vt 0.863281 0.515625
vt 0.867188 0.515625
vt 0.871094 0.515625
vt 0.816406 0.519531
vt 0.820313 0.519531
vt 0.824219 0.519531
vt 0.828125 0.519531
vt 0.832031 0.519531
vt 0.835938 0.519531
vt 0.839844 0.519531
vt 0.847656 0.519531
vt 0.843750 0.519531
vt 0.851563 0.519531
vt 0.855469 0.519531
vt 0.859375 0.519531
vt 0.863281 0.519531
vt 0.867188 0.519531
vt 0.871094 0.519531
vt 0.816406 0.523438
vt 0.820312 0.523438
vt 0.824219 0.523438
vt 0.828125 0.523438
vt 0.832031 0.523438
vt 0.835938 0.523438
vt 0.839844 0.523438
vt 0.847656 0.523438
vt 0.843750 0.523438
vt 0.851563 0.523438
vt 0.855469 0.523438
vt 0.859375 0.523438
vt 0.863281 0.523438
vt 0.867188 0.523438
vt 0.871094 0.523438
vt 0.816406 0.527344
vt 0.820313 0.527344
vt 0.824219 0.527344
vt 0.828125 0.527344
vt 0.832031 0.527344
vt 0.835938 0.527344
vt 0.843750 0.527344
vt 0.839844 0.527344
vt 0.847656 0.527344
vt 0.851563 0.527344
vt 0.855469 0.527344
vt 0.859375 0.527344
vt 0.863281 0.527344
vt 0.867188 0.527344
vt 0.871094 0.527344
vt 0.816406 0.531250
vt 0.820313 0.531250
vt 0.824219 0.531250
vt 0.828125 0.531250
vt 0.832031 0.531250
vt 0.835938 0.531250
vt 0.843750 0.531250
vt 0.839844 0.531250
vt 0.847656 0.531250
vt 0.851563 0.531250
vt 0.855469 0.531250
vt 0.859375 0.531250
vt 0.863281 0.531250
vt 0.867188 0.531250
vt 0.871094 0.531250
vt 0.816406 0.535156
vt 0.820312 0.535156
vt 0.824219 0.535156
vt 0.828125 0.535156
vt 0.832031 0.535156
vt 0.835938 0.535156
vt 0.843750 0.535156
vt 0.839844 0.535156
vt 0.847656 0.535156
vt 0.851563 0.535156
vt 0.855469 0.535156
vt 0.859375 0.535156
vt 0.863281 0.535156
vt 0.867188 0.535156
vt 0.871094 0.535156
vt 0.816406 0.539062
vt 0.820313 0.539063
vt 0.824219 0.539063
vt 0.828125 0.539063
vt 0.835938 0.539063
vt 0.832031 0.539063
vt 0.839844 0.539063
vt 0.843750 0.539063
vt 0.847656 0.539063
vt 0.851563 0.539063
vt 0.855469 0.539063
vt 0.859375 0.539063
vt 0.863281 0.539063
vt 0.867188 0.539063
vt 0.871094 0.539063
vt 0.816406 0.542969
vt 0.820313 0.542969
vt 0.824219 0.542969
vt 0.828125 0.542969
vt 0.835938 0.542969
vt 0.832031 0.542969
vt 0.839844 0.542969
vt 0.843750 0.542969
vt 0.847656 0.542969
vt 0.851563 0.542969
vt 0.855469 0.542969
vt 0.859375 0.542969
vt 0.863281 0.542969
vt 0.867188 0.542969
vt 0.871094 0.542969
vt 0.816406 0.546875
vt 0.820312 0.546875
vt 0.824219 0.546875
vt 0.832031 0.546875
vt 0.828125 0.546875
vt 0.835938 0.546875
vt 0.839844 0.546875
vt 0.843750 0.546875
vt 0.847656 0.546875
vt 0.851563 0.546875
vt 0.855469 0.546875
vt 0.859375 0.546875
vt 0.863281 0.546875
vt 0.867188 0.546875
vt 0.871094 0.546875
vt 0.816406 0.550781
vt 0.820313 0.550781
vt 0.824219 0.550781
vt 0.832031 0.550781
vt 0.828125 0.550781
vt 0.835938 0.550781
vt 0.839844 0.550781
vt 0.843750 0.550781
vt 0.847656 0.550781
vt 0.851563 0.550781
vt 0.855469 0.550781
vt 0.859375 0.550781
vt 0.863281 0.550781
vt 0.867188 0.550781
vt 0.871094 0.550781
vt 0.816406 0.554688
vt 0.820313 0.554688
vt 0.824219 0.554688
vt 0.832031 0.554688
vt 0.828125 0.554688
vt 0.835938 0.554688
vt 0.839844 0.554688
vt 0.843750 0.554688
vt 0.847656 0.554688
vt 0.851563 0.554688
vt 0.855469 0.554688
vt 0.859375 0.554688
vt 0.863281 0.554688
vt 0.867188 0.554688
vt 0.816406 0.558594
vt 0.824219 0.558594
vt 0.820312 0.558594
vt 0.828125 0.558594
vt 0.832031 0.558594
vt 0.835938 0.558594
vt 0.839844 0.558594
vt 0.843750 0.558594
vt 0.847656 0.558594
vt 0.851563 0.558594
vt 0.855469 0.558594
vt 0.859375 0.558594
vt 0.863281 0.558594
vt 0.871094 0.554688
vt 0.867188 0.558594
vt 0.816406 0.500000
vt 0.820313 0.500000
vt 0.824219 0.500000
vt 0.828125 0.500000
vt 0.832031 0.500000
vt 0.835938 0.500000
vt 0.839844 0.500000
vt 0.843750 0.500000
vt 0.847656 0.500000
vt 0.851563 0.500000
vt 0.855469 0.500000
vt 0.859375 0.500000
vt 0.863281 0.500000
vt 0.867188 0.500000
vt 0.871094 0.503906
vt 0.871094 0.500000
vt 0.875000 0.503906
vt 0.875000 0.507813
vt 0.875000 0.511719
vt 0.875000 0.515625
vt 0.875000 0.519531
vt 0.875000 0.523438
vt 0.875000 0.527344
vt 0.875000 0.531250
vt 0.875000 0.535156
vt 0.875000 0.539063
vt 0.875000 0.542969
vt 0.875000 0.546875
vt 0.875000 0.550781
vt 0.875000 0.554688
vt 0.871094 0.558594
vt 0.875000 0.558594
vt 0.871094 0.562500
vt 0.867188 0.562500
vt 0.863281 0.562500
vt 0.859375 0.562500
vt 0.855469 0.562500
vt 0.851563 0.562500
vt 0.847656 0.562500
vt 0.843750 0.562500
vt 0.839844 0.562500
vt 0.835938 0.562500
vt 0.832031 0.562500
vt 0.828125 0.562500
vt 0.824219 0.562500
vt 0.820313 0.562500
vt 0.816406 0.562500
vt 0.812500 0.558594
vt 0.816406 0.566406
vt 0.820313 0.570313
vt 0.816406 0.570312
vt 0.820313 0.566406
vt 0.824219 0.570313
vt 0.824219 0.566406
vt 0.828125 0.570312
vt 0.832031 0.566406
vt 0.828125 0.566406
vt 0.835938 0.566406
vt 0.832031 0.570313
vt 0.839844 0.566406
vt 0.835938 0.570313
vt 0.843750 0.566406
vt 0.839844 0.570313
vt 0.847656 0.566406
vt 0.843750 0.570313
vt 0.851563 0.566406
vt 0.847656 0.570313
vt 0.855469 0.566406
vt 0.851563 0.570313
vt 0.859375 0.566406
vt 0.855469 0.570313
vt 0.863281 0.566406
vt 0.859375 0.570313
vt 0.867188 0.566406
vt 0.863281 0.570313
vt 0.871094 0.566406
vt 0.867188 0.570313
vt 0.820313 0.574219
vt 0.816406 0.574219
vt 0.824219 0.574219
vt 0.828125 0.574219
vt 0.832031 0.574219
vt 0.835938 0.574219
vt 0.839844 0.574219
vt 0.843750 0.574219
vt 0.847656 0.574219
vt 0.851563 0.574219
vt 0.855469 0.574219
vt 0.859375 0.574219
vt 0.863281 0.574219
vt 0.871094 0.570313
vt 0.867188 0.574219
vt 0.820312 0.578125
vt 0.816406 0.578125
vt 0.824219 0.578125
vt 0.828125 0.578125
vt 0.832031 0.578125
vt 0.835938 0.578125
vt 0.839844 0.578125
vt 0.843750 0.578125
vt 0.847656 0.578125
vt 0.851563 0.578125
vt 0.855469 0.578125
vt 0.859375 0.578125
vt 0.863281 0.578125
vt 0.871094 0.578125
vt 0.867188 0.578125
vt 0.820313 0.582031
vt 0.816406 0.582031
vt 0.824219 0.582031
vt 0.828125 0.582031
vt 0.832031 0.582031
vt 0.835938 0.582031
vt 0.843750 0.582031
vt 0.839844 0.582031
vt 0.847656 0.582031
vt 0.851563 0.582031
vt 0.855469 0.582031
vt 0.859375 0.582031
vt 0.863281 0.582031
vt 0.867188 0.582031
vt 0.871094 0.582031
vt 0.820312 0.585938
vt 0.816406 0.585938
vt 0.824219 0.585938
vt 0.828125 0.585938
vt 0.832031 0.585938
vt 0.835938 0.585938
vt 0.839844 0.585938
vt 0.843750 0.585938
vt 0.847656 0.585938
vt 0.851563 0.585938
vt 0.855469 0.585938
vt 0.859375 0.585938
vt 0.863281 0.585938
vt 0.867188 0.585938
vt 0.871094 0.585938
vt 0.820313 0.589844
vt 0.816406 0.589844
vt 0.824219 0.589844
vt 0.828125 0.589844
vt 0.832031 0.589844
vt 0.835938 0.589844
vt 0.839844 0.589844
vt 0.843750 0.589844
vt 0.847656 0.589844
vt 0.851563 0.589844
vt 0.855469 0.589844
vt 0.859375 0.589844
vt 0.863281 0.589844
vt 0.867188 0.589844
vt 0.871094 0.589844
vt 0.820313 0.593750
vt 0.816406 0.593750
vt 0.824219 0.593750
vt 0.828125 0.593750
vt 0.832031 0.593750
vt 0.835938 0.593750
vt 0.839844 0.593750
vt 0.843750 0.593750
vt 0.847656 0.593750
vt 0.851563 0.593750
vt 0.855469 0.593750
vt 0.859375 0.593750
vt 0.863281 0.593750
vt 0.867188 0.593750
vt 0.871094 0.593750
vt 0.820313 0.597656
vt 0.816406 0.597656
vt 0.824219 0.597656
vt 0.828125 0.597656
vt 0.832031 0.597656
vt 0.835938 0.597656
vt 0.839844 0.597656
vt 0.843750 0.597656
vt 0.847656 0.597656
vt 0.851563 0.597656
vt 0.855469 0.597656
vt 0.859375 0.597656
vt 0.863281 0.597656
vt 0.867188 0.597656
vt 0.871094 0.597656
vt 0.820313 0.601563
vt 0.816406 0.601563
vt 0.824219 0.601563
vt 0.828125 0.601563
vt 0.832031 0.601563
vt 0.835938 0.601563
vt 0.839844 0.601563
vt 0.843750 0.601563
vt 0.847656 0.601563
vt 0.851563 0.601563
vt 0.855469 0.601563
vt 0.859375 0.601563
vt 0.863281 0.601563
vt 0.867188 0.601563
vt 0.871094 0.601563
vt 0.820313 0.605469
vt 0.816406 0.605469
vt 0.824219 0.605469
vt 0.828125 0.605469
vt 0.832031 0.605469
vt 0.835938 0.605469
vt 0.839844 0.605469
vt 0.843750 0.605469
vt 0.847656 0.605469
vt 0.851563 0.605469
vt 0.855469 0.605469
vt 0.859375 0.605469
vt 0.863281 0.605469
vt 0.867188 0.605469
vt 0.871094 0.605469
vt 0.820313 0.609375
vt 0.816406 0.609375
vt 0.824219 0.609375
vt 0.828125 0.609375
vt 0.835938 0.609375
vt 0.832031 0.609375
vt 0.839844 0.609375
vt 0.843750 0.609375
vt 0.847656 0.609375
vt 0.851563 0.609375
vt 0.855469 0.609375
vt 0.859375 0.609375
vt 0.863281 0.609375
vt 0.867188 0.609375
vt 0.871094 0.609375
vt 0.820313 0.613281
vt 0.816406 0.613281
vt 0.824219 0.613281
vt 0.828125 0.613281
vt 0.832031 0.613281
vt 0.839844 0.613281
vt 0.835938 0.613281
vt 0.843750 0.613281
vt 0.847656 0.613281
vt 0.851563 0.613281
vt 0.855469 0.613281
vt 0.859375 0.613281
vt 0.863281 0.613281
vt 0.867188 0.613281
vt 0.871094 0.613281
vt 0.820313 0.617188
vt 0.816406 0.617188
vt 0.824219 0.617188
vt 0.828125 0.617188
vt 0.832031 0.617188
vt 0.835938 0.617188
vt 0.843750 0.617188
vt 0.839844 0.617188
vt 0.847656 0.617188
vt 0.851563 0.617188
vt 0.855469 0.617188
vt 0.859375 0.617188
vt 0.863281 0.617188
vt 0.867188 0.617188
vt 0.871094 0.617188
vt 0.820313 0.621094
vt 0.816406 0.621094
vt 0.824219 0.621094
vt 0.828125 0.621094
vt 0.832031 0.621094
vt 0.835938 0.621094
vt 0.839844 0.621094
vt 0.843750 0.621094
vt 0.851563 0.621094
vt 0.847656 0.621094
vt 0.855469 0.621094
vt 0.859375 0.621094
vt 0.863281 0.621094
vt 0.867188 0.621094
vt 0.871094 0.621094
vt 0.875000 0.562500
vt 0.875000 0.566406
vt 0.875000 0.570313
vt 0.871094 0.574219
vt 0.875000 0.578125
vt 0.875000 0.582031
vt 0.875000 0.585938
vt 0.875000 0.589844
vt 0.875000 0.593750
vt 0.875000 0.597656
vt 0.875000 0.601563
vt 0.875000 0.605469
vt 0.875000 0.609375
vt 0.875000 0.613281
vt 0.875000 0.617188
vt 0.875000 0.621094
vt 0.875000 0.625000
vt 0.871094 0.625000
vt 0.867188 0.625000
vt 0.863281 0.625000
vt 0.859375 0.625000
vt 0.855469 0.625000
vt 0.851563 0.625000
vt 0.847656 0.625000
vt 0.843750 0.625000
vt 0.839844 0.625000
vt 0.835938 0.625000
vt 0.832031 0.625000
vt 0.828125 0.625000
vt 0.824219 0.625000
vt 0.820313 0.625000
vt 0.816406 0.625000
vt 0.812500 0.570313
vt 0.816406 0.628906
vt 0.820313 0.632813
vt 0.816406 0.632813
vt 0.820313 0.628906
vt 0.824219 0.632813
vt 0.824219 0.628906
vt 0.828125 0.632813
vt 0.832031 0.628906
vt 0.828125 0.628906
vt 0.835938 0.628906
vt 0.832031 0.632813
vt 0.839844 0.628906
vt 0.835938 0.632813
vt 0.843750 0.628906
vt 0.839844 0.632813
vt 0.847656 0.628906
vt 0.843750 0.632813
vt 0.851563 0.628906
vt 0.847656 0.632813
vt 0.855469 0.628906
vt 0.851563 0.632813
vt 0.859375 0.628906
vt 0.855469 0.632813
vt 0.863281 0.628906
vt 0.859375 0.632813
vt 0.867188 0.628906
vt 0.863281 0.632813
vt 0.871094 0.628906
vt 0.867188 0.632813
vt 0.820313 0.636719
vt 0.816406 0.636719
vt 0.824219 0.636719
vt 0.828125 0.636719
vt 0.832031 0.636719
vt 0.835938 0.636719
vt 0.839844 0.636719
vt 0.843750 0.636719
vt 0.847656 0.636719
vt 0.851563 0.636719
vt 0.855469 0.636719
vt 0.859375 0.636719
vt 0.863281 0.636719
vt 0.871094 0.632813
vt 0.867188 0.636719
vt 0.820313 0.640625
vt 0.816406 0.640625
vt 0.824219 0.640625
vt 0.828125 0.640625
vt 0.832031 0.640625
vt 0.835938 0.640625
vt 0.839844 0.640625
vt 0.843750 0.640625
vt 0.847656 0.640625
vt 0.851563 0.640625
vt 0.855469 0.640625
vt 0.859375 0.640625
vt 0.863281 0.640625
vt 0.871094 0.636719
vt 0.867188 0.640625
vt 0.820313 0.644531
vt 0.816406 0.644531
vt 0.824219 0.644531
vt 0.828125 0.644531
vt 0.832031 0.644531
vt 0.835938 0.644531
vt 0.839844 0.644531
vt 0.843750 0.644531
vt 0.847656 0.644531
vt 0.851563 0.644531
vt 0.855469 0.644531
vt 0.859375 0.644531
vt 0.863281 0.644531
vt 0.871094 0.640625
vt 0.867188 0.644531
vt 0.820313 0.648438
vt 0.816406 0.648438
vt 0.824219 0.648438
vt 0.828125 0.648438
vt 0.832031 0.648438
vt 0.835938 0.648438
vt 0.839844 0.648438
vt 0.843750 0.648438
vt 0.847656 0.648438
vt 0.851563 0.648438
vt 0.855469 0.648438
vt 0.859375 0.648438
vt 0.863281 0.648438
vt 0.871094 0.644531
vt 0.867188 0.648438
vt 0.820313 0.652344
vt 0.816406 0.652344
vt 0.824219 0.652344
vt 0.828125 0.652344
vt 0.832031 0.652344
vt 0.835938 0.652344
vt 0.839844 0.652344
vt 0.843750 0.652344
vt 0.847656 0.652344
vt 0.851563 0.652344
vt 0.855469 0.652344
vt 0.859375 0.652344
vt 0.863281 0.652344
vt 0.871094 0.648438
vt 0.867188 0.652344
vt 0.820313 0.656250
vt 0.816406 0.656250
vt 0.824219 0.656250
vt 0.828125 0.656250
vt 0.832031 0.656250
vt 0.835938 0.656250
vt 0.839844 0.656250
vt 0.843750 0.656250
vt 0.847656 0.656250
vt 0.851563 0.656250
vt 0.855469 0.656250
vt 0.859375 0.656250
vt 0.863281 0.656250
vt 0.871094 0.652344
vt 0.867188 0.656250
vt 0.820313 0.660156
vt 0.816406 0.660156
vt 0.824219 0.660156
vt 0.828125 0.660156
vt 0.832031 0.660156
vt 0.835938 0.660156
vt 0.839844 0.660156
vt 0.843750 0.660156
vt 0.847656 0.660156
vt 0.851563 0.660156
vt 0.855469 0.660156
vt 0.859375 0.660156
vt 0.863281 0.660156
vt 0.871094 0.656250
vt 0.867188 0.660156
vt 0.820313 0.664063
vt 0.816406 0.664063
vt 0.824219 0.664063
vt 0.828125 0.664063
vt 0.832031 0.664063
vt 0.835938 0.664063
vt 0.839844 0.664063
vt 0.843750 0.664063
vt 0.847656 0.664063
vt 0.851563 0.664063
vt 0.855469 0.664063
vt 0.859375 0.664063
vt 0.863281 0.664063
vt 0.871094 0.660156
vt 0.867188 0.664063
vt 0.820313 0.667969
vt 0.816406 0.667969
vt 0.824219 0.667969
vt 0.828125 0.667969
vt 0.832031 0.667969
vt 0.835938 0.667969
vt 0.839844 0.667969
vt 0.843750 0.667969
vt 0.847656 0.667969
vt 0.851563 0.667969
vt 0.855469 0.667969
vt 0.859375 0.667969
vt 0.863281 0.667969
vt 0.871094 0.664063
vt 0.867188 0.667969
vt 0.820313 0.671875
vt 0.816406 0.671875
vt 0.824219 0.671875
vt 0.828125 0.671875
vt 0.832031 0.671875
vt 0.835938 0.671875
vt 0.839844 0.671875
vt 0.843750 0.671875
vt 0.847656 0.671875
vt 0.851563 0.671875
vt 0.855469 0.671875
vt 0.859375 0.671875
vt 0.863281 0.671875
vt 0.871094 0.667969
vt 0.867188 0.671875
vt 0.820313 0.675781
vt 0.816406 0.675781
vt 0.824219 0.675781
vt 0.828125 0.675781
vt 0.832031 0.675781
vt 0.835938 0.675781
vt 0.839844 0.675781
vt 0.843750 0.675781
vt 0.847656 0.675781
vt 0.851563 0.675781
vt 0.855469 0.675781
vt 0.859375 0.675781
vt 0.863281 0.675781
vt 0.871094 0.671875
vt 0.867188 0.675781
vt 0.820313 0.679688
vt 0.816406 0.679688
vt 0.824219 0.679688
vt 0.828125 0.679688
vt 0.832031 0.679688
vt 0.835938 0.679688
vt 0.839844 0.679688
vt 0.843750 0.679688
vt 0.847656 0.679688
vt 0.851563 0.679688
vt 0.855469 0.679688
vt 0.859375 0.679688
vt 0.863281 0.679688
vt 0.871094 0.675781
vt 0.867188 0.679688
vt 0.820313 0.683594
vt 0.816406 0.683594
vt 0.824219 0.683594
vt 0.828125 0.683594
vt 0.832031 0.683594
vt 0.835938 0.683594
vt 0.839844 0.683594
vt 0.843750 0.683594
vt 0.847656 0.683594
vt 0.851563 0.683594
vt 0.855469 0.683594
vt 0.859375 0.683594
vt 0.863281 0.683594
vt 0.871094 0.679688
vt 0.867188 0.683594
vt 0.875000 0.628906
vt 0.875000 0.632813
vt 0.875000 0.636719
vt 0.875000 0.640625
vt 0.875000 0.644531
vt 0.875000 0.648438
vt 0.875000 0.652344
vt 0.875000 0.656250
vt 0.875000 0.660156
vt 0.875000 0.664063
vt 0.875000 0.667969
vt 0.875000 0.671875
vt 0.875000 0.675781
vt 0.875000 0.679688
vt 0.871094 0.683594
vt 0.875000 0.683594
vt 0.871094 0.687500
vt 0.867188 0.687500
vt 0.863281 0.687500
vt 0.859375 0.687500
vt 0.855469 0.687500
vt 0.851563 0.687500
vt 0.847656 0.687500
vt 0.843750 0.687500
vt 0.839844 0.687500
vt 0.835938 0.687500
vt 0.832031 0.687500
vt 0.828125 0.687500
vt 0.824219 0.687500
vt 0.820313 0.687500
vt 0.816406 0.687500
vt 0.816406 0.691406
vt 0.820313 0.695313
vt 0.816406 0.695313
vt 0.820313 0.691406
vt 0.824219 0.695313
vt 0.824219 0.691406
vt 0.828125 0.695313
vt 0.828125 0.691406
vt 0.832031 0.695313
vt 0.835938 0.691406
vt 0.832031 0.691406
vt 0.839844 0.691406
vt 0.835938 0.695313
vt 0.843750 0.691406
vt 0.839844 0.695313
vt 0.847656 0.691406
vt 0.843750 0.695313
vt 0.851563 0.691406
vt 0.847656 0.695313
vt 0.855469 0.691406
vt 0.851563 0.695313
vt 0.859375 0.691406
vt 0.855469 0.695313
vt 0.863281 0.691406
vt 0.859375 0.695313
vt 0.867188 0.691406
vt 0.863281 0.695313
vt 0.871094 0.691406
vt 0.867188 0.695313
vt 0.820313 0.699219
vt 0.816406 0.699219
vt 0.824219 0.699219
vt 0.828125 0.699219
vt 0.832031 0.699219
vt 0.835938 0.699219
vt 0.839844 0.699219
vt 0.843750 0.699219
vt 0.847656 0.699219
vt 0.851563 0.699219
vt 0.855469 0.699219
vt 0.859375 0.699219
vt 0.863281 0.699219
vt 0.871094 0.695313
vt 0.867188 0.699219
vt 0.820313 0.703125
vt 0.816406 0.703125
vt 0.824219 0.703125
vt 0.828125 0.703125
vt 0.832031 0.703125
vt 0.835938 0.703125
vt 0.839844 0.703125
vt 0.843750 0.703125
vt 0.847656 0.703125
vt 0.851563 0.703125
vt 0.855469 0.703125
vt 0.859375 0.703125
vt 0.863281 0.703125
vt 0.871094 0.699219
vt 0.867188 0.703125
vt 0.820313 0.707031
vt 0.816406 0.707031
vt 0.824219 0.707031
vt 0.828125 0.707031
vt 0.832031 0.707031
vt 0.835938 0.707031
vt 0.839844 0.707031
vt 0.843750 0.707031
vt 0.847656 0.707031
vt 0.851563 0.707031
vt 0.855469 0.707031
vt 0.859375 0.707031
vt 0.863281 0.707031
vt 0.871094 0.703125
vt 0.867188 0.707031
vt 0.816406 0.710938
vt 0.820313 0.710938
vt 0.824219 0.710938
vt 0.828125 0.710938
vt 0.832031 0.710938
vt 0.835938 0.710938
vt 0.839844 0.710938
vt 0.843750 0.710938
vt 0.847656 0.710938
vt 0.851563 0.710938
vt 0.855469 0.710938
vt 0.859375 0.710938
vt 0.863281 0.710938
vt 0.871094 0.707031
vt 0.867188 0.710938
vt 0.816406 0.714844
vt 0.820313 0.714844
vt 0.824219 0.714844
vt 0.828125 0.714844
vt 0.832031 0.714844
vt 0.835938 0.714844
vt 0.839844 0.714844
vt 0.843750 0.714844
vt 0.847656 0.714844
vt 0.851563 0.714844
vt 0.855469 0.714844
vt 0.859375 0.714844
vt 0.863281 0.714844
vt 0.871094 0.710938
vt 0.867188 0.714844
vt 0.816406 0.718750
vt 0.820313 0.718750
vt 0.824219 0.718750
vt 0.828125 0.718750
vt 0.832031 0.718750
vt 0.835938 0.718750
vt 0.839844 0.718750
vt 0.843750 0.718750
vt 0.847656 0.718750
vt 0.851563 0.718750
vt 0.855469 0.718750
vt 0.859375 0.718750
vt 0.863281 0.718750
vt 0.871094 0.714844
vt 0.867188 0.718750
vt 0.816406 0.722656
vt 0.820313 0.722656
vt 0.824219 0.722656
vt 0.828125 0.722656
vt 0.832031 0.722656
vt 0.835938 0.722656
vt 0.839844 0.722656
vt 0.843750 0.722656
vt 0.847656 0.722656
vt 0.851563 0.722656
vt 0.855469 0.722656
vt 0.859375 0.722656
vt 0.863281 0.722656
vt 0.871094 0.718750
vt 0.867188 0.722656
vt 0.816406 0.726563
vt 0.820313 0.726563
vt 0.824219 0.726563
vt 0.828125 0.726563
vt 0.832031 0.726563
vt 0.835938 0.726563
vt 0.839844 0.726563
vt 0.843750 0.726563
vt 0.847656 0.726563
vt 0.851563 0.726563
vt 0.859375 0.726563
vt 0.855469 0.726563
vt 0.863281 0.726563
vt 0.867188 0.726563
vt 0.871094 0.722656
vt 0.816406 0.730469
vt 0.820313 0.730469
vt 0.824219 0.730469
vt 0.828125 0.730469
vt 0.832031 0.730469
vt 0.835938 0.730469
vt 0.839844 0.730469
vt 0.847656 0.730469
vt 0.843750 0.730469
vt 0.851563 0.730469
vt 0.855469 0.730469
vt 0.859375 0.730469
vt 0.863281 0.730469
vt 0.867188 0.730469
vt 0.871094 0.730469
vt 0.816406 0.734375
vt 0.820313 0.734375
vt 0.824219 0.734375
vt 0.828125 0.734375
vt 0.832031 0.734375
vt 0.835938 0.734375
vt 0.843750 0.734375
vt 0.839844 0.734375
vt 0.847656 0.734375
vt 0.851563 0.734375
vt 0.855469 0.734375
vt 0.859375 0.734375
vt 0.863281 0.734375
vt 0.867188 0.734375
vt 0.871094 0.734375
vt 0.816406 0.738281
vt 0.820313 0.738281
vt 0.824219 0.738281
vt 0.828125 0.738281
vt 0.832031 0.738281
vt 0.839844 0.738281
vt 0.835938 0.738281
vt 0.843750 0.738281
vt 0.847656 0.738281
vt 0.851563 0.738281
vt 0.855469 0.738281
vt 0.859375 0.738281
vt 0.863281 0.738281
vt 0.867188 0.738281
vt 0.816406 0.742188
vt 0.820313 0.742188
vt 0.824219 0.742188
vt 0.828125 0.742188
vt 0.832031 0.742188
vt 0.839844 0.742188
vt 0.835938 0.742188
vt 0.843750 0.742188
vt 0.847656 0.742188
vt 0.851563 0.742188
vt 0.855469 0.742188
vt 0.859375 0.742188
vt 0.863281 0.742188
vt 0.871094 0.738281
vt 0.867188 0.742188
vt 0.820313 0.746094
vt 0.816406 0.746094
vt 0.824219 0.746094
vt 0.832031 0.746094
vt 0.828125 0.746094
vt 0.835938 0.746094
vt 0.839844 0.746094
vt 0.843750 0.746094
vt 0.847656 0.746094
vt 0.851563 0.746094
vt 0.855469 0.746094
vt 0.859375 0.746094
vt 0.863281 0.746094
vt 0.871094 0.742188
vt 0.867188 0.746094
vt 0.812500 0.691406
vt 0.875000 0.687500
vt 0.875000 0.691406
vt 0.875000 0.695313
vt 0.875000 0.699219
vt 0.875000 0.703125
vt 0.875000 0.707031
vt 0.875000 0.710938
vt 0.875000 0.714844
vt 0.875000 0.718750
vt 0.875000 0.722656
vt 0.871094 0.726563
vt 0.875000 0.726563
vt 0.875000 0.730469
vt 0.875000 0.734375
vt 0.875000 0.738281
vt 0.875000 0.742188
vt 0.871094 0.746094
vt 0.875000 0.746094
vt 0.871094 0.750000
vt 0.867188 0.750000
vt 0.863281 0.750000
vt 0.859375 0.750000
vt 0.855469 0.750000
vt 0.851563 0.750000
vt 0.847656 0.750000
vt 0.843750 0.750000
vt 0.839844 0.750000
vt 0.835938 0.750000
vt 0.832031 0.750000
vt 0.828125 0.750000
vt 0.824219 0.750000
vt 0.820313 0.750000
vt 0.816406 0.750000
vt 0.812500 0.746094
vt 0.812500 0.750000
vt 0.812500 0.742188
vt 0.812500 0.738281
vt 0.812500 0.734375
vt 0.812500 0.730469
vt 0.812500 0.726563
vt 0.812500 0.722656
vt 0.812500 0.718750
vt 0.812500 0.714844
vt 0.812500 0.710938
vt 0.812500 0.707031
vt 0.812500 0.703125
vt 0.812500 0.699219
vt 0.812500 0.695313
vt 0.753906 0.691406
vt 0.757813 0.695313
vt 0.753906 0.695313
vt 0.757813 0.691406
vt 0.761719 0.695313
vt 0.765625 0.691406
vt 0.761719 0.691406
vt 0.769531 0.691406
vt 0.765625 0.695313
vt 0.773438 0.691406
vt 0.769531 0.695313
vt 0.777344 0.691406
vt 0.773438 0.695313
vt 0.781250 0.691406
vt 0.777344 0.695313
vt 0.785156 0.695313
vt 0.781250 0.695313
vt 0.785156 0.691406
vt 0.789063 0.695313
vt 0.789063 0.691406
vt 0.792969 0.695313
vt 0.792969 0.691406
vt 0.796875 0.695313
vt 0.796875 0.691406
vt 0.800781 0.695313
vt 0.800781 0.691406
vt 0.804688 0.695313
vt 0.804688 0.691406
vt 0.808594 0.695313
vt 0.757813 0.699219
vt 0.753906 0.699219
vt 0.761719 0.699219
vt 0.765625 0.699219
vt 0.769531 0.699219
vt 0.773438 0.699219
vt 0.777344 0.699219
vt 0.781250 0.699219
vt 0.789063 0.699219
vt 0.785156 0.699219
vt 0.792969 0.699219
vt 0.796875 0.699219
vt 0.800781 0.699219
vt 0.804688 0.699219
vt 0.808594 0.699219
vt 0.757813 0.703125
vt 0.753906 0.703125
vt 0.761719 0.703125
vt 0.765625 0.703125
vt 0.769531 0.703125
vt 0.773438 0.703125
vt 0.777344 0.703125
vt 0.781250 0.703125
vt 0.785156 0.703125
vt 0.789063 0.703125
vt 0.792969 0.703125
vt 0.800781 0.703125
vt 0.796875 0.703125
vt 0.804688 0.703125
vt 0.808594 0.703125
vt 0.753906 0.707031
vt 0.761719 0.707031
vt 0.757813 0.707031
vt 0.765625 0.707031
vt 0.769531 0.707031
vt 0.773438 0.707031
vt 0.777344 0.707031
vt 0.781250 0.707031
vt 0.785156 0.707031
vt 0.789063 0.707031
vt 0.792969 0.707031
vt 0.796875 0.707031
vt 0.800781 0.707031
vt 0.804688 0.707031
vt 0.753906 0.710938
vt 0.757813 0.710938
vt 0.765625 0.710938
vt 0.761719 0.710938
vt 0.769531 0.710938
vt 0.773438 0.710938
vt 0.777344 0.710938
vt 0.781250 0.710938
vt 0.785156 0.710938
vt 0.789063 0.710938
vt 0.792969 0.710938
vt 0.796875 0.710938
vt 0.800781 0.710938
vt 0.808594 0.707031
vt 0.804688 0.710938
vt 0.753906 0.714844
vt 0.757813 0.714844
vt 0.765625 0.714844
vt 0.761719 0.714844
vt 0.769531 0.714844
vt 0.773438 0.714844
vt 0.777344 0.714844
vt 0.781250 0.714844
vt 0.785156 0.714844
vt 0.789063 0.714844
vt 0.792969 0.714844
vt 0.796875 0.714844
vt 0.800781 0.714844
vt 0.808594 0.710938
vt 0.804688 0.714844
vt 0.753906 0.718750
vt 0.757813 0.718750
vt 0.761719 0.718750
vt 0.765625 0.718750
vt 0.769531 0.718750
vt 0.773438 0.718750
vt 0.777344 0.718750
vt 0.781250 0.718750
vt 0.785156 0.718750
vt 0.789063 0.718750
vt 0.792969 0.718750
vt 0.796875 0.718750
vt 0.800781 0.718750
vt 0.808594 0.714844
vt 0.804688 0.718750
vt 0.753906 0.722656
vt 0.757813 0.722656
vt 0.761719 0.722656
vt 0.765625 0.722656
vt 0.769531 0.722656
vt 0.773438 0.722656
vt 0.777344 0.722656
vt 0.781250 0.722656
vt 0.785156 0.722656
vt 0.789063 0.722656
vt 0.792969 0.722656
vt 0.796875 0.722656
vt 0.800781 0.722656
vt 0.808594 0.718750
vt 0.804688 0.722656
vt 0.753906 0.726563
vt 0.757813 0.726563
vt 0.761719 0.726563
vt 0.765625 0.726563
vt 0.769531 0.726563
vt 0.773438 0.726563
vt 0.777344 0.726563
vt 0.781250 0.726563
vt 0.785156 0.726563
vt 0.789063 0.726563
vt 0.792969 0.726563
vt 0.796875 0.726563
vt 0.800781 0.726563
vt 0.808594 0.722656
vt 0.804688 0.726563
vt 0.753906 0.730469
vt 0.757813 0.730469
vt 0.761719 0.730469
vt 0.765625 0.730469
vt 0.769531 0.730469
vt 0.773438 0.730469
vt 0.777344 0.730469
vt 0.781250 0.730469
vt 0.785156 0.730469
vt 0.789063 0.730469
vt 0.792969 0.730469
vt 0.796875 0.730469
vt 0.800781 0.730469
vt 0.808594 0.726563
vt 0.804688 0.730469
vt 0.753906 0.734375
vt 0.757813 0.734375
vt 0.761719 0.734375
vt 0.765625 0.734375
vt 0.769531 0.734375
vt 0.773438 0.734375
vt 0.777344 0.734375
vt 0.781250 0.734375
vt 0.785156 0.734375
vt 0.789063 0.734375
vt 0.792969 0.734375
vt 0.796875 0.734375
vt 0.800781 0.734375
vt 0.808594 0.730469
vt 0.804688 0.734375
vt 0.753906 0.738281
vt 0.757813 0.738281
vt 0.761719 0.738281
vt 0.765625 0.738281
vt 0.769531 0.738281
vt 0.773438 0.738281
vt 0.777344 0.738281
vt 0.781250 0.738281
vt 0.785156 0.738281
vt 0.789063 0.738281
vt 0.792969 0.738281
vt 0.796875 0.738281
vt 0.800781 0.738281
vt 0.808594 0.734375
vt 0.804688 0.738281
vt 0.757813 0.742188
vt 0.753906 0.742188
vt 0.761719 0.742188
vt 0.765625 0.742188
vt 0.769531 0.742188
vt 0.773438 0.742188
vt 0.777344 0.742188
vt 0.781250 0.742188
vt 0.785156 0.742188
vt 0.789063 0.742188
vt 0.792969 0.742188
vt 0.796875 0.742188
vt 0.800781 0.742188
vt 0.808594 0.738281
vt 0.804688 0.742188
vt 0.757813 0.746094
vt 0.753906 0.746094
vt 0.761719 0.746094
vt 0.765625 0.746094
vt 0.769531 0.746094
vt 0.773438 0.746094
vt 0.777344 0.746094
vt 0.781250 0.746094
vt 0.785156 0.746094
vt 0.789063 0.746094
vt 0.792969 0.746094
vt 0.796875 0.746094
vt 0.800781 0.746094
vt 0.804688 0.746094
vt 0.808594 0.746094
vt 0.750000 0.691406
vt 0.808594 0.691406
vt 0.808594 0.742188
vt 0.808594 0.750000
vt 0.804688 0.750000
vt 0.800781 0.750000
vt 0.796875 0.750000
vt 0.792969 0.750000
vt 0.789063 0.750000
vt 0.785156 0.750000
vt 0.781250 0.750000
vt 0.777344 0.750000
vt 0.773438 0.750000
vt 0.769531 0.750000
vt 0.765625 0.750000
vt 0.761719 0.750000
vt 0.757813 0.750000
vt 0.753906 0.750000
vt 0.750000 0.746094
vt 0.750000 0.750000
vt 0.750000 0.742188
vt 0.750000 0.738281
vt 0.750000 0.734375
vt 0.750000 0.730469
vt 0.750000 0.726563
vt 0.750000 0.722656
vt 0.750000 0.718750
vt 0.750000 0.714844
vt 0.750000 0.710938
vt 0.750000 0.707031
vt 0.750000 0.703125
vt 0.750000 0.699219
vt 0.750000 0.695313
vt 0.691406 0.691406
vt 0.695313 0.695313
vt 0.691406 0.695312
vt 0.695313 0.691406
vt 0.699219 0.695313
vt 0.699219 0.691406
vt 0.703125 0.695312
vt 0.703125 0.691406
vt 0.707031 0.695313
vt 0.707031 0.691406
vt 0.710938 0.695313
vt 0.714844 0.691406
vt 0.710938 0.691406
vt 0.718750 0.691406
vt 0.714844 0.695313
vt 0.722656 0.691406
vt 0.718750 0.695313
vt 0.726563 0.691406
vt 0.722656 0.695313
vt 0.730469 0.691406
vt 0.726563 0.695313
vt 0.734375 0.691406
vt 0.730469 0.695313
vt 0.738281 0.691406
vt 0.734375 0.695313
vt 0.742188 0.695313
vt 0.738281 0.695313
vt 0.742188 0.691406
vt 0.746094 0.695313
vt 0.695313 0.699219
vt 0.691406 0.699219
vt 0.699219 0.699219
vt 0.703125 0.699219
vt 0.707031 0.699219
vt 0.710938 0.699219
vt 0.714844 0.699219
vt 0.718750 0.699219
vt 0.722656 0.699219
vt 0.726563 0.699219
vt 0.730469 0.699219
vt 0.734375 0.699219
vt 0.738281 0.699219
vt 0.746094 0.699219
vt 0.742188 0.699219
vt 0.695312 0.703125
vt 0.691406 0.703125
vt 0.699219 0.703125
vt 0.703125 0.703125
vt 0.707031 0.703125
vt 0.710938 0.703125
vt 0.714844 0.703125
vt 0.718750 0.703125
vt 0.722656 0.703125
vt 0.726563 0.703125
vt 0.730469 0.703125
vt 0.734375 0.703125
vt 0.738281 0.703125
vt 0.742188 0.703125
vt 0.695313 0.707031
vt 0.691406 0.707031
vt 0.699219 0.707031
vt 0.703125 0.707031
vt 0.707031 0.707031
vt 0.710938 0.707031
vt 0.714844 0.707031
vt 0.718750 0.707031
vt 0.722656 0.707031
vt 0.726563 0.707031
vt 0.730469 0.707031
vt 0.734375 0.707031
vt 0.738281 0.707031
vt 0.746094 0.703125
vt 0.742188 0.707031
vt 0.695313 0.710938
vt 0.691406 0.710938
vt 0.699219 0.710938
vt 0.703125 0.710938
vt 0.707031 0.710938
vt 0.710938 0.710938
vt 0.714844 0.710938
vt 0.718750 0.710938
vt 0.722656 0.710938
vt 0.726563 0.710938
vt 0.730469 0.710938
vt 0.734375 0.710938
vt 0.738281 0.710938
vt 0.746094 0.707031
vt 0.742188 0.710938
vt 0.691406 0.714844
vt 0.699219 0.714844
vt 0.695313 0.714844
vt 0.703125 0.714844
vt 0.707031 0.714844
vt 0.710938 0.714844
vt 0.714844 0.714844
vt 0.718750 0.714844
vt 0.722656 0.714844
vt 0.726563 0.714844
vt 0.730469 0.714844
vt 0.734375 0.714844
vt 0.738281 0.714844
vt 0.746094 0.710938
vt 0.742188 0.714844
vt 0.695313 0.718750
vt 0.691406 0.718750
vt 0.699219 0.718750
vt 0.703125 0.718750
vt 0.707031 0.718750
vt 0.710938 0.718750
vt 0.714844 0.718750
vt 0.718750 0.718750
vt 0.722656 0.718750
vt 0.726563 0.718750
vt 0.730469 0.718750
vt 0.734375 0.718750
vt 0.738281 0.718750
vt 0.746094 0.714844
vt 0.742188 0.718750
vt 0.691406 0.722656
vt 0.695313 0.722656
vt 0.699219 0.722656
vt 0.703125 0.722656
vt 0.707031 0.722656
vt 0.714844 0.722656
vt 0.710938 0.722656
vt 0.718750 0.722656
vt 0.722656 0.722656
vt 0.726563 0.722656
vt 0.730469 0.722656
vt 0.734375 0.722656
vt 0.738281 0.722656
vt 0.746094 0.718750
vt 0.742188 0.722656
vt 0.691406 0.726563
vt 0.695313 0.726563
vt 0.699219 0.726563
vt 0.703125 0.726563
vt 0.707031 0.726563
vt 0.710938 0.726563
vt 0.718750 0.726563
vt 0.714844 0.726563
vt 0.722656 0.726563
vt 0.726563 0.726563
vt 0.730469 0.726563
vt 0.734375 0.726563
vt 0.738281 0.726563
vt 0.742188 0.726563
vt 0.746094 0.722656
vt 0.691406 0.730469
vt 0.695313 0.730469
vt 0.699219 0.730469
vt 0.703125 0.730469
vt 0.707031 0.730469
vt 0.710938 0.730469
vt 0.714844 0.730469
vt 0.722656 0.730469
vt 0.718750 0.730469
vt 0.726563 0.730469
vt 0.730469 0.730469
vt 0.734375 0.730469
vt 0.738281 0.730469
vt 0.742188 0.730469
vt 0.746094 0.730469
vt 0.691406 0.734375
vt 0.695313 0.734375
vt 0.699219 0.734375
vt 0.703125 0.734375
vt 0.707031 0.734375
vt 0.710938 0.734375
vt 0.714844 0.734375
vt 0.718750 0.734375
vt 0.726563 0.734375
vt 0.722656 0.734375
vt 0.730469 0.734375
vt 0.734375 0.734375
vt 0.738281 0.734375
vt 0.742188 0.734375
vt 0.746094 0.734375
vt 0.691406 0.738281
vt 0.695313 0.738281
vt 0.699219 0.738281
vt 0.703125 0.738281
vt 0.707031 0.738281
vt 0.710938 0.738281
vt 0.714844 0.738281
vt 0.718750 0.738281
vt 0.722656 0.738281
vt 0.730469 0.738281
vt 0.726563 0.738281
vt 0.734375 0.738281
vt 0.738281 0.738281
vt 0.742188 0.738281
vt 0.746094 0.738281
vt 0.691406 0.742188
vt 0.695313 0.742188
vt 0.699219 0.742188
vt 0.703125 0.742188
vt 0.707031 0.742188
vt 0.710938 0.742188
vt 0.714844 0.742188
vt 0.718750 0.742188
vt 0.722656 0.742188
vt 0.730469 0.742188
vt 0.726563 0.742188
vt 0.734375 0.742188
vt 0.738281 0.742188
vt 0.742188 0.742188
vt 0.746094 0.742188
vt 0.691406 0.746094
vt 0.695313 0.746094
vt 0.699219 0.746094
vt 0.703125 0.746094
vt 0.710938 0.746094
vt 0.707031 0.746094
vt 0.714844 0.746094
vt 0.718750 0.746094
vt 0.722656 0.746094
vt 0.726563 0.746094
vt 0.734375 0.746094
vt 0.730469 0.746094
vt 0.738281 0.746094
vt 0.742188 0.746094
vt 0.746094 0.746094
vt 0.687500 0.691406
vt 0.746094 0.691406
vt 0.746094 0.726563
vt 0.746094 0.750000
vt 0.742188 0.750000
vt 0.738281 0.750000
vt 0.734375 0.750000
vt 0.730469 0.750000
vt 0.726563 0.750000
vt 0.722656 0.750000
vt 0.718750 0.750000
vt 0.714844 0.750000
vt 0.710938 0.750000
vt 0.707031 0.750000
vt 0.703125 0.750000
vt 0.699219 0.750000
vt 0.695313 0.750000
vt 0.691406 0.750000
vt 0.687500 0.750000
vt 0.687500 0.746094
vt 0.687500 0.742188
vt 0.687500 0.738281
vt 0.687500 0.734375
vt 0.687500 0.730469
vt 0.687500 0.726563
vt 0.687500 0.722656
vt 0.687500 0.718750
vt 0.687500 0.714844
vt 0.687500 0.710938
vt 0.687500 0.707031
vt 0.687500 0.703125
vt 0.687500 0.699219
vt 0.687500 0.695313
vt 0.628906 0.691406
vt 0.632813 0.695313
vt 0.628906 0.695312
vt 0.636719 0.691406
vt 0.632813 0.691406
vt 0.640625 0.691406
vt 0.636719 0.695313
vt 0.644531 0.691406
vt 0.640625 0.695312
vt 0.648438 0.695313
vt 0.644531 0.695313
vt 0.648438 0.691406
vt 0.652344 0.695313
vt 0.652344 0.691406
vt 0.656250 0.695313
vt 0.656250 0.691406
vt 0.660156 0.695313
vt 0.664062 0.691406
vt 0.660156 0.691406
vt 0.667969 0.691406
vt 0.664063 0.695313
vt 0.671875 0.691406
vt 0.667969 0.695313
vt 0.675781 0.695313
vt 0.671875 0.695313
vt 0.675781 0.691406
vt 0.679688 0.695313
vt 0.679688 0.691406
vt 0.683594 0.695313
vt 0.632812 0.699219
vt 0.628906 0.699219
vt 0.636719 0.699219
vt 0.640625 0.699219
vt 0.644531 0.699219
vt 0.648438 0.699219
vt 0.652344 0.699219
vt 0.656250 0.699219
vt 0.660156 0.699219
vt 0.664063 0.699219
vt 0.667969 0.699219
vt 0.675781 0.699219
vt 0.671875 0.699219
vt 0.679688 0.699219
vt 0.683594 0.699219
vt 0.632812 0.703125
vt 0.628906 0.703125
vt 0.636719 0.703125
vt 0.640625 0.703125
vt 0.644531 0.703125
vt 0.648438 0.703125
vt 0.652344 0.703125
vt 0.656250 0.703125
vt 0.660156 0.703125
vt 0.664063 0.703125
vt 0.667969 0.703125
vt 0.675781 0.703125
vt 0.671875 0.703125
vt 0.679688 0.703125
vt 0.683594 0.703125
vt 0.628906 0.707031
vt 0.632813 0.707031
vt 0.640625 0.707031
vt 0.636719 0.707031
vt 0.644531 0.707031
vt 0.648438 0.707031
vt 0.652344 0.707031
vt 0.656250 0.707031
vt 0.660156 0.707031
vt 0.664063 0.707031
vt 0.667969 0.707031
vt 0.671875 0.707031
vt 0.679688 0.707031
vt 0.675781 0.707031
vt 0.683594 0.707031
vt 0.628906 0.710938
vt 0.632813 0.710938
vt 0.636719 0.710938
vt 0.644531 0.710938
vt 0.640625 0.710938
vt 0.648438 0.710938
vt 0.652344 0.710938
vt 0.656250 0.710938
vt 0.660156 0.710938
vt 0.664063 0.710938
vt 0.667969 0.710938
vt 0.671875 0.710938
vt 0.675781 0.710938
vt 0.679688 0.710938
vt 0.628906 0.714844
vt 0.632813 0.714844
vt 0.636719 0.714844
vt 0.640625 0.714844
vt 0.648438 0.714844
vt 0.644531 0.714844
vt 0.652344 0.714844
vt 0.656250 0.714844
vt 0.660156 0.714844
vt 0.664063 0.714844
vt 0.667969 0.714844
vt 0.671875 0.714844
vt 0.675781 0.714844
vt 0.683594 0.710938
vt 0.679688 0.714844
vt 0.628906 0.718750
vt 0.632813 0.718750
vt 0.636719 0.718750
vt 0.640625 0.718750
vt 0.644531 0.718750
vt 0.648438 0.718750
vt 0.652344 0.718750
vt 0.660156 0.718750
vt 0.656250 0.718750
vt 0.664063 0.718750
vt 0.667969 0.718750
vt 0.671875 0.718750
vt 0.675781 0.718750
vt 0.683594 0.714844
vt 0.679688 0.718750
vt 0.628906 0.722656
vt 0.632813 0.722656
vt 0.636719 0.722656
vt 0.640625 0.722656
vt 0.644531 0.722656
vt 0.648438 0.722656
vt 0.656250 0.722656
vt 0.652344 0.722656
vt 0.660156 0.722656
vt 0.664063 0.722656
vt 0.667969 0.722656
vt 0.671875 0.722656
vt 0.675781 0.722656
vt 0.683594 0.718750
vt 0.679688 0.722656
vt 0.628906 0.726563
vt 0.632813 0.726563
vt 0.636719 0.726563
vt 0.640625 0.726563
vt 0.644531 0.726563
vt 0.648438 0.726563
vt 0.656250 0.726563
vt 0.652344 0.726563
vt 0.660156 0.726563
vt 0.664063 0.726563
vt 0.667969 0.726563
vt 0.671875 0.726563
vt 0.675781 0.726563
vt 0.683594 0.722656
vt 0.679688 0.726563
vt 0.628906 0.730469
vt 0.632813 0.730469
vt 0.636719 0.730469
vt 0.640625 0.730469
vt 0.644531 0.730469
vt 0.648438 0.730469
vt 0.652344 0.730469
vt 0.660156 0.730469
vt 0.656250 0.730469
vt 0.664063 0.730469
vt 0.667969 0.730469
vt 0.671875 0.730469
vt 0.675781 0.730469
vt 0.683594 0.726563
vt 0.679688 0.730469
vt 0.628906 0.734375
vt 0.632813 0.734375
vt 0.636719 0.734375
vt 0.640625 0.734375
vt 0.644531 0.734375
vt 0.648438 0.734375
vt 0.652344 0.734375
vt 0.656250 0.734375
vt 0.660156 0.734375
vt 0.667969 0.734375
vt 0.664063 0.734375
vt 0.671875 0.734375
vt 0.675781 0.734375
vt 0.683594 0.730469
vt 0.679688 0.734375
vt 0.628906 0.738281
vt 0.632813 0.738281
vt 0.636719 0.738281
vt 0.640625 0.738281
vt 0.644531 0.738281
vt 0.648438 0.738281
vt 0.652344 0.738281
vt 0.656250 0.738281
vt 0.660156 0.738281
vt 0.664063 0.738281
vt 0.667969 0.738281
vt 0.671875 0.738281
vt 0.675781 0.738281
vt 0.683594 0.734375
vt 0.679688 0.738281
vt 0.628906 0.742188
vt 0.632813 0.742188
vt 0.636719 0.742188
vt 0.640625 0.742188
vt 0.644531 0.742188
vt 0.648438 0.742188
vt 0.652344 0.742188
vt 0.656250 0.742188
vt 0.660156 0.742188
vt 0.664063 0.742188
vt 0.667969 0.742188
vt 0.671875 0.742188
vt 0.675781 0.742188
vt 0.683594 0.738281
vt 0.679688 0.742188
vt 0.628906 0.746094
vt 0.632813 0.746094
vt 0.636719 0.746094
vt 0.640625 0.746094
vt 0.644531 0.746094
vt 0.648438 0.746094
vt 0.652344 0.746094
vt 0.656250 0.746094
vt 0.660156 0.746094
vt 0.664062 0.746094
vt 0.667969 0.746094
vt 0.671875 0.746094
vt 0.675781 0.746094
vt 0.683594 0.742188
vt 0.679688 0.746094
vt 0.625000 0.687500
vt 0.625000 0.691406
vt 0.628906 0.687500
vt 0.636719 0.687500
vt 0.632813 0.687500
vt 0.640625 0.687500
vt 0.644531 0.687500
vt 0.648438 0.687500
vt 0.652344 0.687500
vt 0.656250 0.687500
vt 0.660156 0.687500
vt 0.667969 0.687500
vt 0.664063 0.687500
vt 0.671875 0.687500
vt 0.675781 0.687500
vt 0.679688 0.687500
vt 0.683594 0.691406
vt 0.683594 0.687500
vt 0.683594 0.746094
vt 0.683594 0.750000
vt 0.679688 0.750000
vt 0.675781 0.750000
vt 0.671875 0.750000
vt 0.667969 0.750000
vt 0.664063 0.750000
vt 0.660156 0.750000
vt 0.656250 0.750000
vt 0.652344 0.750000
vt 0.648438 0.750000
vt 0.644531 0.750000
vt 0.640625 0.750000
vt 0.636719 0.750000
vt 0.632813 0.750000
vt 0.628906 0.750000
vt 0.625000 0.746094
vt 0.625000 0.750000
vt 0.625000 0.742188
vt 0.625000 0.738281
vt 0.625000 0.734375
vt 0.625000 0.730469
vt 0.625000 0.726563
vt 0.625000 0.722656
vt 0.625000 0.718750
vt 0.625000 0.714844
vt 0.625000 0.710938
vt 0.625000 0.707031
vt 0.625000 0.703125
vt 0.625000 0.699219
vt 0.625000 0.695313
vt 0.628906 0.628906
vt 0.632813 0.632813
vt 0.628906 0.632813
vt 0.632813 0.628906
vt 0.636719 0.632813
vt 0.636719 0.628906
vt 0.640625 0.632813
vt 0.640625 0.628906
vt 0.644531 0.632813
vt 0.644531 0.628906
vt 0.648438 0.632813
vt 0.648438 0.628906
vt 0.652344 0.632813
vt 0.652344 0.628906
vt 0.656250 0.632813
vt 0.656250 0.628906
vt 0.660156 0.632813
vt 0.660156 0.628906
vt 0.664063 0.632813
vt 0.664063 0.628906
vt 0.667969 0.632813
vt 0.667969 0.628906
vt 0.671875 0.632813
vt 0.671875 0.628906
vt 0.675781 0.632813
vt 0.675781 0.628906
vt 0.679688 0.632813
vt 0.679688 0.628906
vt 0.683594 0.632813
vt 0.632813 0.636719
vt 0.628906 0.636719
vt 0.636719 0.636719
vt 0.640625 0.636719
vt 0.644531 0.636719
vt 0.648438 0.636719
vt 0.652344 0.636719
vt 0.656250 0.636719
vt 0.660156 0.636719
vt 0.664063 0.636719
vt 0.667969 0.636719
vt 0.671875 0.636719
vt 0.675781 0.636719
vt 0.679688 0.636719
vt 0.632813 0.640625
vt 0.628906 0.640625
vt 0.636719 0.640625
vt 0.640625 0.640625
vt 0.644531 0.640625
vt 0.648438 0.640625
vt 0.652344 0.640625
vt 0.656250 0.640625
vt 0.660156 0.640625
vt 0.664063 0.640625
vt 0.667969 0.640625
vt 0.671875 0.640625
vt 0.675781 0.640625
vt 0.683594 0.636719
vt 0.679688 0.640625
vt 0.632813 0.644531
vt 0.628906 0.644531
vt 0.636719 0.644531
vt 0.640625 0.644531
vt 0.644531 0.644531
vt 0.648438 0.644531
vt 0.652344 0.644531
vt 0.656250 0.644531
vt 0.660156 0.644531
vt 0.664063 0.644531
vt 0.667969 0.644531
vt 0.671875 0.644531
vt 0.675781 0.644531
vt 0.683594 0.640625
vt 0.679688 0.644531
vt 0.632813 0.648438
vt 0.628906 0.648438
vt 0.636719 0.648438
vt 0.640625 0.648438
vt 0.644531 0.648438
vt 0.648438 0.648438
vt 0.652344 0.648438
vt 0.656250 0.648438
vt 0.660156 0.648438
vt 0.664063 0.648438
vt 0.667969 0.648438
vt 0.671875 0.648438
vt 0.675781 0.648438
vt 0.683594 0.644531
vt 0.679688 0.648438
vt 0.632813 0.652344
vt 0.628906 0.652344
vt 0.636719 0.652344
vt 0.640625 0.652344
vt 0.644531 0.652344
vt 0.648438 0.652344
vt 0.652344 0.652344
vt 0.656250 0.652344
vt 0.660156 0.652344
vt 0.664063 0.652344
vt 0.667969 0.652344
vt 0.671875 0.652344
vt 0.675781 0.652344
vt 0.683594 0.648438
vt 0.679688 0.652344
vt 0.632813 0.656250
vt 0.628906 0.656250
vt 0.636719 0.656250
vt 0.640625 0.656250
vt 0.644531 0.656250
vt 0.648438 0.656250
vt 0.652344 0.656250
vt 0.656250 0.656250
vt 0.660156 0.656250
vt 0.664063 0.656250
vt 0.667969 0.656250
vt 0.671875 0.656250
vt 0.675781 0.656250
vt 0.683594 0.652344
vt 0.679688 0.656250
vt 0.632813 0.660156
vt 0.628906 0.660156
vt 0.636719 0.660156
vt 0.640625 0.660156
vt 0.644531 0.660156
vt 0.648438 0.660156
vt 0.652344 0.660156
vt 0.656250 0.660156
vt 0.660156 0.660156
vt 0.667969 0.660156
vt 0.664063 0.660156
vt 0.671875 0.660156
vt 0.675781 0.660156
vt 0.683594 0.656250
vt 0.679688 0.660156
vt 0.632813 0.664063
vt 0.628906 0.664063
vt 0.636719 0.664063
vt 0.640625 0.664063
vt 0.644531 0.664063
vt 0.648438 0.664063
vt 0.652344 0.664063
vt 0.656250 0.664063
vt 0.660156 0.664063
vt 0.667969 0.664063
vt 0.664063 0.664063
vt 0.671875 0.664063
vt 0.675781 0.664063
vt 0.679688 0.664063
vt 0.683594 0.664063
vt 0.632813 0.667969
vt 0.628906 0.667969
vt 0.636719 0.667969
vt 0.640625 0.667969
vt 0.644531 0.667969
vt 0.648438 0.667969
vt 0.652344 0.667969
vt 0.656250 0.667969
vt 0.660156 0.667969
vt 0.667969 0.667969
vt 0.664063 0.667969
vt 0.671875 0.667969
vt 0.675781 0.667969
vt 0.679688 0.667969
vt 0.683594 0.667969
vt 0.632812 0.671875
vt 0.628906 0.671875
vt 0.636719 0.671875
vt 0.640625 0.671875
vt 0.644531 0.671875
vt 0.648438 0.671875
vt 0.652344 0.671875
vt 0.656250 0.671875
vt 0.660156 0.671875
vt 0.667969 0.671875
vt 0.664063 0.671875
vt 0.671875 0.671875
vt 0.675781 0.671875
vt 0.679688 0.671875
vt 0.683594 0.671875
vt 0.632813 0.675781
vt 0.628906 0.675781
vt 0.636719 0.675781
vt 0.640625 0.675781
vt 0.644531 0.675781
vt 0.648438 0.675781
vt 0.652344 0.675781
vt 0.656250 0.675781
vt 0.664063 0.675781
vt 0.660156 0.675781
vt 0.667969 0.675781
vt 0.671875 0.675781
vt 0.675781 0.675781
vt 0.679688 0.675781
vt 0.683594 0.675781
vt 0.632813 0.679688
vt 0.628906 0.679688
vt 0.636719 0.679688
vt 0.640625 0.679688
vt 0.644531 0.679688
vt 0.648438 0.679688
vt 0.652344 0.679688
vt 0.656250 0.679688
vt 0.664063 0.679688
vt 0.660156 0.679688
vt 0.667969 0.679688
vt 0.671875 0.679688
vt 0.675781 0.679688
vt 0.679688 0.679688
vt 0.683594 0.679688
vt 0.632812 0.683594
vt 0.628906 0.683594
vt 0.636719 0.683594
vt 0.640625 0.683594
vt 0.644531 0.683594
vt 0.648438 0.683594
vt 0.652344 0.683594
vt 0.656250 0.683594
vt 0.664062 0.683594
vt 0.660156 0.683594
vt 0.667969 0.683594
vt 0.671875 0.683594
vt 0.675781 0.683594
vt 0.679688 0.683594
vt 0.683594 0.683594
vt 0.625000 0.625000
vt 0.625000 0.628906
vt 0.628906 0.625000
vt 0.632813 0.625000
vt 0.636719 0.625000
vt 0.640625 0.625000
vt 0.644531 0.625000
vt 0.648438 0.625000
vt 0.652344 0.625000
vt 0.656250 0.625000
vt 0.660156 0.625000
vt 0.664063 0.625000
vt 0.671875 0.625000
vt 0.667969 0.625000
vt 0.675781 0.625000
vt 0.679688 0.625000
vt 0.683594 0.625000
vt 0.683594 0.628906
vt 0.683594 0.660156
vt 0.625000 0.683594
vt 0.625000 0.679688
vt 0.625000 0.675781
vt 0.625000 0.671875
vt 0.625000 0.667969
vt 0.625000 0.664063
vt 0.625000 0.660156
vt 0.625000 0.656250
vt 0.625000 0.652344
vt 0.625000 0.648438
vt 0.625000 0.644531
vt 0.625000 0.640625
vt 0.625000 0.636719
vt 0.625000 0.632813
vt 0.628906 0.566406
vt 0.632813 0.570313
vt 0.628906 0.570313
vt 0.632813 0.566406
vt 0.636719 0.570313
vt 0.636719 0.566406
vt 0.640625 0.570313
vt 0.640625 0.566406
vt 0.644531 0.570313
vt 0.644531 0.566406
vt 0.648438 0.570313
vt 0.648438 0.566406
vt 0.652344 0.570313
vt 0.652344 0.566406
vt 0.656250 0.570313
vt 0.656250 0.566406
vt 0.660156 0.570313
vt 0.660156 0.566406
vt 0.664063 0.570313
vt 0.664063 0.566406
vt 0.667969 0.570313
vt 0.667969 0.566406
vt 0.671875 0.570313
vt 0.671875 0.566406
vt 0.675781 0.570313
vt 0.675781 0.566406
vt 0.679688 0.570313
vt 0.679688 0.566406
vt 0.683594 0.570313
vt 0.632813 0.574219
vt 0.628906 0.574219
vt 0.636719 0.574219
vt 0.640625 0.574219
vt 0.644531 0.574219
vt 0.648438 0.574219
vt 0.652344 0.574219
vt 0.656250 0.574219
vt 0.660156 0.574219
vt 0.664063 0.574219
vt 0.667969 0.574219
vt 0.671875 0.574219
vt 0.675781 0.574219
vt 0.679688 0.574219
vt 0.683594 0.574219
vt 0.632813 0.578125
vt 0.628906 0.578125
vt 0.636719 0.578125
vt 0.640625 0.578125
vt 0.644531 0.578125
vt 0.648438 0.578125
vt 0.652344 0.578125
vt 0.656250 0.578125
vt 0.660156 0.578125
vt 0.664063 0.578125
vt 0.667969 0.578125
vt 0.671875 0.578125
vt 0.675781 0.578125
vt 0.679688 0.578125
vt 0.683594 0.578125
vt 0.632813 0.582031
vt 0.628906 0.582031
vt 0.636719 0.582031
vt 0.640625 0.582031
vt 0.644531 0.582031
vt 0.648438 0.582031
vt 0.652344 0.582031
vt 0.656250 0.582031
vt 0.660156 0.582031
vt 0.664063 0.582031
vt 0.667969 0.582031
vt 0.671875 0.582031
vt 0.675781 0.582031
vt 0.679688 0.582031
vt 0.683594 0.582031
vt 0.632813 0.585938
vt 0.628906 0.585938
vt 0.636719 0.585938
vt 0.640625 0.585938
vt 0.644531 0.585938
vt 0.648438 0.585938
vt 0.652344 0.585938
vt 0.656250 0.585938
vt 0.660156 0.585938
vt 0.664063 0.585938
vt 0.667969 0.585938
vt 0.671875 0.585938
vt 0.675781 0.585938
vt 0.679688 0.585938
vt 0.683594 0.585938
vt 0.632813 0.589844
vt 0.628906 0.589844
vt 0.636719 0.589844
vt 0.640625 0.589844
vt 0.644531 0.589844
vt 0.648438 0.589844
vt 0.652344 0.589844
vt 0.656250 0.589844
vt 0.660156 0.589844
vt 0.664063 0.589844
vt 0.667969 0.589844
vt 0.671875 0.589844
vt 0.675781 0.589844
vt 0.679688 0.589844
vt 0.683594 0.589844
vt 0.632813 0.593750
vt 0.628906 0.593750
vt 0.636719 0.593750
vt 0.640625 0.593750
vt 0.644531 0.593750
vt 0.648438 0.593750
vt 0.652344 0.593750
vt 0.656250 0.593750
vt 0.660156 0.593750
vt 0.664063 0.593750
vt 0.667969 0.593750
vt 0.671875 0.593750
vt 0.675781 0.593750
vt 0.679688 0.593750
vt 0.632813 0.597656
vt 0.628906 0.597656
vt 0.636719 0.597656
vt 0.640625 0.597656
vt 0.644531 0.597656
vt 0.648438 0.597656
vt 0.652344 0.597656
vt 0.656250 0.597656
vt 0.660156 0.597656
vt 0.664063 0.597656
vt 0.667969 0.597656
vt 0.671875 0.597656
vt 0.675781 0.597656
vt 0.679688 0.597656
vt 0.683594 0.593750
vt 0.632813 0.601563
vt 0.628906 0.601563
vt 0.636719 0.601563
vt 0.640625 0.601563
vt 0.644531 0.601563
vt 0.648438 0.601563
vt 0.652344 0.601563
vt 0.656250 0.601563
vt 0.660156 0.601563
vt 0.664063 0.601563
vt 0.667969 0.601563
vt 0.675781 0.601563
vt 0.671875 0.601563
vt 0.683594 0.597656
vt 0.679688 0.601563
vt 0.632813 0.605469
vt 0.628906 0.605469
vt 0.636719 0.605469
vt 0.640625 0.605469
vt 0.644531 0.605469
vt 0.648438 0.605469
vt 0.652344 0.605469
vt 0.656250 0.605469
vt 0.660156 0.605469
vt 0.664063 0.605469
vt 0.667969 0.605469
vt 0.671875 0.605469
vt 0.675781 0.605469
vt 0.683594 0.605469
vt 0.679688 0.605469
vt 0.632813 0.609375
vt 0.628906 0.609375
vt 0.636719 0.609375
vt 0.640625 0.609375
vt 0.644531 0.609375
vt 0.648438 0.609375
vt 0.652344 0.609375
vt 0.656250 0.609375
vt 0.660156 0.609375
vt 0.664063 0.609375
vt 0.667969 0.609375
vt 0.671875 0.609375
vt 0.675781 0.609375
vt 0.679688 0.609375
vt 0.632813 0.613281
vt 0.628906 0.613281
vt 0.636719 0.613281
vt 0.644531 0.613281
vt 0.640625 0.613281
vt 0.648438 0.613281
vt 0.652344 0.613281
vt 0.656250 0.613281
vt 0.660156 0.613281
vt 0.664063 0.613281
vt 0.667969 0.613281
vt 0.675781 0.613281
vt 0.671875 0.613281
vt 0.679688 0.613281
vt 0.683594 0.613281
vt 0.632813 0.617188
vt 0.628906 0.617188
vt 0.636719 0.617188
vt 0.640625 0.617188
vt 0.648438 0.617188
vt 0.644531 0.617188
vt 0.652344 0.617188
vt 0.656250 0.617188
vt 0.660156 0.617188
vt 0.664063 0.617188
vt 0.667969 0.617188
vt 0.671875 0.617188
vt 0.675781 0.617188
vt 0.683594 0.617188
vt 0.679688 0.617188
vt 0.632813 0.621094
vt 0.628906 0.621094
vt 0.636719 0.621094
vt 0.640625 0.621094
vt 0.644531 0.621094
vt 0.648438 0.621094
vt 0.652344 0.621094
vt 0.656250 0.621094
vt 0.660156 0.621094
vt 0.664062 0.621094
vt 0.667969 0.621094
vt 0.671875 0.621094
vt 0.675781 0.621094
vt 0.683594 0.621094
vt 0.679688 0.621094
vt 0.625000 0.566406
vt 0.683594 0.566406
vt 0.683594 0.601563
vt 0.683594 0.609375
vt 0.625000 0.621094
vt 0.625000 0.617188
vt 0.625000 0.613281
vt 0.625000 0.609375
vt 0.625000 0.605469
vt 0.625000 0.601563
vt 0.625000 0.597656
vt 0.625000 0.593750
vt 0.625000 0.589844
vt 0.625000 0.585938
vt 0.625000 0.582031
vt 0.625000 0.578125
vt 0.625000 0.574219
vt 0.625000 0.570313
vt 0.875000 0.500000
vt 0.875000 0.574219
vt 0.875000 0.750000
s 0
f 627/1/1 641/2/1 626/3/1
f 628/4/2 642/5/2 627/1/2
f 629/6/3 643/7/3 628/4/3
f 630/8/4 644/9/4 629/6/4
f 631/10/5 645/11/5 630/8/5
f 632/12/6 646/13/6 631/10/6
f 633/14/7 647/15/7 632/12/7
f 634/16/8 648/17/8 633/14/8
f 635/18/9 649/19/9 634/16/9
f 636/20/10 650/21/10 635/18/10
f 637/22/11 651/23/11 636/20/11
f 638/24/12 652/25/12 637/22/12
f 639/26/13 653/27/13 638/24/13
f 640/28/14 654/29/14 639/26/14
f 642/5/15 656/30/15 641/2/15
f 643/7/16 657/31/16 642/5/16
f 644/9/17 658/32/17 643/7/17
f 645/11/18 659/33/18 644/9/18
f 646/13/19 660/34/19 645/11/19
f 647/15/20 661/35/20 646/13/20
f 648/17/21 662/36/21 647/15/21
f 649/19/22 663/37/22 648/17/22
f 650/21/23 664/38/23 649/19/23
f 651/23/24 665/39/24 650/21/24
f 652/25/25 666/40/25 651/23/25
f 653/27/26 667/41/26 652/25/26
f 654/29/27 668/42/27 653/27/27
f 655/43/28 669/44/28 654/29/28
f 657/31/29 671/45/29 656/30/29
f 658/32/30 672/46/30 657/31/30
f 659/33/31 673/47/31 658/32/31
f 660/34/32 674/48/32 659/33/32
f 661/35/33 675/49/33 660/34/33
f 662/36/34 676/50/34 661/35/34
f 663/37/35 677/51/35 662/36/35
f 664/38/36 678/52/36 663/37/36
f 665/39/37 679/53/37 664/38/37
f 666/40/38 680/54/38 665/39/38
f 667/41/39 681/55/39 666/40/39
f 668/42/40 682/56/40 667/41/40
f 669/44/41 683/57/41 668/42/41
f 670/58/42 684/59/42 669/44/42
f 672/46/43 686/60/43 671/45/43
f 673/47/44 687/61/44 672/46/44
f 674/48/45 688/62/45 673/47/45
f 675/49/46 689/63/46 674/48/46
f 676/50/47 690/64/47 675/49/47
f 677/51/48 691/65/48 676/50/48
f 678/52/49 692/66/49 677/51/49
f 679/53/50 693/67/50 678/52/50
f 680/54/51 694/68/51 679/53/51
f 681/55/52 695/69/52 680/54/52
f 682/56/53 696/70/53 681/55/53
f 683/57/54 697/71/54 682/56/54
f 684/59/55 698/72/55 683/57/55
f 685/73/56 699/74/56 684/59/56
f 687/61/57 701/75/57 686/60/57
f 688/62/58 702/76/58 687/61/58
f 689/63/59 703/77/59 688/62/59
f 690/64/60 704/78/60 689/63/60
f 691/65/61 705/79/61 690/64/61
f 692/66/62 706/80/62 691/65/62
f 693/67/63 707/81/63 692/66/63
f 694/68/64 708/82/64 693/67/64
f 694/68/65 710/83/65 709/84/65
f 695/69/66 711/85/66 710/83/66
f 696/70/67 712/86/67 711/85/67
f 698/72/68 712/86/68 697/71/68
f 699/74/69 713/87/69 698/72/69
f 700/88/70 714/89/70 699/74/70
f 702/76/71 716/90/71 701/75/71
f 703/77/72 717/91/72 702/76/72
f 704/78/73 718/92/73 703/77/73
f 705/79/74 719/93/74 704/78/74
f 706/80/75 720/94/75 705/79/75
f 707/81/76 721/95/76 706/80/76
f 708/82/77 722/96/77 707/81/77
f 709/84/78 723/97/78 708/82/78
f 710/83/79 724/98/79 709/84/79
f 710/83/80 726/99/80 725/100/80
f 711/85/81 727/101/81 726/99/81
f 712/86/82 728/102/82 727/101/82
f 713/87/83 729/103/83 728/102/83
f 715/104/84 729/103/84 714/89/84
f 717/91/85 731/105/85 716/90/85
f 718/92/86 732/106/86 717/91/86
f 719/93/87 733/107/87 718/92/87
f 720/94/88 734/108/88 719/93/88
f 721/95/89 735/109/89 720/94/89
f 722/96/90 736/110/90 721/95/90
f 723/97/91 737/111/91 722/96/91
f 724/98/92 738/112/92 723/97/92
f 725/100/93 739/113/93 724/98/93
f 726/99/94 740/114/94 725/100/94
f 726/99/95 742/115/95 741/116/95
f 727/101/96 743/117/96 742/115/96
f 728/102/97 744/118/97 743/117/97
f 730/119/98 744/118/98 729/103/98
f 732/106/99 746/120/99 731/105/99
f 733/107/100 747/121/100 732/106/100
f 734/108/101 748/122/101 733/107/101
f 734/108/102 750/123/102 749/124/102
f 736/110/103 750/123/103 735/109/103
f 737/111/104 751/125/104 736/110/104
f 738/112/105 752/126/105 737/111/105
f 739/113/106 753/127/106 738/112/106
f 740/114/107 754/128/107 739/113/107
f 741/116/108 755/129/108 740/114/108
f 742/115/109 756/130/109 741/116/109
f 743/117/110 757/131/110 742/115/110
f 744/118/111 758/132/111 743/117/111
f 745/133/112 759/134/112 744/118/112
f 747/121/113 761/135/113 746/120/113
f 748/122/114 762/136/114 747/121/114
f 749/124/115 763/137/115 748/122/115
f 750/123/116 764/138/116 749/124/116
f 751/125/117 765/139/117 750/123/117
f 751/125/118 767/140/118 766/141/118
f 752/126/119 768/142/119 767/140/119
f 754/128/120 768/142/120 753/127/120
f 755/129/121 769/143/121 754/128/121
f 756/130/122 770/144/122 755/129/122
f 757/131/123 771/145/123 756/130/123
f 758/132/124 772/146/124 757/131/124
f 759/134/125 773/147/125 758/132/125
f 760/148/126 774/149/126 759/134/126
f 762/136/127 776/150/127 761/135/127
f 763/137/128 777/151/128 762/136/128
f 764/138/129 778/152/129 763/137/129
f 765/139/130 779/153/130 764/138/130
f 766/141/131 780/154/131 765/139/131
f 766/141/132 782/155/132 781/156/132
f 767/140/133 783/157/133 782/155/133
f 768/142/134 784/158/134 783/157/134
f 769/143/135 785/159/135 784/158/135
f 771/145/136 785/159/136 770/144/136
f 772/146/137 786/160/137 771/145/137
f 773/147/138 787/161/138 772/146/138
f 774/149/139 788/162/139 773/147/139
f 775/163/140 789/164/140 774/149/140
f 776/150/141 792/165/141 791/166/141
f 778/152/142 792/165/142 777/151/142
f 779/153/143 793/167/143 778/152/143
f 780/154/144 794/168/144 779/153/144
f 781/156/145 795/169/145 780/154/145
f 782/155/146 796/170/146 781/156/146
f 782/155/147 798/171/147 797/172/147
f 783/157/148 799/173/148 798/171/148
f 784/158/149 800/174/149 799/173/149
f 785/159/150 801/175/150 800/174/150
f 787/161/151 801/175/151 786/160/151
f 788/162/152 802/176/152 787/161/152
f 789/164/153 803/177/153 788/162/153
f 790/178/154 804/179/154 789/164/154
f 791/166/155 807/180/155 806/181/155
f 793/167/156 807/180/156 792/165/156
f 794/168/157 808/182/157 793/167/157
f 795/169/158 809/183/158 794/168/158
f 796/170/159 810/184/159 795/169/159
f 797/172/160 811/185/160 796/170/160
f 798/171/161 812/186/161 797/172/161
f 798/171/162 814/187/162 813/188/162
f 799/173/163 815/189/163 814/187/163
f 800/174/164 816/190/164 815/189/164
f 801/175/165 817/191/165 816/190/165
f 802/176/166 818/192/166 817/191/166
f 804/179/167 818/192/167 803/177/167
f 805/193/168 819/194/168 804/179/168
f 806/181/169 822/195/169 821/196/169
f 807/180/170 823/197/170 822/195/170
f 809/183/171 823/197/171 808/182/171
f 810/184/172 824/198/172 809/183/172
f 811/185/173 825/199/173 810/184/173
f 812/186/174 826/200/174 811/185/174
f 813/188/175 827/201/175 812/186/175
f 814/187/176 828/202/176 813/188/176
f 814/187/177 830/203/177 829/204/177
f 815/189/178 831/205/178 830/203/178
f 816/190/179 832/206/179 831/205/179
f 817/191/180 833/207/180 832/206/180
f 818/192/181 834/208/181 833/207/181
f 820/209/182 834/208/182 819/194/182
f 821/196/183 837/210/183 836/211/183
f 822/195/184 838/212/184 837/210/184
f 823/197/185 839/213/185 838/212/185
f 825/199/186 839/213/186 824/198/186
f 826/200/187 840/214/187 825/199/187
f 827/201/188 841/215/188 826/200/188
f 828/202/189 842/216/189 827/201/189
f 829/204/190 843/217/190 828/202/190
f 830/203/191 844/218/191 829/204/191
f 830/203/192 846/219/192 845/220/192
f 831/205/193 847/221/193 846/219/193
f 832/206/194 848/222/194 847/221/194
f 833/207/195 849/223/195 848/222/195
f 835/224/196 849/223/196 834/208/196
f 266/225/197 296/226/197 17/227/197
f 267/228/198 626/3/198 266/225/198
f 268/229/199 627/1/199 267/228/199
f 269/230/200 628/4/200 268/229/200
f 270/231/201 629/6/201 269/230/201
f 271/232/202 630/8/202 270/231/202
f 272/233/203 631/10/203 271/232/203
f 273/234/204 632/12/204 272/233/204
f 274/235/205 633/14/205 273/234/205
f 275/236/206 634/16/206 274/235/206
f 276/237/207 635/18/207 275/236/207
f 277/238/208 636/20/208 276/237/208
f 278/239/209 637/22/209 277/238/209
f 279/240/210 638/24/210 278/239/210
f 280/241/211 639/26/211 279/240/211
f 18/242/212 640/28/212 280/241/212
f 311/243/213 655/43/213 640/28/213
f 312/244/214 670/58/214 655/43/214
f 313/245/215 685/73/215 670/58/215
f 314/246/216 700/88/216 685/73/216
f 315/247/217 715/104/217 700/88/217
f 316/248/218 730/119/218 715/104/218
f 317/249/219 745/133/219 730/119/219
f 318/250/220 760/148/220 745/133/220
f 319/251/221 775/163/221 760/148/221
f 320/252/222 790/178/222 775/163/222
f 321/253/223 805/193/223 790/178/223
f 322/254/224 820/209/224 805/193/224
f 323/255/225 835/224/225 820/209/225
f 324/256/226 850/257/226 835/224/226
f 325/258/227 355/259/227 850/257/227
f 849/223/228 355/259/228 354/260/228
f 848/222/229 354/260/229 353/261/229
f 847/221/230 353/261/230 352/262/230
f 846/219/231 352/262/231 351/263/231
f 846/219/232 350/264/232 845/220/232
f 845/220/233 349/265/233 844/218/233
f 844/218/234 348/266/234 843/217/234
f 843/217/235 347/267/235 842/216/235
f 842/216/236 346/268/236 841/215/236
f 841/215/237 345/269/237 840/214/237
f 839/213/238 345/269/238 344/270/238
f 838/212/239 344/270/239 343/271/239
f 837/210/240 343/271/240 342/272/240
f 836/211/241 342/272/241 341/273/241
f 836/211/242 20/274/242 310/275/242
f 309/276/243 836/211/243 310/275/243
f 308/277/244 821/196/244 309/276/244
f 307/278/245 806/181/245 308/277/245
f 776/150/246 307/278/246 306/279/246
f 761/135/247 306/279/247 305/280/247
f 746/120/248 305/280/248 304/281/248
f 731/105/249 304/281/249 303/282/249
f 716/90/250 303/282/250 302/283/250
f 701/75/251 302/283/251 301/284/251
f 686/60/252 301/284/252 300/285/252
f 671/45/253 300/285/253 299/286/253
f 656/30/254 299/286/254 298/287/254
f 297/288/255 656/30/255 298/287/255
f 626/3/256 297/288/256 296/226/256
f 852/289/257 866/290/257 851/291/257
f 852/289/258 868/292/258 867/293/258
f 853/294/259 869/295/259 868/292/259
f 854/296/260 870/297/260 869/295/260
f 855/298/261 871/299/261 870/297/261
f 856/300/262 872/301/262 871/299/262
f 857/302/263 873/303/263 872/301/263
f 858/304/264 874/305/264 873/303/264
f 859/306/265 875/307/265 874/305/265
f 860/308/266 876/309/266 875/307/266
f 861/310/267 877/311/267 876/309/267
f 863/312/268 877/311/268 862/313/268
f 864/314/269 878/315/269 863/312/269
f 865/316/270 879/317/270 864/314/270
f 867/293/271 881/318/271 866/290/271
f 868/292/272 882/319/272 867/293/272
f 868/292/273 884/320/273 883/321/273
f 869/295/274 885/322/274 884/320/274
f 870/297/275 886/323/275 885/322/275
f 871/299/276 887/324/276 886/323/276
f 872/301/277 888/325/277 887/324/277
f 873/303/278 889/326/278 888/325/278
f 874/305/279 890/327/279 889/326/279
f 875/307/280 891/328/280 890/327/280
f 876/309/281 892/329/281 891/328/281
f 878/315/282 892/329/282 877/311/282
f 879/317/283 893/330/283 878/315/283
f 879/317/284 895/331/284 894/332/284
f 882/319/285 896/333/285 881/318/285
f 883/321/286 897/334/286 882/319/286
f 884/320/287 898/335/287 883/321/287
f 884/320/288 900/336/288 899/337/288
f 885/322/289 901/338/289 900/336/289
f 886/323/290 902/339/290 901/338/290
f 887/324/291 903/340/291 902/339/291
f 888/325/292 904/341/292 903/340/292
f 889/326/293 905/342/293 904/341/293
f 890/327/294 906/343/294 905/342/294
f 891/328/295 907/344/295 906/343/295
f 893/330/296 907/344/296 892/329/296
f 894/332/297 908/345/297 893/330/297
f 894/332/298 910/346/298 909/347/298
f 897/334/299 911/348/299 896/333/299
f 898/335/300 912/349/300 897/334/300
f 899/337/301 913/350/301 898/335/301
f 900/336/302 914/351/302 899/337/302
f 901/338/303 915/352/303 900/336/303
f 902/339/304 916/353/304 901/338/304
f 903/340/305 917/354/305 902/339/305
f 904/341/306 918/355/306 903/340/306
f 905/342/307 919/356/307 904/341/307
f 906/343/308 920/357/308 905/342/308
f 907/344/309 921/358/309 906/343/309
f 907/344/310 923/359/310 922/360/310
f 908/345/311 924/361/311 923/359/311
f 909/347/312 925/362/312 924/361/312
f 912/349/313 926/363/313 911/348/313
f 913/350/314 927/364/314 912/349/314
f 914/351/315 928/365/315 913/350/315
f 915/352/316 929/366/316 914/351/316
f 916/353/317 930/367/317 915/352/317
f 917/354/318 931/368/318 916/353/318
f 918/355/319 932/369/319 917/354/319
f 919/356/320 933/370/320 918/355/320
f 920/357/321 934/371/321 919/356/321
f 921/358/322 935/372/322 920/357/322
f 922/360/323 936/373/323 921/358/323
f 922/360/324 938/374/324 937/375/324
f 923/359/325 939/376/325 938/374/325
f 924/361/326 940/377/326 939/376/326
f 927/364/327 941/378/327 926/363/327
f 928/365/328 942/379/328 927/364/328
f 929/366/329 943/380/329 928/365/329
f 930/367/330 944/381/330 929/366/330
f 931/368/331 945/382/331 930/367/331
f 932/369/332 946/383/332 931/368/332
f 933/370/333 947/384/333 932/369/333
f 934/371/334 948/385/334 933/370/334
f 935/372/335 949/386/335 934/371/335
f 936/373/336 950/387/336 935/372/336
f 937/375/337 951/388/337 936/373/337
f 938/374/338 952/389/338 937/375/338
f 938/374/339 954/390/339 953/391/339
f 939/376/340 955/392/340 954/390/340
f 942/379/341 956/393/341 941/378/341
f 943/380/342 957/394/342 942/379/342
f 944/381/343 958/395/343 943/380/343
f 944/381/344 960/396/344 959/397/344
f 945/382/345 961/398/345 960/396/345
f 946/383/346 962/399/346 961/398/346
f 947/384/347 963/400/347 962/399/347
f 949/386/348 963/400/348 948/385/348
f 950/387/349 964/401/349 949/386/349
f 951/388/350 965/402/350 950/387/350
f 952/389/351 966/403/351 951/388/351
f 953/391/352 967/404/352 952/389/352
f 953/391/353 969/405/353 968/406/353
f 954/390/354 970/407/354 969/405/354
f 957/394/355 971/408/355 956/393/355
f 958/395/356 972/409/356 957/394/356
f 959/397/357 973/410/357 958/395/357
f 960/396/358 974/411/358 959/397/358
f 961/398/359 975/412/359 960/396/359
f 962/399/360 976/413/360 961/398/360
f 962/399/361 978/414/361 977/415/361
f 963/400/362 979/416/362 978/414/362
f 964/401/363 980/417/363 979/416/363
f 966/403/364 980/417/364 965/402/364
f 967/404/365 981/418/365 966/403/365
f 967/404/366 983/419/366 982/420/366
f 968/406/367 984/421/367 983/419/367
f 969/405/368 985/422/368 984/421/368
f 972/409/369 986/423/369 971/408/369
f 973/410/370 987/424/370 972/409/370
f 974/411/371 988/425/371 973/410/371
f 975/412/372 989/426/372 974/411/372
f 976/413/373 990/427/373 975/412/373
f 977/415/374 991/428/374 976/413/374
f 978/414/375 992/429/375 977/415/375
f 978/414/376 994/430/376 993/431/376
f 979/416/377 995/432/377 994/430/377
f 980/417/378 996/433/378 995/432/378
f 981/418/379 997/434/379 996/433/379
f 982/420/380 998/435/380 997/434/380
f 983/419/381 999/436/381 998/435/381
f 984/421/382 1000/437/382 999/436/382
f 987/424/383 1001/438/383 986/423/383
f 988/425/384 1002/439/384 987/424/384
f 989/426/385 1003/440/385 988/425/385
f 990/427/386 1004/441/386 989/426/386
f 991/428/387 1005/442/387 990/427/387
f 992/429/388 1006/443/388 991/428/388
f 993/431/389 1007/444/389 992/429/389
f 993/431/390 1009/445/390 1008/446/390
f 994/430/391 1010/447/391 1009/445/391
f 995/432/392 1011/448/392 1010/447/392
f 996/433/393 1012/449/393 1011/448/393
f 997/434/394 1013/450/394 1012/449/394
f 998/435/395 1014/451/395 1013/450/395
f 999/436/396 1015/452/396 1014/451/396
f 1002/439/397 1016/453/397 1001/438/397
f 1003/440/398 1017/454/398 1002/439/398
f 1004/441/399 1018/455/399 1003/440/399
f 1005/442/400 1019/456/400 1004/441/400
f 1006/443/401 1020/457/401 1005/442/401
f 1007/444/402 1021/458/402 1006/443/402
f 1008/446/403 1022/459/403 1007/444/403
f 1008/446/404 1024/460/404 1023/461/404
f 1009/445/405 1025/462/405 1024/460/405
f 1010/447/406 1026/463/406 1025/462/406
f 1011/448/407 1027/464/407 1026/463/407
f 1012/449/408 1028/465/408 1027/464/408
f 1013/450/409 1029/466/409 1028/465/409
f 1014/451/410 1030/467/410 1029/466/410
f 1017/454/411 1031/468/411 1016/453/411
f 1018/455/412 1032/469/412 1017/454/412
f 1019/456/413 1033/470/413 1018/455/413
f 1020/457/414 1034/471/414 1019/456/414
f 1021/458/415 1035/472/415 1020/457/415
f 1022/459/416 1036/473/416 1021/458/416
f 1023/461/417 1037/474/417 1022/459/417
f 1023/461/418 1039/475/418 1038/476/418
f 1024/460/419 1040/477/419 1039/475/419
f 1025/462/420 1041/478/420 1040/477/420
f 1026/463/421 1042/479/421 1041/478/421
f 1027/464/422 1043/480/422 1042/479/422
f 1028/465/423 1044/481/423 1043/480/423
f 1029/466/424 1045/482/424 1044/481/424
f 1032/469/425 1046/483/425 1031/468/425
f 1033/470/426 1047/484/426 1032/469/426
f 1034/471/427 1048/485/427 1033/470/427
f 1035/472/428 1049/486/428 1034/471/428
f 1036/473/429 1050/487/429 1035/472/429
f 1037/474/430 1051/488/430 1036/473/430
f 1038/476/431 1052/489/431 1037/474/431
f 1039/475/432 1053/490/432 1038/476/432
f 1039/475/433 1055/491/433 1054/492/433
f 1040/477/434 1056/493/434 1055/491/434
f 1041/478/435 1057/494/435 1056/493/435
f 1042/479/436 1058/495/436 1057/494/436
f 1043/480/437 1059/496/437 1058/495/437
f 1044/481/438 1060/497/438 1059/496/438
f 1047/484/439 1061/498/439 1046/483/439
f 1048/485/440 1062/499/440 1047/484/440
f 1049/486/441 1063/500/441 1048/485/441
f 1050/487/442 1064/501/442 1049/486/442
f 1050/487/443 1066/502/443 1065/503/443
f 1051/488/444 1067/504/444 1066/502/444
f 1053/490/445 1067/504/445 1052/489/445
f 1054/492/446 1068/505/446 1053/490/446
f 1054/492/447 1070/506/447 1069/507/447
f 1055/491/448 1071/508/448 1070/506/448
f 1056/493/449 1072/509/449 1071/508/449
f 1057/494/450 1073/510/450 1072/509/450
f 1058/495/451 1074/511/451 1073/510/451
f 1059/496/452 1075/512/452 1074/511/452
f 281/513/453 311/243/453 18/242/453
f 282/514/454 851/291/454 281/513/454
f 283/515/455 852/289/455 282/514/455
f 283/515/456 854/296/456 853/294/456
f 284/516/457 855/298/457 854/296/457
f 285/517/458 856/300/458 855/298/458
f 286/518/459 857/302/459 856/300/459
f 287/519/460 858/304/460 857/302/460
f 288/520/461 859/306/461 858/304/461
f 289/521/462 860/308/462 859/306/462
f 290/522/463 861/310/463 860/308/463
f 291/523/464 862/313/464 861/310/464
f 293/524/465 862/313/465 292/525/465
f 294/526/466 863/312/466 293/524/466
f 295/527/467 864/314/467 294/526/467
f 295/527/468 326/528/468 865/316/468
f 326/528/469 880/529/469 865/316/469
f 880/529/470 328/530/470 895/331/470
f 895/331/471 329/531/471 910/346/471
f 910/346/472 330/532/472 925/362/472
f 925/362/473 331/533/473 940/377/473
f 940/377/474 332/534/474 955/392/474
f 955/392/475 333/535/475 970/407/475
f 970/407/476 334/536/476 985/422/476
f 985/422/477 335/537/477 1000/437/477
f 1000/437/478 336/538/478 1015/452/478
f 1015/452/479 337/539/479 1030/467/479
f 1030/467/480 338/540/480 1045/482/480
f 1045/482/481 339/541/481 1060/497/481
f 1060/497/482 340/542/482 1075/512/482
f 1075/512/483 22/543/483 370/544/483
f 1074/511/484 370/544/484 369/545/484
f 1073/510/485 369/545/485 368/546/485
f 1072/509/486 368/546/486 367/547/486
f 1071/508/487 367/547/487 366/548/487
f 1070/506/488 366/548/488 365/549/488
f 1069/507/489 365/549/489 364/550/489
f 1069/507/490 363/551/490 1068/505/490
f 1068/505/491 362/552/491 1067/504/491
f 1066/502/492 362/552/492 361/553/492
f 1065/503/493 361/553/493 360/554/493
f 1065/503/494 359/555/494 1064/501/494
f 1064/501/495 358/556/495 1063/500/495
f 1063/500/496 357/557/496 1062/499/496
f 1062/499/497 356/558/497 1061/498/497
f 1061/498/498 21/559/498 325/258/498
f 1046/483/499 325/258/499 324/256/499
f 1031/468/500 324/256/500 323/255/500
f 1016/453/501 323/255/501 322/254/501
f 1001/438/502 322/254/502 321/253/502
f 986/423/503 321/253/503 320/252/503
f 971/408/504 320/252/504 319/251/504
f 956/393/505 319/251/505 318/250/505
f 941/378/506 318/250/506 317/249/506
f 926/363/507 317/249/507 316/248/507
f 911/348/508 316/248/508 315/247/508
f 896/333/509 315/247/509 314/246/509
f 881/318/510 314/246/510 313/245/510
f 866/290/511 313/245/511 312/244/511
f 851/291/512 312/244/512 311/243/512
f 1076/560/513 1092/561/513 1091/562/513
f 1077/563/514 1093/564/514 1092/561/514
f 1078/565/515 1094/566/515 1093/564/515
f 1079/567/516 1095/568/516 1094/566/516
f 1080/569/517 1096/570/517 1095/568/517
f 1081/571/518 1097/572/518 1096/570/518
f 1083/573/519 1097/572/519 1082/574/519
f 1084/575/520 1098/576/520 1083/573/520
f 1085/577/521 1099/578/521 1084/575/521
f 1086/579/522 1100/580/522 1085/577/522
f 1087/581/523 1101/582/523 1086/579/523
f 1087/581/524 1103/583/524 1102/584/524
f 1088/585/525 1104/586/525 1103/583/525
f 1089/587/526 1105/588/526 1104/586/526
f 1091/562/527 1107/589/527 1106/590/527
f 1092/561/528 1108/591/528 1107/589/528
f 1093/564/529 1109/592/529 1108/591/529
f 1094/566/530 1110/593/530 1109/592/530
f 1095/568/531 1111/594/531 1110/593/531
f 1096/570/532 1112/595/532 1111/594/532
f 1097/572/533 1113/596/533 1112/595/533
f 1099/578/534 1113/596/534 1098/576/534
f 1100/580/535 1114/597/535 1099/578/535
f 1101/582/536 1115/598/536 1100/580/536
f 1102/584/537 1116/599/537 1101/582/537
f 1103/583/538 1117/600/538 1102/584/538
f 1103/583/539 1119/601/539 1118/602/539
f 1104/586/540 1120/603/540 1119/601/540
f 1107/589/541 1121/604/541 1106/590/541
f 1107/589/542 1123/605/542 1122/606/542
f 1108/591/543 1124/607/543 1123/605/543
f 1110/593/544 1124/607/544 1109/592/544
f 1110/593/545 1126/608/545 1125/609/545
f 1111/594/546 1127/610/546 1126/608/546
f 1112/595/547 1128/611/547 1127/610/547
f 1113/596/548 1129/612/548 1128/611/548
f 1115/598/549 1129/612/549 1114/597/549
f 1116/599/550 1130/613/550 1115/598/550
f 1117/600/551 1131/614/551 1116/599/551
f 1118/602/552 1132/615/552 1117/600/552
f 1118/602/553 1134/616/553 1133/617/553
f 1119/601/554 1135/618/554 1134/616/554
f 1122/606/555 1136/619/555 1121/604/555
f 1123/605/556 1137/620/556 1122/606/556
f 1123/605/557 1139/621/557 1138/622/557
f 1125/609/558 1139/621/558 1124/607/558
f 1126/608/559 1140/623/559 1125/609/559
f 1126/608/560 1142/624/560 1141/625/560
f 1127/610/561 1143/626/561 1142/624/561
f 1128/611/562 1144/627/562 1143/626/562
f 1129/612/563 1145/628/563 1144/627/563
f 1131/614/564 1145/628/564 1130/613/564
f 1132/615/565 1146/629/565 1131/614/565
f 1133/617/566 1147/630/566 1132/615/566
f 1134/616/567 1148/631/567 1133/617/567
f 1134/616/568 1150/632/568 1149/633/568
f 1137/620/569 1151/634/569 1136/619/569
f 1138/622/570 1152/635/570 1137/620/570
f 1138/622/571 1154/636/571 1153/637/571
f 1140/623/572 1154/636/572 1139/621/572
f 1141/625/573 1155/638/573 1140/623/573
f 1141/625/574 1157/639/574 1156/640/574
f 1142/624/575 1158/641/575 1157/639/575
f 1143/626/576 1159/642/576 1158/641/576
f 1144/627/577 1160/643/577 1159/642/577
f 1146/629/578 1160/643/578 1145/628/578
f 1147/630/579 1161/644/579 1146/629/579
f 1148/631/580 1162/645/580 1147/630/580
f 1149/633/581 1163/646/581 1148/631/581
f 1150/632/582 1164/647/582 1149/633/582
f 1152/635/583 1166/648/583 1151/634/583
f 1153/637/584 1167/649/584 1152/635/584
f 1153/637/585 1169/650/585 1168/651/585
f 1154/636/586 1170/652/586 1169/650/586
f 1155/638/587 1171/653/587 1170/652/587
f 1156/640/588 1172/654/588 1171/653/588
f 1157/639/589 1173/655/589 1172/654/589
f 1158/641/590 1174/656/590 1173/655/590
f 1159/642/591 1175/657/591 1174/656/591
f 1160/643/592 1176/658/592 1175/657/592
f 1162/645/593 1176/658/593 1161/644/593
f 1163/646/594 1177/659/594 1162/645/594
f 1164/647/595 1178/660/595 1163/646/595
f 1165/661/596 1179/662/596 1164/647/596
f 1167/649/597 1181/663/597 1166/648/597
f 1168/651/598 1182/664/598 1167/649/598
f 1168/651/599 1184/665/599 1183/666/599
f 1169/650/600 1185/667/600 1184/665/600
f 1170/652/601 1186/668/601 1185/667/601
f 1172/654/602 1186/668/602 1171/653/602
f 1173/655/603 1187/669/603 1172/654/603
f 1173/655/604 1189/670/604 1188/671/604
f 1174/656/605 1190/672/605 1189/670/605
f 1175/657/606 1191/673/606 1190/672/606
f 1176/658/607 1192/674/607 1191/673/607
f 1178/660/608 1192/674/608 1177/659/608
f 1179/662/609 1193/675/609 1178/660/609
f 1180/676/610 1194/677/610 1179/662/610
f 1182/664/611 1196/678/611 1181/663/611
f 1182/664/612 1198/679/612 1197/680/612
f 1183/666/613 1199/681/613 1198/679/613
f 1184/665/614 1200/682/614 1199/681/614
f 1185/667/615 1201/683/615 1200/682/615
f 1186/668/616 1202/684/616 1201/683/616
f 1187/669/617 1203/685/617 1202/684/617
f 1188/671/618 1204/686/618 1203/685/618
f 1189/670/619 1205/687/619 1204/686/619
f 1190/672/620 1206/688/620 1205/687/620
f 1191/673/621 1207/689/621 1206/688/621
f 1192/674/622 1208/690/622 1207/689/622
f 1194/677/623 1208/690/623 1193/675/623
f 1195/691/624 1209/692/624 1194/677/624
f 1196/678/625 1212/693/625 1211/694/625
f 1197/680/626 1213/695/626 1212/693/626
f 1199/681/627 1213/695/627 1198/679/627
f 1200/682/628 1214/696/628 1199/681/628
f 1200/682/629 1216/697/629 1215/698/629
f 1201/683/630 1217/699/630 1216/697/630
f 1202/684/631 1218/700/631 1217/699/631
f 1203/685/632 1219/701/632 1218/700/632
f 1204/686/633 1220/702/633 1219/701/633
f 1205/687/634 1221/703/634 1220/702/634
f 1206/688/635 1222/704/635 1221/703/635
f 1207/689/636 1223/705/636 1222/704/636
f 1209/692/637 1223/705/637 1208/690/637
f 1210/706/638 1224/707/638 1209/692/638
f 1211/694/639 1227/708/639 1226/709/639
f 1212/693/640 1228/710/640 1227/708/640
f 1214/696/641 1228/710/641 1213/695/641
f 1215/698/642 1229/711/642 1214/696/642
f 1215/698/643 1231/712/643 1230/713/643
f 1216/697/644 1232/714/644 1231/712/644
f 1217/699/645 1233/715/645 1232/714/645
f 1218/700/646 1234/716/646 1233/715/646
f 1219/701/647 1235/717/647 1234/716/647
f 1220/702/648 1236/718/648 1235/717/648
f 1221/703/649 1237/719/649 1236/718/649
f 1222/704/650 1238/720/650 1237/719/650
f 1223/705/651 1239/721/651 1238/720/651
f 1225/722/652 1239/721/652 1224/707/652
f 1226/709/653 1242/723/653 1241/724/653
f 1227/708/654 1243/725/654 1242/723/654
f 1229/711/655 1243/725/655 1228/710/655
f 1230/713/656 1244/726/656 1229/711/656
f 1231/712/657 1245/727/657 1230/713/657
f 1231/712/658 1247/728/658 1246/729/658
f 1232/714/659 1248/730/659 1247/728/659
f 1233/715/660 1249/731/660 1248/730/660
f 1234/716/661 1250/732/661 1249/731/661
f 1236/718/662 1250/732/662 1235/717/662
f 1236/718/663 1252/733/663 1251/734/663
f 1237/719/664 1253/735/664 1252/733/664
f 1238/720/665 1254/736/665 1253/735/665
f 1239/721/666 1255/737/666 1254/736/666
f 1241/724/667 1257/738/667 1256/739/667
f 1242/723/668 1258/740/668 1257/738/668
f 1243/725/669 1259/741/669 1258/740/669
f 1244/726/670 1260/742/670 1259/741/670
f 1246/729/671 1260/742/671 1245/727/671
f 1246/729/672 1262/743/672 1261/744/672
f 1247/728/673 1263/745/673 1262/743/673
f 1249/731/674 1263/745/674 1248/730/674
f 1250/732/675 1264/746/675 1249/731/675
f 1251/734/676 1265/747/676 1250/732/676
f 1252/733/677 1266/748/677 1251/734/677
f 1252/733/678 1268/749/678 1267/750/678
f 1253/735/679 1269/751/679 1268/749/679
f 1254/736/680 1270/752/680 1269/751/680
f 1256/739/681 1272/753/681 1271/754/681
f 1257/738/682 1273/755/682 1272/753/682
f 1258/740/683 1274/756/683 1273/755/683
f 1259/741/684 1275/757/684 1274/756/684
f 1260/742/685 1276/758/685 1275/757/685
f 1262/743/686 1276/758/686 1261/744/686
f 1263/745/687 1277/759/687 1262/743/687
f 1264/746/688 1278/760/688 1263/745/688
f 1265/747/689 1279/761/689 1264/746/689
f 1266/748/690 1280/762/690 1265/747/690
f 1267/750/691 1281/763/691 1266/748/691
f 1267/750/692 1283/764/692 1282/765/692
f 1268/749/693 1284/766/693 1283/764/693
f 1269/751/694 1285/767/694 1284/766/694
f 1271/754/695 1287/768/695 1286/769/695
f 1272/753/696 1288/770/696 1287/768/696
f 1273/755/697 1289/771/697 1288/770/697
f 1274/756/698 1290/772/698 1289/771/698
f 1275/757/699 1291/773/699 1290/772/699
f 1277/759/700 1291/773/700 1276/758/700
f 1278/760/701 1292/774/701 1277/759/701
f 1279/761/702 1293/775/702 1278/760/702
f 1280/762/703 1294/776/703 1279/761/703
f 1281/763/704 1295/777/704 1280/762/704
f 1282/765/705 1296/778/705 1281/763/705
f 1282/765/706 1298/779/706 1297/780/706
f 1283/764/707 1299/781/707 1298/779/707
f 1284/766/708 1300/782/708 1299/781/708
f 341/273/709 371/783/709 20/274/709
f 342/272/710 1076/560/710 341/273/710
f 342/272/711 1078/565/711 1077/563/711
f 343/271/712 1079/567/712 1078/565/712
f 344/270/713 1080/569/713 1079/567/713
f 345/269/714 1081/571/714 1080/569/714
f 347/267/715 1081/571/715 346/268/715
f 348/266/716 1082/574/716 347/267/716
f 349/265/717 1083/573/717 348/266/717
f 350/264/718 1084/575/718 349/265/718
f 351/263/719 1085/577/719 350/264/719
f 352/262/720 1086/579/720 351/263/720
f 352/262/721 1088/585/721 1087/581/721
f 353/261/722 1089/587/722 1088/585/722
f 354/260/723 1090/784/723 1089/587/723
f 355/259/724 386/785/724 1090/784/724
f 1090/784/725 387/786/725 1105/588/725
f 1105/588/726 388/787/726 1120/603/726
f 1120/603/727 389/788/727 1135/618/727
f 1135/618/728 390/789/728 1150/632/728
f 1150/632/729 391/790/729 1165/661/729
f 391/790/730 1180/676/730 1165/661/730
f 392/791/731 1195/691/731 1180/676/731
f 393/792/732 1210/706/732 1195/691/732
f 394/793/733 1225/722/733 1210/706/733
f 395/794/734 1240/795/734 1225/722/734
f 396/796/735 1255/737/735 1240/795/735
f 397/797/736 1270/752/736 1255/737/736
f 1270/752/737 399/798/737 1285/767/737
f 1285/767/738 400/799/738 1300/782/738
f 1300/782/739 24/800/739 430/801/739
f 1299/781/740 430/801/740 429/802/740
f 1298/779/741 429/802/741 428/803/741
f 1297/780/742 428/803/742 427/804/742
f 1297/780/743 426/805/743 1296/778/743
f 1296/778/744 425/806/744 1295/777/744
f 1295/777/745 424/807/745 1294/776/745
f 1294/776/746 423/808/746 1293/775/746
f 1293/775/747 422/809/747 1292/774/747
f 1292/774/748 421/810/748 1291/773/748
f 1290/772/749 421/810/749 420/811/749
f 1289/771/750 420/811/750 419/812/750
f 1288/770/751 419/812/751 418/813/751
f 1287/768/752 418/813/752 417/814/752
f 1286/769/753 417/814/753 416/815/753
f 385/816/754 416/815/754 23/817/754
f 384/818/755 1286/769/755 385/816/755
f 383/819/756 1271/754/756 384/818/756
f 382/820/757 1256/739/757 383/819/757
f 381/821/758 1241/724/758 382/820/758
f 380/822/759 1226/709/759 381/821/759
f 379/823/760 1211/694/760 380/822/760
f 1181/663/761 379/823/761 378/824/761
f 1166/648/762 378/824/762 377/825/762
f 1151/634/763 377/825/763 376/826/763
f 1136/619/764 376/826/764 375/827/764
f 1121/604/765 375/827/765 374/828/765
f 1106/590/766 374/828/766 373/829/766
f 372/830/767 1106/590/767 373/829/767
f 371/783/768 1091/562/768 372/830/768
f 1302/831/769 1316/832/769 1301/833/769
f 1303/834/770 1317/835/770 1302/831/770
f 1304/836/771 1318/837/771 1303/834/771
f 1305/838/772 1319/839/772 1304/836/772
f 1306/840/773 1320/841/773 1305/838/773
f 1307/842/774 1321/843/774 1306/840/774
f 1308/844/775 1322/845/775 1307/842/775
f 1309/846/776 1323/847/776 1308/844/776
f 1310/848/777 1324/849/777 1309/846/777
f 1310/848/778 1326/850/778 1325/851/778
f 1311/852/779 1327/853/779 1326/850/779
f 1312/854/780 1328/855/780 1327/853/780
f 1313/856/781 1329/857/781 1328/855/781
f 1314/858/782 1330/859/782 1329/857/782
f 1316/832/783 1332/860/783 1331/861/783
f 1318/837/784 1332/860/784 1317/835/784
f 1319/839/785 1333/862/785 1318/837/785
f 1320/841/786 1334/863/786 1319/839/786
f 1321/843/787 1335/864/787 1320/841/787
f 1322/845/788 1336/865/788 1321/843/788
f 1323/847/789 1337/866/789 1322/845/789
f 1324/849/790 1338/867/790 1323/847/790
f 1325/851/791 1339/868/791 1324/849/791
f 1325/851/792 1341/869/792 1340/870/792
f 1326/850/793 1342/871/793 1341/869/793
f 1327/853/794 1343/872/794 1342/871/794
f 1328/855/795 1344/873/795 1343/872/795
f 1329/857/796 1345/874/796 1344/873/796
f 1331/861/797 1347/875/797 1346/876/797
f 1332/860/798 1348/877/798 1347/875/798
f 1334/863/799 1348/877/799 1333/862/799
f 1335/864/800 1349/878/800 1334/863/800
f 1336/865/801 1350/879/801 1335/864/801
f 1337/866/802 1351/880/802 1336/865/802
f 1338/867/803 1352/881/803 1337/866/803
f 1339/868/804 1353/882/804 1338/867/804
f 1340/870/805 1354/883/805 1339/868/805
f 1340/870/806 1356/884/806 1355/885/806
f 1341/869/807 1357/886/807 1356/884/807
f 1342/871/808 1358/887/808 1357/886/808
f 1343/872/809 1359/888/809 1358/887/809
f 1344/873/810 1360/889/810 1359/888/810
f 1346/876/811 1362/890/811 1361/891/811
f 1347/875/812 1363/892/812 1362/890/812
f 1348/877/813 1364/893/813 1363/892/813
f 1350/879/814 1364/893/814 1349/878/814
f 1350/879/815 1366/894/815 1365/895/815
f 1351/880/816 1367/896/816 1366/894/816
f 1352/881/817 1368/897/817 1367/896/817
f 1353/882/818 1369/898/818 1368/897/818
f 1354/883/819 1370/899/819 1369/898/819
f 1355/885/820 1371/900/820 1370/899/820
f 1356/884/821 1372/901/821 1371/900/821
f 1357/886/822 1373/902/822 1372/901/822
f 1358/887/823 1374/903/823 1373/902/823
f 1359/888/824 1375/904/824 1374/903/824
f 1361/891/825 1377/905/825 1376/906/825
f 1362/890/826 1378/907/826 1377/905/826
f 1363/892/827 1379/908/827 1378/907/827
f 1364/893/828 1380/909/828 1379/908/828
f 1365/895/829 1381/910/829 1380/909/829
f 1366/894/830 1382/911/830 1381/910/830
f 1367/896/831 1383/912/831 1382/911/831
f 1368/897/832 1384/913/832 1383/912/832
f 1369/898/833 1385/914/833 1384/913/833
f 1370/899/834 1386/915/834 1385/914/834
f 1371/900/835 1387/916/835 1386/915/835
f 1372/901/836 1388/917/836 1387/916/836
f 1373/902/837 1389/918/837 1388/917/837
f 1374/903/838 1390/919/838 1389/918/838
f 1376/906/839 1392/920/839 1391/921/839
f 1377/905/840 1393/922/840 1392/920/840
f 1378/907/841 1394/923/841 1393/922/841
f 1379/908/842 1395/924/842 1394/923/842
f 1380/909/843 1396/925/843 1395/924/843
f 1381/910/844 1397/926/844 1396/925/844
f 1382/911/845 1398/927/845 1397/926/845
f 1383/912/846 1399/928/846 1398/927/846
f 1384/913/847 1400/929/847 1399/928/847
f 1385/914/848 1401/930/848 1400/929/848
f 1386/915/849 1402/931/849 1401/930/849
f 1387/916/850 1403/932/850 1402/931/850
f 1388/917/851 1404/933/851 1403/932/851
f 1389/918/852 1405/934/852 1404/933/852
f 1392/920/853 1406/935/853 1391/921/853
f 1392/920/854 1408/936/854 1407/937/854
f 1393/922/855 1409/938/855 1408/936/855
f 1394/923/856 1410/939/856 1409/938/856
f 1395/924/857 1411/940/857 1410/939/857
f 1396/925/858 1412/941/858 1411/940/858
f 1397/926/859 1413/942/859 1412/941/859
f 1398/927/860 1414/943/860 1413/942/860
f 1399/928/861 1415/944/861 1414/943/861
f 1400/929/862 1416/945/862 1415/944/862
f 1401/930/863 1417/946/863 1416/945/863
f 1402/931/864 1418/947/864 1417/946/864
f 1403/932/865 1419/948/865 1418/947/865
f 1404/933/866 1420/949/866 1419/948/866
f 1407/937/867 1421/950/867 1406/935/867
f 1408/936/868 1422/951/868 1407/937/868
f 1408/936/869 1424/952/869 1423/953/869
f 1409/938/870 1425/954/870 1424/952/870
f 1410/939/871 1426/955/871 1425/954/871
f 1411/940/872 1427/956/872 1426/955/872
f 1412/941/873 1428/957/873 1427/956/873
f 1413/942/874 1429/958/874 1428/957/874
f 1414/943/875 1430/959/875 1429/958/875
f 1415/944/876 1431/960/876 1430/959/876
f 1416/945/877 1432/961/877 1431/960/877
f 1417/946/878 1433/962/878 1432/961/878
f 1418/947/879 1434/963/879 1433/962/879
f 1419/948/880 1435/964/880 1434/963/880
f 1422/951/881 1436/965/881 1421/950/881
f 1423/953/882 1437/966/882 1422/951/882
f 1423/953/883 1439/967/883 1438/968/883
f 1424/952/884 1440/969/884 1439/967/884
f 1425/954/885 1441/970/885 1440/969/885
f 1426/955/886 1442/971/886 1441/970/886
f 1427/956/887 1443/972/887 1442/971/887
f 1428/957/888 1444/973/888 1443/972/888
f 1429/958/889 1445/974/889 1444/973/889
f 1430/959/890 1446/975/890 1445/974/890
f 1431/960/891 1447/976/891 1446/975/891
f 1432/961/892 1448/977/892 1447/976/892
f 1433/962/893 1449/978/893 1448/977/893
f 1434/963/894 1450/979/894 1449/978/894
f 1437/966/895 1451/980/895 1436/965/895
f 1438/968/896 1452/981/896 1437/966/896
f 1439/967/897 1453/982/897 1438/968/897
f 1439/967/898 1455/983/898 1454/984/898
f 1440/969/899 1456/985/899 1455/983/899
f 1441/970/900 1457/986/900 1456/985/900
f 1442/971/901 1458/987/901 1457/986/901
f 1443/972/902 1459/988/902 1458/987/902
f 1444/973/903 1460/989/903 1459/988/903
f 1445/974/904 1461/990/904 1460/989/904
f 1446/975/905 1462/991/905 1461/990/905
f 1447/976/906 1463/992/906 1462/991/906
f 1448/977/907 1464/993/907 1463/992/907
f 1449/978/908 1465/994/908 1464/993/908
f 1452/981/909 1466/995/909 1451/980/909
f 1453/982/910 1467/996/910 1452/981/910
f 1454/984/911 1468/997/911 1453/982/911
f 1454/984/912 1470/998/912 1469/999/912
f 1455/983/913 1471/1000/913 1470/998/913
f 1456/985/914 1472/1001/914 1471/1000/914
f 1457/986/915 1473/1002/915 1472/1001/915
f 1458/987/916 1474/1003/916 1473/1002/916
f 1459/988/917 1475/1004/917 1474/1003/917
f 1460/989/918 1476/1005/918 1475/1004/918
f 1461/990/919 1477/1006/919 1476/1005/919
f 1462/991/920 1478/1007/920 1477/1006/920
f 1463/992/921 1479/1008/921 1478/1007/921
f 1464/993/922 1480/1009/922 1479/1008/922
f 1467/996/923 1481/1010/923 1466/995/923
f 1468/997/924 1482/1011/924 1467/996/924
f 1469/999/925 1483/1012/925 1468/997/925
f 1470/998/926 1484/1013/926 1469/999/926
f 1470/998/927 1486/1014/927 1485/1015/927
f 1471/1000/928 1487/1016/928 1486/1014/928
f 1472/1001/929 1488/1017/929 1487/1016/929
f 1473/1002/930 1489/1018/930 1488/1017/930
f 1474/1003/931 1490/1019/931 1489/1018/931
f 1475/1004/932 1491/1020/932 1490/1019/932
f 1476/1005/933 1492/1021/933 1491/1020/933
f 1477/1006/934 1493/1022/934 1492/1021/934
f 1478/1007/935 1494/1023/935 1493/1022/935
f 1479/1008/936 1495/1024/936 1494/1023/936
f 1482/1011/937 1496/1025/937 1481/1010/937
f 1483/1012/938 1497/1026/938 1482/1011/938
f 1484/1013/939 1498/1027/939 1483/1012/939
f 1485/1015/940 1499/1028/940 1484/1013/940
f 1485/1015/941 1501/1029/941 1500/1030/941
f 1486/1014/942 1502/1031/942 1501/1029/942
f 1487/1016/943 1503/1032/943 1502/1031/943
f 1488/1017/944 1504/1033/944 1503/1032/944
f 1489/1018/945 1505/1034/945 1504/1033/945
f 1490/1019/946 1506/1035/946 1505/1034/946
f 1491/1020/947 1507/1036/947 1506/1035/947
f 1492/1021/948 1508/1037/948 1507/1036/948
f 1493/1022/949 1509/1038/949 1508/1037/949
f 1494/1023/950 1510/1039/950 1509/1038/950
f 1497/1026/951 1511/1040/951 1496/1025/951
f 1498/1027/952 1512/1041/952 1497/1026/952
f 1499/1028/953 1513/1042/953 1498/1027/953
f 1500/1030/954 1514/1043/954 1499/1028/954
f 1501/1029/955 1515/1044/955 1500/1030/955
f 1501/1029/956 1517/1045/956 1516/1046/956
f 1502/1031/957 1518/1047/957 1517/1045/957
f 1503/1032/958 1519/1048/958 1518/1047/958
f 1504/1033/959 1520/1049/959 1519/1048/959
f 1505/1034/960 1521/1050/960 1520/1049/960
f 1506/1035/961 1522/1051/961 1521/1050/961
f 1507/1036/962 1523/1052/962 1522/1051/962
f 1508/1037/963 1524/1053/963 1523/1052/963
f 1509/1038/964 1525/1054/964 1524/1053/964
f 356/558/965 386/785/965 21/559/965
f 357/557/966 1301/833/966 356/558/966
f 358/556/967 1302/831/967 357/557/967
f 359/555/968 1303/834/968 358/556/968
f 360/554/969 1304/836/969 359/555/969
f 361/553/970 1305/838/970 360/554/970
f 362/552/971 1306/840/971 361/553/971
f 363/551/972 1307/842/972 362/552/972
f 364/550/973 1308/844/973 363/551/973
f 365/549/974 1309/846/974 364/550/974
f 365/549/975 1311/852/975 1310/848/975
f 366/548/976 1312/854/976 1311/852/976
f 367/547/977 1313/856/977 1312/854/977
f 368/546/978 1314/858/978 1313/856/978
f 369/545/979 1315/1055/979 1314/858/979
f 370/544/980 401/1056/980 1315/1055/980
f 1315/1055/981 402/1057/981 1330/859/981
f 1330/859/982 403/1058/982 1345/874/982
f 1345/874/983 404/1059/983 1360/889/983
f 1360/889/984 405/1060/984 1375/904/984
f 1375/904/985 406/1061/985 1390/919/985
f 1390/919/986 407/1062/986 1405/934/986
f 1405/934/987 408/1063/987 1420/949/987
f 1420/949/988 409/1064/988 1435/964/988
f 1435/964/989 410/1065/989 1450/979/989
f 1450/979/990 411/1066/990 1465/994/990
f 1465/994/991 412/1067/991 1480/1009/991
f 1480/1009/992 413/1068/992 1495/1024/992
f 1495/1024/993 414/1069/993 1510/1039/993
f 1510/1039/994 415/1070/994 1525/1054/994
f 1525/1054/995 25/1071/995 445/1072/995
f 1524/1053/996 445/1072/996 444/1073/996
f 1523/1052/997 444/1073/997 443/1074/997
f 1522/1051/998 443/1074/998 442/1075/998
f 1521/1050/999 442/1075/999 441/1076/999
f 1520/1049/1000 441/1076/1000 440/1077/1000
f 1519/1048/1001 440/1077/1001 439/1078/1001
f 1518/1047/1002 439/1078/1002 438/1079/1002
f 1517/1045/1003 438/1079/1003 437/1080/1003
f 1516/1046/1004 437/1080/1004 436/1081/1004
f 1516/1046/1005 435/1082/1005 1515/1044/1005
f 1515/1044/1006 434/1083/1006 1514/1043/1006
f 1514/1043/1007 433/1084/1007 1513/1042/1007
f 1513/1042/1008 432/1085/1008 1512/1041/1008
f 1511/1040/1009 432/1085/1009 431/1086/1009
f 400/799/1010 431/1086/1010 24/800/1010
f 399/798/1011 1511/1040/1011 400/799/1011
f 1481/1010/1012 399/798/1012 398/1087/1012
f 1466/995/1013 398/1087/1013 397/797/1013
f 1451/980/1014 397/797/1014 396/796/1014
f 1436/965/1015 396/796/1015 395/794/1015
f 1421/950/1016 395/794/1016 394/793/1016
f 1406/935/1017 394/793/1017 393/792/1017
f 1391/921/1018 393/792/1018 392/791/1018
f 391/790/1019 1391/921/1019 392/791/1019
f 390/789/1020 1376/906/1020 391/790/1020
f 389/788/1021 1361/891/1021 390/789/1021
f 388/787/1022 1346/876/1022 389/788/1022
f 387/786/1023 1331/861/1023 388/787/1023
f 386/785/1024 1316/832/1024 387/786/1024
f 1527/1088/1025 1541/1089/1025 1526/1090/1025
f 1528/1091/1026 1542/1092/1026 1527/1088/1026
f 1529/1093/1027 1543/1094/1027 1528/1091/1027
f 1530/1095/1028 1544/1096/1028 1529/1093/1028
f 1531/1097/1029 1545/1098/1029 1530/1095/1029
f 1532/1099/1030 1546/1100/1030 1531/1097/1030
f 1533/1101/1031 1547/1102/1031 1532/1099/1031
f 1534/1103/1032 1548/1104/1032 1533/1101/1032
f 1535/1105/1033 1549/1106/1033 1534/1103/1033
f 1536/1107/1034 1550/1108/1034 1535/1105/1034
f 1536/1107/1035 1552/1109/1035 1551/1110/1035
f 1537/1111/1036 1553/1112/1036 1552/1109/1036
f 1538/1113/1037 1554/1114/1037 1553/1112/1037
f 1539/1115/1038 1555/1116/1038 1554/1114/1038
f 1542/1092/1039 1556/1117/1039 1541/1089/1039
f 1543/1094/1040 1557/1118/1040 1542/1092/1040
f 1544/1096/1041 1558/1119/1041 1543/1094/1041
f 1545/1098/1042 1559/1120/1042 1544/1096/1042
f 1546/1100/1043 1560/1121/1043 1545/1098/1043
f 1547/1102/1044 1561/1122/1044 1546/1100/1044
f 1548/1104/1045 1562/1123/1045 1547/1102/1045
f 1549/1106/1046 1563/1124/1046 1548/1104/1046
f 1550/1108/1047 1564/1125/1047 1549/1106/1047
f 1550/1108/1048 1566/1126/1048 1565/1127/1048
f 1551/1110/1049 1567/1128/1049 1566/1126/1049
f 1552/1109/1050 1568/1129/1050 1567/1128/1050
f 1553/1112/1051 1569/1130/1051 1568/1129/1051
f 1555/1116/1052 1569/1130/1052 1554/1114/1052
f 1557/1118/1053 1571/1131/1053 1556/1117/1053
f 1558/1119/1054 1572/1132/1054 1557/1118/1054
f 1559/1120/1055 1573/1133/1055 1558/1119/1055
f 1560/1121/1056 1574/1134/1056 1559/1120/1056
f 1561/1122/1057 1575/1135/1057 1560/1121/1057
f 1562/1123/1058 1576/1136/1058 1561/1122/1058
f 1563/1124/1059 1577/1137/1059 1562/1123/1059
f 1564/1125/1060 1578/1138/1060 1563/1124/1060
f 1565/1127/1061 1579/1139/1061 1564/1125/1061
f 1566/1126/1062 1580/1140/1062 1565/1127/1062
f 1567/1128/1063 1581/1141/1063 1566/1126/1063
f 1567/1128/1064 1583/1142/1064 1582/1143/1064
f 1569/1130/1065 1583/1142/1065 1568/1129/1065
f 1570/1144/1066 1584/1145/1066 1569/1130/1066
f 1572/1132/1067 1586/1146/1067 1571/1131/1067
f 1573/1133/1068 1587/1147/1068 1572/1132/1068
f 1574/1134/1069 1588/1148/1069 1573/1133/1069
f 1575/1135/1070 1589/1149/1070 1574/1134/1070
f 1576/1136/1071 1590/1150/1071 1575/1135/1071
f 1577/1137/1072 1591/1151/1072 1576/1136/1072
f 1578/1138/1073 1592/1152/1073 1577/1137/1073
f 1579/1139/1074 1593/1153/1074 1578/1138/1074
f 1580/1140/1075 1594/1154/1075 1579/1139/1075
f 1581/1141/1076 1595/1155/1076 1580/1140/1076
f 1582/1143/1077 1596/1156/1077 1581/1141/1077
f 1583/1142/1078 1597/1157/1078 1582/1143/1078
f 1584/1145/1079 1598/1158/1079 1583/1142/1079
f 1585/1159/1080 1599/1160/1080 1584/1145/1080
f 1587/1147/1081 1601/1161/1081 1586/1146/1081
f 1588/1148/1082 1602/1162/1082 1587/1147/1082
f 1589/1149/1083 1603/1163/1083 1588/1148/1083
f 1590/1150/1084 1604/1164/1084 1589/1149/1084
f 1591/1151/1085 1605/1165/1085 1590/1150/1085
f 1592/1152/1086 1606/1166/1086 1591/1151/1086
f 1593/1153/1087 1607/1167/1087 1592/1152/1087
f 1594/1154/1088 1608/1168/1088 1593/1153/1088
f 1595/1155/1089 1609/1169/1089 1594/1154/1089
f 1596/1156/1090 1610/1170/1090 1595/1155/1090
f 1597/1157/1091 1611/1171/1091 1596/1156/1091
f 1598/1158/1092 1612/1172/1092 1597/1157/1092
f 1599/1160/1093 1613/1173/1093 1598/1158/1093
f 1600/1174/1094 1614/1175/1094 1599/1160/1094
f 1602/1162/1095 1616/1176/1095 1601/1161/1095
f 1603/1163/1096 1617/1177/1096 1602/1162/1096
f 1604/1164/1097 1618/1178/1097 1603/1163/1097
f 1605/1165/1098 1619/1179/1098 1604/1164/1098
f 1606/1166/1099 1620/1180/1099 1605/1165/1099
f 1607/1167/1100 1621/1181/1100 1606/1166/1100
f 1608/1168/1101 1622/1182/1101 1607/1167/1101
f 1609/1169/1102 1623/1183/1102 1608/1168/1102
f 1610/1170/1103 1624/1184/1103 1609/1169/1103
f 1611/1171/1104 1625/1185/1104 1610/1170/1104
f 1612/1172/1105 1626/1186/1105 1611/1171/1105
f 1613/1173/1106 1627/1187/1106 1612/1172/1106
f 1614/1175/1107 1628/1188/1107 1613/1173/1107
f 1615/1189/1108 1629/1190/1108 1614/1175/1108
f 1617/1177/1109 1631/1191/1109 1616/1176/1109
f 1618/1178/1110 1632/1192/1110 1617/1177/1110
f 1619/1179/1111 1633/1193/1111 1618/1178/1111
f 1620/1180/1112 1634/1194/1112 1619/1179/1112
f 1621/1181/1113 1635/1195/1113 1620/1180/1113
f 1622/1182/1114 1636/1196/1114 1621/1181/1114
f 1623/1183/1115 1637/1197/1115 1622/1182/1115
f 1624/1184/1116 1638/1198/1116 1623/1183/1116
f 1625/1185/1117 1639/1199/1117 1624/1184/1117
f 1626/1186/1118 1640/1200/1118 1625/1185/1118
f 1627/1187/1119 1641/1201/1119 1626/1186/1119
f 1628/1188/1120 1642/1202/1120 1627/1187/1120
f 1629/1190/1121 1643/1203/1121 1628/1188/1121
f 1630/1204/1122 1644/1205/1122 1629/1190/1122
f 1632/1192/1123 1646/1206/1123 1631/1191/1123
f 1633/1193/1124 1647/1207/1124 1632/1192/1124
f 1634/1194/1125 1648/1208/1125 1633/1193/1125
f 1635/1195/1126 1649/1209/1126 1634/1194/1126
f 1636/1196/1127 1650/1210/1127 1635/1195/1127
f 1637/1197/1128 1651/1211/1128 1636/1196/1128
f 1638/1198/1129 1652/1212/1129 1637/1197/1129
f 1639/1199/1130 1653/1213/1130 1638/1198/1130
f 1640/1200/1131 1654/1214/1131 1639/1199/1131
f 1641/1201/1132 1655/1215/1132 1640/1200/1132
f 1642/1202/1133 1656/1216/1133 1641/1201/1133
f 1643/1203/1134 1657/1217/1134 1642/1202/1134
f 1644/1205/1135 1658/1218/1135 1643/1203/1135
f 1645/1219/1136 1659/1220/1136 1644/1205/1136
f 1647/1207/1137 1661/1221/1137 1646/1206/1137
f 1648/1208/1138 1662/1222/1138 1647/1207/1138
f 1649/1209/1139 1663/1223/1139 1648/1208/1139
f 1650/1210/1140 1664/1224/1140 1649/1209/1140
f 1651/1211/1141 1665/1225/1141 1650/1210/1141
f 1652/1212/1142 1666/1226/1142 1651/1211/1142
f 1653/1213/1143 1667/1227/1143 1652/1212/1143
f 1654/1214/1144 1668/1228/1144 1653/1213/1144
f 1655/1215/1145 1669/1229/1145 1654/1214/1145
f 1656/1216/1146 1670/1230/1146 1655/1215/1146
f 1657/1217/1147 1671/1231/1147 1656/1216/1147
f 1658/1218/1148 1672/1232/1148 1657/1217/1148
f 1659/1220/1149 1673/1233/1149 1658/1218/1149
f 1660/1234/1150 1674/1235/1150 1659/1220/1150
f 1662/1222/1151 1676/1236/1151 1661/1221/1151
f 1663/1223/1152 1677/1237/1152 1662/1222/1152
f 1664/1224/1153 1678/1238/1153 1663/1223/1153
f 1665/1225/1154 1679/1239/1154 1664/1224/1154
f 1666/1226/1155 1680/1240/1155 1665/1225/1155
f 1667/1227/1156 1681/1241/1156 1666/1226/1156
f 1668/1228/1157 1682/1242/1157 1667/1227/1157
f 1669/1229/1158 1683/1243/1158 1668/1228/1158
f 1670/1230/1159 1684/1244/1159 1669/1229/1159
f 1671/1231/1160 1685/1245/1160 1670/1230/1160
f 1672/1232/1161 1686/1246/1161 1671/1231/1161
f 1673/1233/1162 1687/1247/1162 1672/1232/1162
f 1674/1235/1163 1688/1248/1163 1673/1233/1163
f 1675/1249/1164 1689/1250/1164 1674/1235/1164
f 1677/1237/1165 1691/1251/1165 1676/1236/1165
f 1678/1238/1166 1692/1252/1166 1677/1237/1166
f 1679/1239/1167 1693/1253/1167 1678/1238/1167
f 1680/1240/1168 1694/1254/1168 1679/1239/1168
f 1681/1241/1169 1695/1255/1169 1680/1240/1169
f 1682/1242/1170 1696/1256/1170 1681/1241/1170
f 1683/1243/1171 1697/1257/1171 1682/1242/1171
f 1684/1244/1172 1698/1258/1172 1683/1243/1172
f 1685/1245/1173 1699/1259/1173 1684/1244/1173
f 1686/1246/1174 1700/1260/1174 1685/1245/1174
f 1687/1247/1175 1701/1261/1175 1686/1246/1175
f 1688/1248/1176 1702/1262/1176 1687/1247/1176
f 1689/1250/1177 1703/1263/1177 1688/1248/1177
f 1690/1264/1178 1704/1265/1178 1689/1250/1178
f 1692/1252/1179 1706/1266/1179 1691/1251/1179
f 1693/1253/1180 1707/1267/1180 1692/1252/1180
f 1694/1254/1181 1708/1268/1181 1693/1253/1181
f 1695/1255/1182 1709/1269/1182 1694/1254/1182
f 1696/1256/1183 1710/1270/1183 1695/1255/1183
f 1697/1257/1184 1711/1271/1184 1696/1256/1184
f 1698/1258/1185 1712/1272/1185 1697/1257/1185
f 1699/1259/1186 1713/1273/1186 1698/1258/1186
f 1700/1260/1187 1714/1274/1187 1699/1259/1187
f 1701/1261/1188 1715/1275/1188 1700/1260/1188
f 1702/1262/1189 1716/1276/1189 1701/1261/1189
f 1703/1263/1190 1717/1277/1190 1702/1262/1190
f 1704/1265/1191 1718/1278/1191 1703/1263/1191
f 1705/1279/1192 1719/1280/1192 1704/1265/1192
f 1707/1267/1193 1721/1281/1193 1706/1266/1193
f 1708/1268/1194 1722/1282/1194 1707/1267/1194
f 1709/1269/1195 1723/1283/1195 1708/1268/1195
f 1710/1270/1196 1724/1284/1196 1709/1269/1196
f 1711/1271/1197 1725/1285/1197 1710/1270/1197
f 1712/1272/1198 1726/1286/1198 1711/1271/1198
f 1713/1273/1199 1727/1287/1199 1712/1272/1199
f 1714/1274/1200 1728/1288/1200 1713/1273/1200
f 1715/1275/1201 1729/1289/1201 1714/1274/1201
f 1716/1276/1202 1730/1290/1202 1715/1275/1202
f 1717/1277/1203 1731/1291/1203 1716/1276/1203
f 1718/1278/1204 1732/1292/1204 1717/1277/1204
f 1719/1280/1205 1733/1293/1205 1718/1278/1205
f 1720/1294/1206 1734/1295/1206 1719/1280/1206
f 1722/1282/1207 1736/1296/1207 1721/1281/1207
f 1723/1283/1208 1737/1297/1208 1722/1282/1208
f 1724/1284/1209 1738/1298/1209 1723/1283/1209
f 1725/1285/1210 1739/1299/1210 1724/1284/1210
f 1726/1286/1211 1740/1300/1211 1725/1285/1211
f 1727/1287/1212 1741/1301/1212 1726/1286/1212
f 1728/1288/1213 1742/1302/1213 1727/1287/1213
f 1729/1289/1214 1743/1303/1214 1728/1288/1214
f 1730/1290/1215 1744/1304/1215 1729/1289/1215
f 1731/1291/1216 1745/1305/1216 1730/1290/1216
f 1732/1292/1217 1746/1306/1217 1731/1291/1217
f 1733/1293/1218 1747/1307/1218 1732/1292/1218
f 1733/1293/1219 1749/1308/1219 1748/1309/1219
f 1735/1310/1220 1749/1308/1220 1734/1295/1220
f 265/1311/1221 86/1312/1221 1/1313/1221
f 264/1314/1222 1526/1090/1222 265/1311/1222
f 263/1315/1223 1527/1088/1223 264/1314/1223
f 262/1316/1224 1528/1091/1224 263/1315/1224
f 261/1317/1225 1529/1093/1225 262/1316/1225
f 260/1318/1226 1530/1095/1226 261/1317/1226
f 259/1319/1227 1531/1097/1227 260/1318/1227
f 258/1320/1228 1532/1099/1228 259/1319/1228
f 257/1321/1229 1533/1101/1229 258/1320/1229
f 256/1322/1230 1534/1103/1230 257/1321/1230
f 255/1323/1231 1535/1105/1231 256/1322/1231
f 254/1324/1232 1536/1107/1232 255/1323/1232
f 253/1325/1233 1537/1111/1233 254/1324/1233
f 252/1326/1234 1538/1113/1234 253/1325/1234
f 251/1327/1235 1539/1115/1235 252/1326/1235
f 251/1327/1236 446/1328/1236 1540/1329/1236
f 446/1328/1237 1555/1116/1237 1540/1329/1237
f 447/1330/1238 1570/1144/1238 1555/1116/1238
f 448/1331/1239 1585/1159/1239 1570/1144/1239
f 449/1332/1240 1600/1174/1240 1585/1159/1240
f 450/1333/1241 1615/1189/1241 1600/1174/1241
f 1615/1189/1242 452/1334/1242 1630/1204/1242
f 1630/1204/1243 453/1335/1243 1645/1219/1243
f 453/1335/1244 1660/1234/1244 1645/1219/1244
f 454/1336/1245 1675/1249/1245 1660/1234/1245
f 455/1337/1246 1690/1264/1246 1675/1249/1246
f 456/1338/1247 1705/1279/1247 1690/1264/1247
f 457/1339/1248 1720/1294/1248 1705/1279/1248
f 458/1340/1249 1735/1310/1249 1720/1294/1249
f 459/1341/1250 1750/1342/1250 1735/1310/1250
f 1750/1342/1251 17/227/1251 625/1343/1251
f 1749/1308/1252 625/1343/1252 624/1344/1252
f 1748/1309/1253 624/1344/1253 623/1345/1253
f 1747/1307/1254 623/1345/1254 622/1346/1254
f 1746/1306/1255 622/1346/1255 621/1347/1255
f 1745/1305/1256 621/1347/1256 620/1348/1256
f 1745/1305/1257 619/1349/1257 1744/1304/1257
f 1744/1304/1258 618/1350/1258 1743/1303/1258
f 1743/1303/1259 617/1351/1259 1742/1302/1259
f 1742/1302/1260 616/1352/1260 1741/1301/1260
f 1741/1301/1261 615/1353/1261 1740/1300/1261
f 1740/1300/1262 614/1354/1262 1739/1299/1262
f 1739/1299/1263 613/1355/1263 1738/1298/1263
f 1738/1298/1264 612/1356/1264 1737/1297/1264
f 1737/1297/1265 611/1357/1265 1736/1296/1265
f 100/1358/1266 611/1357/1266 8/1359/1266
f 1721/1281/1267 100/1358/1267 99/1360/1267
f 1706/1266/1268 99/1360/1268 98/1361/1268
f 1691/1251/1269 98/1361/1269 97/1362/1269
f 1676/1236/1270 97/1362/1270 96/1363/1270
f 1661/1221/1271 96/1363/1271 95/1364/1271
f 1646/1206/1272 95/1364/1272 94/1365/1272
f 1631/1191/1273 94/1365/1273 93/1366/1273
f 1616/1176/1274 93/1366/1274 92/1367/1274
f 1601/1161/1275 92/1367/1275 91/1368/1275
f 1586/1146/1276 91/1368/1276 90/1369/1276
f 1571/1131/1277 90/1369/1277 89/1370/1277
f 1556/1117/1278 89/1370/1278 88/1371/1278
f 1541/1089/1279 88/1371/1279 87/1372/1279
f 1526/1090/1280 87/1372/1280 86/1312/1280
f 1752/1373/1281 1766/1374/1281 1751/1375/1281
f 1753/1376/1282 1767/1377/1282 1752/1373/1282
f 1754/1378/1283 1768/1379/1283 1753/1376/1283
f 1755/1380/1284 1769/1381/1284 1754/1378/1284
f 1756/1382/1285 1770/1383/1285 1755/1380/1285
f 1757/1384/1286 1771/1385/1286 1756/1382/1286
f 1758/1386/1287 1772/1387/1287 1757/1384/1287
f 1758/1386/1288 1774/1388/1288 1773/1389/1288
f 1759/1390/1289 1775/1391/1289 1774/1388/1289
f 1760/1392/1290 1776/1393/1290 1775/1391/1290
f 1761/1394/1291 1777/1395/1291 1776/1393/1291
f 1762/1396/1292 1778/1397/1292 1777/1395/1292
f 1763/1398/1293 1779/1399/1293 1778/1397/1293
f 1764/1400/1294 1780/1401/1294 1779/1399/1294
f 1767/1377/1295 1781/1402/1295 1766/1374/1295
f 1768/1379/1296 1782/1403/1296 1767/1377/1296
f 1769/1381/1297 1783/1404/1297 1768/1379/1297
f 1770/1383/1298 1784/1405/1298 1769/1381/1298
f 1771/1385/1299 1785/1406/1299 1770/1383/1299
f 1772/1387/1300 1786/1407/1300 1771/1385/1300
f 1773/1389/1301 1787/1408/1301 1772/1387/1301
f 1773/1389/1302 1789/1409/1302 1788/1410/1302
f 1774/1388/1303 1790/1411/1303 1789/1409/1303
f 1775/1391/1304 1791/1412/1304 1790/1411/1304
f 1776/1393/1305 1792/1413/1305 1791/1412/1305
f 1777/1395/1306 1793/1414/1306 1792/1413/1306
f 1778/1397/1307 1794/1415/1307 1793/1414/1307
f 1779/1399/1308 1795/1416/1308 1794/1415/1308
f 1782/1403/1309 1796/1417/1309 1781/1402/1309
f 1783/1404/1310 1797/1418/1310 1782/1403/1310
f 1784/1405/1311 1798/1419/1311 1783/1404/1311
f 1785/1406/1312 1799/1420/1312 1784/1405/1312
f 1786/1407/1313 1800/1421/1313 1785/1406/1313
f 1787/1408/1314 1801/1422/1314 1786/1407/1314
f 1788/1410/1315 1802/1423/1315 1787/1408/1315
f 1788/1410/1316 1804/1424/1316 1803/1425/1316
f 1789/1409/1317 1805/1426/1317 1804/1424/1317
f 1790/1411/1318 1806/1427/1318 1805/1426/1318
f 1791/1412/1319 1807/1428/1319 1806/1427/1319
f 1792/1413/1320 1808/1429/1320 1807/1428/1320
f 1793/1414/1321 1809/1430/1321 1808/1429/1321
f 1794/1415/1322 1810/1431/1322 1809/1430/1322
f 1797/1418/1323 1811/1432/1323 1796/1417/1323
f 1798/1419/1324 1812/1433/1324 1797/1418/1324
f 1799/1420/1325 1813/1434/1325 1798/1419/1325
f 1800/1421/1326 1814/1435/1326 1799/1420/1326
f 1801/1422/1327 1815/1436/1327 1800/1421/1327
f 1802/1423/1328 1816/1437/1328 1801/1422/1328
f 1803/1425/1329 1817/1438/1329 1802/1423/1329
f 1803/1425/1330 1819/1439/1330 1818/1440/1330
f 1804/1424/1331 1820/1441/1331 1819/1439/1331
f 1805/1426/1332 1821/1442/1332 1820/1441/1332
f 1806/1427/1333 1822/1443/1333 1821/1442/1333
f 1807/1428/1334 1823/1444/1334 1822/1443/1334
f 1808/1429/1335 1824/1445/1335 1823/1444/1335
f 1809/1430/1336 1825/1446/1336 1824/1445/1336
f 1812/1433/1337 1826/1447/1337 1811/1432/1337
f 1813/1434/1338 1827/1448/1338 1812/1433/1338
f 1814/1435/1339 1828/1449/1339 1813/1434/1339
f 1815/1436/1340 1829/1450/1340 1814/1435/1340
f 1816/1437/1341 1830/1451/1341 1815/1436/1341
f 1817/1438/1342 1831/1452/1342 1816/1437/1342
f 1818/1440/1343 1832/1453/1343 1817/1438/1343
f 1819/1439/1344 1833/1454/1344 1818/1440/1344
f 1819/1439/1345 1835/1455/1345 1834/1456/1345
f 1820/1441/1346 1836/1457/1346 1835/1455/1346
f 1821/1442/1347 1837/1458/1347 1836/1457/1347
f 1822/1443/1348 1838/1459/1348 1837/1458/1348
f 1823/1444/1349 1839/1460/1349 1838/1459/1349
f 1824/1445/1350 1840/1461/1350 1839/1460/1350
f 1826/1447/1351 1842/1462/1351 1841/1463/1351
f 1827/1448/1352 1843/1464/1352 1842/1462/1352
f 1828/1449/1353 1844/1465/1353 1843/1464/1353
f 1829/1450/1354 1845/1466/1354 1844/1465/1354
f 1831/1452/1355 1845/1466/1355 1830/1451/1355
f 1832/1453/1356 1846/1467/1356 1831/1452/1356
f 1833/1454/1357 1847/1468/1357 1832/1453/1357
f 1834/1456/1358 1848/1469/1358 1833/1454/1358
f 1834/1456/1359 1850/1470/1359 1849/1471/1359
f 1835/1455/1360 1851/1472/1360 1850/1470/1360
f 1836/1457/1361 1852/1473/1361 1851/1472/1361
f 1837/1458/1362 1853/1474/1362 1852/1473/1362
f 1838/1459/1363 1854/1475/1363 1853/1474/1363
f 1839/1460/1364 1855/1476/1364 1854/1475/1364
f 1841/1463/1365 1857/1477/1365 1856/1478/1365
f 1842/1462/1366 1858/1479/1366 1857/1477/1366
f 1843/1464/1367 1859/1480/1367 1858/1479/1367
f 1844/1465/1368 1860/1481/1368 1859/1480/1368
f 1845/1466/1369 1861/1482/1369 1860/1481/1369
f 1846/1467/1370 1862/1483/1370 1861/1482/1370
f 1848/1469/1371 1862/1483/1371 1847/1468/1371
f 1849/1471/1372 1863/1484/1372 1848/1469/1372
f 1850/1470/1373 1864/1485/1373 1849/1471/1373
f 1850/1470/1374 1866/1486/1374 1865/1487/1374
f 1851/1472/1375 1867/1488/1375 1866/1486/1375
f 1852/1473/1376 1868/1489/1376 1867/1488/1376
f 1853/1474/1377 1869/1490/1377 1868/1489/1377
f 1854/1475/1378 1870/1491/1378 1869/1490/1378
f 1856/1478/1379 1872/1492/1379 1871/1493/1379
f 1857/1477/1380 1873/1494/1380 1872/1492/1380
f 1858/1479/1381 1874/1495/1381 1873/1494/1381
f 1859/1480/1382 1875/1496/1382 1874/1495/1382
f 1860/1481/1383 1876/1497/1383 1875/1496/1383
f 1861/1482/1384 1877/1498/1384 1876/1497/1384
f 1862/1483/1385 1878/1499/1385 1877/1498/1385
f 1864/1485/1386 1878/1499/1386 1863/1484/1386
f 1865/1487/1387 1879/1500/1387 1864/1485/1387
f 1865/1487/1388 1881/1501/1388 1880/1502/1388
f 1866/1486/1389 1882/1503/1389 1881/1501/1389
f 1867/1488/1390 1883/1504/1390 1882/1503/1390
f 1868/1489/1391 1884/1505/1391 1883/1504/1391
f 1869/1490/1392 1885/1506/1392 1884/1505/1392
f 1871/1493/1393 1887/1507/1393 1886/1508/1393
f 1872/1492/1394 1888/1509/1394 1887/1507/1394
f 1873/1494/1395 1889/1510/1395 1888/1509/1395
f 1874/1495/1396 1890/1511/1396 1889/1510/1396
f 1875/1496/1397 1891/1512/1397 1890/1511/1397
f 1876/1497/1398 1892/1513/1398 1891/1512/1398
f 1877/1498/1399 1893/1514/1399 1892/1513/1399
f 1879/1500/1400 1893/1514/1400 1878/1499/1400
f 1880/1502/1401 1894/1515/1401 1879/1500/1401
f 1880/1502/1402 1896/1516/1402 1895/1517/1402
f 1881/1501/1403 1897/1518/1403 1896/1516/1403
f 1882/1503/1404 1898/1519/1404 1897/1518/1404
f 1883/1504/1405 1899/1520/1405 1898/1519/1405
f 1884/1505/1406 1900/1521/1406 1899/1520/1406
f 1886/1508/1407 1902/1522/1407 1901/1523/1407
f 1887/1507/1408 1903/1524/1408 1902/1522/1408
f 1888/1509/1409 1904/1525/1409 1903/1524/1409
f 1889/1510/1410 1905/1526/1410 1904/1525/1410
f 1890/1511/1411 1906/1527/1411 1905/1526/1411
f 1891/1512/1412 1907/1528/1412 1906/1527/1412
f 1892/1513/1413 1908/1529/1413 1907/1528/1413
f 1894/1515/1414 1908/1529/1414 1893/1514/1414
f 1894/1515/1415 1910/1530/1415 1909/1531/1415
f 1895/1517/1416 1911/1532/1416 1910/1530/1416
f 1896/1516/1417 1912/1533/1417 1911/1532/1417
f 1897/1518/1418 1913/1534/1418 1912/1533/1418
f 1898/1519/1419 1914/1535/1419 1913/1534/1419
f 1899/1520/1420 1915/1536/1420 1914/1535/1420
f 1901/1523/1421 1917/1537/1421 1916/1538/1421
f 1902/1522/1422 1918/1539/1422 1917/1537/1422
f 1903/1524/1423 1919/1540/1423 1918/1539/1423
f 1904/1525/1424 1920/1541/1424 1919/1540/1424
f 1905/1526/1425 1921/1542/1425 1920/1541/1425
f 1906/1527/1426 1922/1543/1426 1921/1542/1426
f 1907/1528/1427 1923/1544/1427 1922/1543/1427
f 1908/1529/1428 1924/1545/1428 1923/1544/1428
f 1909/1531/1429 1925/1546/1429 1924/1545/1429
f 1910/1530/1430 1926/1547/1430 1925/1546/1430
f 1911/1532/1431 1927/1548/1431 1926/1547/1431
f 1912/1533/1432 1928/1549/1432 1927/1548/1432
f 1913/1534/1433 1929/1550/1433 1928/1549/1433
f 1914/1535/1434 1930/1551/1434 1929/1550/1434
f 1916/1538/1435 1932/1552/1435 1931/1553/1435
f 1917/1537/1436 1933/1554/1436 1932/1552/1436
f 1918/1539/1437 1934/1555/1437 1933/1554/1437
f 1919/1540/1438 1935/1556/1438 1934/1555/1438
f 1920/1541/1439 1936/1557/1439 1935/1556/1439
f 1921/1542/1440 1937/1558/1440 1936/1557/1440
f 1922/1543/1441 1938/1559/1441 1937/1558/1441
f 1923/1544/1442 1939/1560/1442 1938/1559/1442
f 1924/1545/1443 1940/1561/1443 1939/1560/1443
f 1925/1546/1444 1941/1562/1444 1940/1561/1444
f 1926/1547/1445 1942/1563/1445 1941/1562/1445
f 1927/1548/1446 1943/1564/1446 1942/1563/1446
f 1928/1549/1447 1944/1565/1447 1943/1564/1447
f 1929/1550/1448 1945/1566/1448 1944/1565/1448
f 1931/1553/1449 1947/1567/1449 1946/1568/1449
f 1932/1552/1450 1948/1569/1450 1947/1567/1450
f 1933/1554/1451 1949/1570/1451 1948/1569/1451
f 1934/1555/1452 1950/1571/1452 1949/1570/1452
f 1935/1556/1453 1951/1572/1453 1950/1571/1453
f 1936/1557/1454 1952/1573/1454 1951/1572/1454
f 1937/1558/1455 1953/1574/1455 1952/1573/1455
f 1938/1559/1456 1954/1575/1456 1953/1574/1456
f 1939/1560/1457 1955/1576/1457 1954/1575/1457
f 1940/1561/1458 1956/1577/1458 1955/1576/1458
f 1941/1562/1459 1957/1578/1459 1956/1577/1459
f 1942/1563/1460 1958/1579/1460 1957/1578/1460
f 1943/1564/1461 1959/1580/1461 1958/1579/1461
f 1944/1565/1462 1960/1581/1462 1959/1580/1462
f 1946/1568/1463 1962/1582/1463 1961/1583/1463
f 1947/1567/1464 1963/1584/1464 1962/1582/1464
f 1948/1569/1465 1964/1585/1465 1963/1584/1465
f 1949/1570/1466 1965/1586/1466 1964/1585/1466
f 1950/1571/1467 1966/1587/1467 1965/1586/1467
f 1951/1572/1468 1967/1588/1468 1966/1587/1468
f 1952/1573/1469 1968/1589/1469 1967/1588/1469
f 1953/1574/1470 1969/1590/1470 1968/1589/1470
f 1954/1575/1471 1970/1591/1471 1969/1590/1471
f 1955/1576/1472 1971/1592/1472 1970/1591/1472
f 1956/1577/1473 1972/1593/1473 1971/1592/1473
f 1957/1578/1474 1973/1594/1474 1972/1593/1474
f 1958/1579/1475 1974/1595/1475 1973/1594/1475
f 1959/1580/1476 1975/1596/1476 1974/1595/1476
f 16/1597/1477 1751/1375/1477 446/1328/1477
f 250/1598/1478 1752/1373/1478 1751/1375/1478
f 249/1599/1479 1753/1376/1479 1752/1373/1479
f 248/1600/1480 1754/1378/1480 1753/1376/1480
f 247/1601/1481 1755/1380/1481 1754/1378/1481
f 245/1602/1482 1755/1380/1482 246/1603/1482
f 244/1604/1483 1756/1382/1483 245/1602/1483
f 243/1605/1484 1757/1384/1484 244/1604/1484
f 242/1606/1485 1758/1386/1485 243/1605/1485
f 242/1606/1486 1760/1392/1486 1759/1390/1486
f 241/1607/1487 1761/1394/1487 1760/1392/1487
f 239/1608/1488 1761/1394/1488 240/1609/1488
f 238/1610/1489 1762/1396/1489 239/1608/1489
f 238/1610/1490 1764/1400/1490 1763/1398/1490
f 237/1611/1491 1765/1612/1491 1764/1400/1491
f 236/1613/1492 461/1614/1492 1765/1612/1492
f 1765/1612/1493 462/1615/1493 1780/1401/1493
f 1780/1401/1494 463/1616/1494 1795/1416/1494
f 1795/1416/1495 464/1617/1495 1810/1431/1495
f 1810/1431/1496 465/1618/1496 1825/1446/1496
f 1825/1446/1497 466/1619/1497 1840/1461/1497
f 1840/1461/1498 467/1620/1498 1855/1476/1498
f 1855/1476/1499 468/1621/1499 1870/1491/1499
f 1870/1491/1500 469/1622/1500 1885/1506/1500
f 1885/1506/1501 470/1623/1501 1900/1521/1501
f 1900/1521/1502 471/1624/1502 1915/1536/1502
f 1915/1536/1503 472/1625/1503 1930/1551/1503
f 1930/1551/1504 473/1626/1504 1945/1566/1504
f 1945/1566/1505 474/1627/1505 1960/1581/1505
f 1960/1581/1506 475/1628/1506 1975/1596/1506
f 1975/1596/1507 18/242/1507 280/241/1507
f 1974/1595/1508 280/241/1508 279/240/1508
f 1973/1594/1509 279/240/1509 278/239/1509
f 1972/1593/1510 278/239/1510 277/238/1510
f 1971/1592/1511 277/238/1511 276/237/1511
f 1970/1591/1512 276/237/1512 275/236/1512
f 1969/1590/1513 275/236/1513 274/235/1513
f 1968/1589/1514 274/235/1514 273/234/1514
f 1967/1588/1515 273/234/1515 272/233/1515
f 1966/1587/1516 272/233/1516 271/232/1516
f 1965/1586/1517 271/232/1517 270/231/1517
f 1964/1585/1518 270/231/1518 269/230/1518
f 1964/1585/1519 268/229/1519 1963/1584/1519
f 1963/1584/1520 267/228/1520 1962/1582/1520
f 1962/1582/1521 266/225/1521 1961/1583/1521
f 460/1629/1522 266/225/1522 17/227/1522
f 459/1341/1523 1961/1583/1523 460/1629/1523
f 458/1340/1524 1946/1568/1524 459/1341/1524
f 457/1339/1525 1931/1553/1525 458/1340/1525
f 456/1338/1526 1916/1538/1526 457/1339/1526
f 455/1337/1527 1901/1523/1527 456/1338/1527
f 454/1336/1528 1886/1508/1528 455/1337/1528
f 453/1335/1529 1871/1493/1529 454/1336/1529
f 452/1334/1530 1856/1478/1530 453/1335/1530
f 451/1630/1531 1841/1463/1531 452/1334/1531
f 450/1333/1532 1826/1447/1532 451/1630/1532
f 1796/1417/1533 450/1333/1533 449/1332/1533
f 1781/1402/1534 449/1332/1534 448/1331/1534
f 1766/1374/1535 448/1331/1535 447/1330/1535
f 1751/1375/1536 447/1330/1536 446/1328/1536
f 1976/1631/1537 1992/1632/1537 1991/1633/1537
f 1978/1634/1538 1992/1632/1538 1977/1635/1538
f 1979/1636/1539 1993/1637/1539 1978/1634/1539
f 1980/1638/1540 1994/1639/1540 1979/1636/1540
f 1981/1640/1541 1995/1641/1541 1980/1638/1541
f 1982/1642/1542 1996/1643/1542 1981/1640/1542
f 1983/1644/1543 1997/1645/1543 1982/1642/1543
f 1984/1646/1544 1998/1647/1544 1983/1644/1544
f 1985/1648/1545 1999/1649/1545 1984/1646/1545
f 1986/1650/1546 2000/1651/1546 1985/1648/1546
f 1987/1652/1547 2001/1653/1547 1986/1650/1547
f 1988/1654/1548 2002/1655/1548 1987/1652/1548
f 1989/1656/1549 2003/1657/1549 1988/1654/1549
f 1990/1658/1550 2004/1659/1550 1989/1656/1550
f 1992/1632/1551 2006/1660/1551 1991/1633/1551
f 1993/1637/1552 2007/1661/1552 1992/1632/1552
f 1994/1639/1553 2008/1662/1553 1993/1637/1553
f 1995/1641/1554 2009/1663/1554 1994/1639/1554
f 1996/1643/1555 2010/1664/1555 1995/1641/1555
f 1997/1645/1556 2011/1665/1556 1996/1643/1556
f 1998/1647/1557 2012/1666/1557 1997/1645/1557
f 1999/1649/1558 2013/1667/1558 1998/1647/1558
f 1999/1649/1559 2015/1668/1559 2014/1669/1559
f 2000/1651/1560 2016/1670/1560 2015/1668/1560
f 2001/1653/1561 2017/1671/1561 2016/1670/1561
f 2002/1655/1562 2018/1672/1562 2017/1671/1562
f 2004/1659/1563 2018/1672/1563 2003/1657/1563
f 2005/1673/1564 2019/1674/1564 2004/1659/1564
f 2007/1661/1565 2021/1675/1565 2006/1660/1565
f 2008/1662/1566 2022/1676/1566 2007/1661/1566
f 2009/1663/1567 2023/1677/1567 2008/1662/1567
f 2010/1664/1568 2024/1678/1568 2009/1663/1568
f 2011/1665/1569 2025/1679/1569 2010/1664/1569
f 2012/1666/1570 2026/1680/1570 2011/1665/1570
f 2013/1667/1571 2027/1681/1571 2012/1666/1571
f 2013/1667/1572 2029/1682/1572 2028/1683/1572
f 2014/1669/1573 2030/1684/1573 2029/1682/1573
f 2015/1668/1574 2031/1685/1574 2030/1684/1574
f 2016/1670/1575 2032/1686/1575 2031/1685/1575
f 2017/1671/1576 2033/1687/1576 2032/1686/1576
f 2019/1674/1577 2033/1687/1577 2018/1672/1577
f 2020/1688/1578 2034/1689/1578 2019/1674/1578
f 2021/1675/1579 2037/1690/1579 2036/1691/1579
f 2022/1676/1580 2038/1692/1580 2037/1690/1580
f 2024/1678/1581 2038/1692/1581 2023/1677/1581
f 2025/1679/1582 2039/1693/1582 2024/1678/1582
f 2026/1680/1583 2040/1694/1583 2025/1679/1583
f 2027/1681/1584 2041/1695/1584 2026/1680/1584
f 2028/1683/1585 2042/1696/1585 2027/1681/1585
f 2028/1683/1586 2044/1697/1586 2043/1698/1586
f 2029/1682/1587 2045/1699/1587 2044/1697/1587
f 2030/1684/1588 2046/1700/1588 2045/1699/1588
f 2031/1685/1589 2047/1701/1589 2046/1700/1589
f 2032/1686/1590 2048/1702/1590 2047/1701/1590
f 2034/1689/1591 2048/1702/1591 2033/1687/1591
f 2035/1703/1592 2049/1704/1592 2034/1689/1592
f 2036/1691/1593 2052/1705/1593 2051/1706/1593
f 2037/1690/1594 2053/1707/1594 2052/1705/1594
f 2038/1692/1595 2054/1708/1595 2053/1707/1595
f 2039/1693/1596 2055/1709/1596 2054/1708/1596
f 2040/1694/1597 2056/1710/1597 2055/1709/1597
f 2041/1695/1598 2057/1711/1598 2056/1710/1598
f 2042/1696/1599 2058/1712/1599 2057/1711/1599
f 2043/1698/1600 2059/1713/1600 2058/1712/1600
f 2044/1697/1601 2060/1714/1601 2059/1713/1601
f 2045/1699/1602 2061/1715/1602 2060/1714/1602
f 2046/1700/1603 2062/1716/1603 2061/1715/1603
f 2048/1702/1604 2062/1716/1604 2047/1701/1604
f 2049/1704/1605 2063/1717/1605 2048/1702/1605
f 2050/1718/1606 2064/1719/1606 2049/1704/1606
f 2051/1706/1607 2067/1720/1607 2066/1721/1607
f 2052/1705/1608 2068/1722/1608 2067/1720/1608
f 2053/1707/1609 2069/1723/1609 2068/1722/1609
f 2054/1708/1610 2070/1724/1610 2069/1723/1610
f 2055/1709/1611 2071/1725/1611 2070/1724/1611
f 2056/1710/1612 2072/1726/1612 2071/1725/1612
f 2057/1711/1613 2073/1727/1613 2072/1726/1613
f 2058/1712/1614 2074/1728/1614 2073/1727/1614
f 2060/1714/1615 2074/1728/1615 2059/1713/1615
f 2061/1715/1616 2075/1729/1616 2060/1714/1616
f 2062/1716/1617 2076/1730/1617 2061/1715/1617
f 2063/1717/1618 2077/1731/1618 2062/1716/1618
f 2064/1719/1619 2078/1732/1619 2063/1717/1619
f 2065/1733/1620 2079/1734/1620 2064/1719/1620
f 2066/1721/1621 2082/1735/1621 2081/1736/1621
f 2067/1720/1622 2083/1737/1622 2082/1735/1622
f 2068/1722/1623 2084/1738/1623 2083/1737/1623
f 2069/1723/1624 2085/1739/1624 2084/1738/1624
f 2070/1724/1625 2086/1740/1625 2085/1739/1625
f 2071/1725/1626 2087/1741/1626 2086/1740/1626
f 2072/1726/1627 2088/1742/1627 2087/1741/1627
f 2073/1727/1628 2089/1743/1628 2088/1742/1628
f 2075/1729/1629 2089/1743/1629 2074/1728/1629
f 2076/1730/1630 2090/1744/1630 2075/1729/1630
f 2077/1731/1631 2091/1745/1631 2076/1730/1631
f 2078/1732/1632 2092/1746/1632 2077/1731/1632
f 2079/1734/1633 2093/1747/1633 2078/1732/1633
f 2080/1748/1634 2094/1749/1634 2079/1734/1634
f 2081/1736/1635 2097/1750/1635 2096/1751/1635
f 2082/1735/1636 2098/1752/1636 2097/1750/1636
f 2083/1737/1637 2099/1753/1637 2098/1752/1637
f 2084/1738/1638 2100/1754/1638 2099/1753/1638
f 2085/1739/1639 2101/1755/1639 2100/1754/1639
f 2086/1740/1640 2102/1756/1640 2101/1755/1640
f 2087/1741/1641 2103/1757/1641 2102/1756/1641
f 2088/1742/1642 2104/1758/1642 2103/1757/1642
f 2090/1744/1643 2104/1758/1643 2089/1743/1643
f 2091/1745/1644 2105/1759/1644 2090/1744/1644
f 2092/1746/1645 2106/1760/1645 2091/1745/1645
f 2093/1747/1646 2107/1761/1646 2092/1746/1646
f 2094/1749/1647 2108/1762/1647 2093/1747/1647
f 2095/1763/1648 2109/1764/1648 2094/1749/1648
f 2096/1751/1649 2112/1765/1649 2111/1766/1649
f 2097/1750/1650 2113/1767/1650 2112/1765/1650
f 2098/1752/1651 2114/1768/1651 2113/1767/1651
f 2099/1753/1652 2115/1769/1652 2114/1768/1652
f 2100/1754/1653 2116/1770/1653 2115/1769/1653
f 2101/1755/1654 2117/1771/1654 2116/1770/1654
f 2102/1756/1655 2118/1772/1655 2117/1771/1655
f 2103/1757/1656 2119/1773/1656 2118/1772/1656
f 2104/1758/1657 2120/1774/1657 2119/1773/1657
f 2106/1760/1658 2120/1774/1658 2105/1759/1658
f 2107/1761/1659 2121/1775/1659 2106/1760/1659
f 2108/1762/1660 2122/1776/1660 2107/1761/1660
f 2109/1764/1661 2123/1777/1661 2108/1762/1661
f 2110/1778/1662 2124/1779/1662 2109/1764/1662
f 2111/1766/1663 2127/1780/1663 2126/1781/1663
f 2112/1765/1664 2128/1782/1664 2127/1780/1664
f 2113/1767/1665 2129/1783/1665 2128/1782/1665
f 2114/1768/1666 2130/1784/1666 2129/1783/1666
f 2115/1769/1667 2131/1785/1667 2130/1784/1667
f 2116/1770/1668 2132/1786/1668 2131/1785/1668
f 2117/1771/1669 2133/1787/1669 2132/1786/1669
f 2118/1772/1670 2134/1788/1670 2133/1787/1670
f 2119/1773/1671 2135/1789/1671 2134/1788/1671
f 2121/1775/1672 2135/1789/1672 2120/1774/1672
f 2122/1776/1673 2136/1790/1673 2121/1775/1673
f 2123/1777/1674 2137/1791/1674 2122/1776/1674
f 2124/1779/1675 2138/1792/1675 2123/1777/1675
f 2125/1793/1676 2139/1794/1676 2124/1779/1676
f 2126/1781/1677 2142/1795/1677 2141/1796/1677
f 2127/1780/1678 2143/1797/1678 2142/1795/1678
f 2128/1782/1679 2144/1798/1679 2143/1797/1679
f 2129/1783/1680 2145/1799/1680 2144/1798/1680
f 2130/1784/1681 2146/1800/1681 2145/1799/1681
f 2131/1785/1682 2147/1801/1682 2146/1800/1682
f 2132/1786/1683 2148/1802/1683 2147/1801/1683
f 2133/1787/1684 2149/1803/1684 2148/1802/1684
f 2134/1788/1685 2150/1804/1685 2149/1803/1685
f 2135/1789/1686 2151/1805/1686 2150/1804/1686
f 2137/1791/1687 2151/1805/1687 2136/1790/1687
f 2138/1792/1688 2152/1806/1688 2137/1791/1688
f 2139/1794/1689 2153/1807/1689 2138/1792/1689
f 2140/1808/1690 2154/1809/1690 2139/1794/1690
f 2141/1796/1691 2157/1810/1691 2156/1811/1691
f 2142/1795/1692 2158/1812/1692 2157/1810/1692
f 2143/1797/1693 2159/1813/1693 2158/1812/1693
f 2144/1798/1694 2160/1814/1694 2159/1813/1694
f 2145/1799/1695 2161/1815/1695 2160/1814/1695
f 2146/1800/1696 2162/1816/1696 2161/1815/1696
f 2147/1801/1697 2163/1817/1697 2162/1816/1697
f 2148/1802/1698 2164/1818/1698 2163/1817/1698
f 2149/1803/1699 2165/1819/1699 2164/1818/1699
f 2150/1804/1700 2166/1820/1700 2165/1819/1700
f 2152/1806/1701 2166/1820/1701 2151/1805/1701
f 2153/1807/1702 2167/1821/1702 2152/1806/1702
f 2154/1809/1703 2168/1822/1703 2153/1807/1703
f 2155/1823/1704 2169/1824/1704 2154/1809/1704
f 2156/1811/1705 2172/1825/1705 2171/1826/1705
f 2157/1810/1706 2173/1827/1706 2172/1825/1706
f 2158/1812/1707 2174/1828/1707 2173/1827/1707
f 2159/1813/1708 2175/1829/1708 2174/1828/1708
f 2160/1814/1709 2176/1830/1709 2175/1829/1709
f 2161/1815/1710 2177/1831/1710 2176/1830/1710
f 2162/1816/1711 2178/1832/1711 2177/1831/1711
f 2163/1817/1712 2179/1833/1712 2178/1832/1712
f 2164/1818/1713 2180/1834/1713 2179/1833/1713
f 2165/1819/1714 2181/1835/1714 2180/1834/1714
f 2166/1820/1715 2182/1836/1715 2181/1835/1715
f 2168/1822/1716 2182/1836/1716 2167/1821/1716
f 2169/1824/1717 2183/1837/1717 2168/1822/1717
f 2170/1838/1718 2184/1839/1718 2169/1824/1718
f 2172/1825/1719 2186/1840/1719 2171/1826/1719
f 2173/1827/1720 2187/1841/1720 2172/1825/1720
f 2173/1827/1721 2189/1842/1721 2188/1843/1721
f 2174/1828/1722 2190/1844/1722 2189/1842/1722
f 2175/1829/1723 2191/1845/1723 2190/1844/1723
f 2176/1830/1724 2192/1846/1724 2191/1845/1724
f 2177/1831/1725 2193/1847/1725 2192/1846/1725
f 2178/1832/1726 2194/1848/1726 2193/1847/1726
f 2179/1833/1727 2195/1849/1727 2194/1848/1727
f 2180/1834/1728 2196/1850/1728 2195/1849/1728
f 2181/1835/1729 2197/1851/1729 2196/1850/1729
f 2183/1837/1730 2197/1851/1730 2182/1836/1730
f 2184/1839/1731 2198/1852/1731 2183/1837/1731
f 2185/1853/1732 2199/1854/1732 2184/1839/1732
f 15/1855/1733 1976/1631/1733 461/1614/1733
f 235/1856/1734 1977/1635/1734 1976/1631/1734
f 234/1857/1735 1978/1634/1735 1977/1635/1735
f 233/1858/1736 1979/1636/1736 1978/1634/1736
f 232/1859/1737 1980/1638/1737 1979/1636/1737
f 231/1860/1738 1981/1640/1738 1980/1638/1738
f 229/1861/1739 1981/1640/1739 230/1862/1739
f 228/1863/1740 1982/1642/1740 229/1861/1740
f 227/1864/1741 1983/1644/1741 228/1863/1741
f 226/1865/1742 1984/1646/1742 227/1864/1742
f 225/1866/1743 1985/1648/1743 226/1865/1743
f 224/1867/1744 1986/1650/1744 225/1866/1744
f 223/1868/1745 1987/1652/1745 224/1867/1745
f 222/1869/1746 1988/1654/1746 223/1868/1746
f 221/1870/1747 1989/1656/1747 222/1869/1747
f 14/1871/1748 1990/1658/1748 221/1870/1748
f 476/1872/1749 2005/1673/1749 1990/1658/1749
f 477/1873/1750 2020/1688/1750 2005/1673/1750
f 478/1874/1751 2035/1703/1751 2020/1688/1751
f 479/1875/1752 2050/1718/1752 2035/1703/1752
f 480/1876/1753 2065/1733/1753 2050/1718/1753
f 481/1877/1754 2080/1748/1754 2065/1733/1754
f 482/1878/1755 2095/1763/1755 2080/1748/1755
f 483/1879/1756 2110/1778/1756 2095/1763/1756
f 484/1880/1757 2125/1793/1757 2110/1778/1757
f 485/1881/1758 2140/1808/1758 2125/1793/1758
f 486/1882/1759 2155/1823/1759 2140/1808/1759
f 487/1883/1760 2170/1838/1760 2155/1823/1760
f 488/1884/1761 2185/1853/1761 2170/1838/1761
f 489/1885/1762 2200/1886/1762 2185/1853/1762
f 2200/1886/1763 19/1887/1763 295/527/1763
f 2200/1886/1764 294/526/1764 2199/1854/1764
f 2199/1854/1765 293/524/1765 2198/1852/1765
f 2198/1852/1766 292/525/1766 2197/1851/1766
f 2196/1850/1767 292/525/1767 291/523/1767
f 2195/1849/1768 291/523/1768 290/522/1768
f 2194/1848/1769 290/522/1769 289/521/1769
f 2193/1847/1770 289/521/1770 288/520/1770
f 2192/1846/1771 288/520/1771 287/519/1771
f 2191/1845/1772 287/519/1772 286/518/1772
f 2190/1844/1773 286/518/1773 285/517/1773
f 2189/1842/1774 285/517/1774 284/516/1774
f 2189/1842/1775 283/515/1775 2188/1843/1775
f 2188/1843/1776 282/514/1776 2187/1841/1776
f 2187/1841/1777 281/513/1777 2186/1840/1777
f 2186/1840/1778 18/242/1778 475/1628/1778
f 474/1627/1779 2186/1840/1779 475/1628/1779
f 473/1626/1780 2171/1826/1780 474/1627/1780
f 472/1625/1781 2156/1811/1781 473/1626/1781
f 471/1624/1782 2141/1796/1782 472/1625/1782
f 470/1623/1783 2126/1781/1783 471/1624/1783
f 469/1622/1784 2111/1766/1784 470/1623/1784
f 468/1621/1785 2096/1751/1785 469/1622/1785
f 467/1620/1786 2081/1736/1786 468/1621/1786
f 466/1619/1787 2066/1721/1787 467/1620/1787
f 465/1618/1788 2051/1706/1788 466/1619/1788
f 464/1617/1789 2036/1691/1789 465/1618/1789
f 463/1616/1790 2021/1675/1790 464/1617/1790
f 462/1615/1791 2006/1660/1791 463/1616/1791
f 461/1614/1792 1991/1633/1792 462/1615/1792
f 2202/1888/1793 2216/1889/1793 2201/1890/1793
f 2203/1891/1794 2217/1892/1794 2202/1888/1794
f 2204/1893/1795 2218/1894/1795 2203/1891/1795
f 2205/1895/1796 2219/1896/1796 2204/1893/1796
f 2206/1897/1797 2220/1898/1797 2205/1895/1797
f 2207/1899/1798 2221/1900/1798 2206/1897/1798
f 2208/1901/1799 2222/1902/1799 2207/1899/1799
f 2209/1903/1800 2223/1904/1800 2208/1901/1800
f 2210/1905/1801 2224/1906/1801 2209/1903/1801
f 2210/1905/1802 2226/1907/1802 2225/1908/1802
f 2211/1909/1803 2227/1910/1803 2226/1907/1803
f 2212/1911/1804 2228/1912/1804 2227/1910/1804
f 2213/1913/1805 2229/1914/1805 2228/1912/1805
f 2214/1915/1806 2230/1916/1806 2229/1914/1806
f 2217/1892/1807 2231/1917/1807 2216/1889/1807
f 2218/1894/1808 2232/1918/1808 2217/1892/1808
f 2219/1896/1809 2233/1919/1809 2218/1894/1809
f 2220/1898/1810 2234/1920/1810 2219/1896/1810
f 2221/1900/1811 2235/1921/1811 2220/1898/1811
f 2222/1902/1812 2236/1922/1812 2221/1900/1812
f 2223/1904/1813 2237/1923/1813 2222/1902/1813
f 2224/1906/1814 2238/1924/1814 2223/1904/1814
f 2224/1906/1815 2240/1925/1815 2239/1926/1815
f 2225/1908/1816 2241/1927/1816 2240/1925/1816
f 2226/1907/1817 2242/1928/1817 2241/1927/1817
f 2227/1910/1818 2243/1929/1818 2242/1928/1818
f 2228/1912/1819 2244/1930/1819 2243/1929/1819
f 2229/1914/1820 2245/1931/1820 2244/1930/1820
f 2232/1918/1821 2246/1932/1821 2231/1917/1821
f 2233/1919/1822 2247/1933/1822 2232/1918/1822
f 2234/1920/1823 2248/1934/1823 2233/1919/1823
f 2235/1921/1824 2249/1935/1824 2234/1920/1824
f 2236/1922/1825 2250/1936/1825 2235/1921/1825
f 2237/1923/1826 2251/1937/1826 2236/1922/1826
f 2238/1924/1827 2252/1938/1827 2237/1923/1827
f 2238/1924/1828 2254/1939/1828 2253/1940/1828
f 2239/1926/1829 2255/1941/1829 2254/1939/1829
f 2240/1925/1830 2256/1942/1830 2255/1941/1830
f 2241/1927/1831 2257/1943/1831 2256/1942/1831
f 2242/1928/1832 2258/1944/1832 2257/1943/1832
f 2243/1929/1833 2259/1945/1833 2258/1944/1833
f 2244/1930/1834 2260/1946/1834 2259/1945/1834
f 2247/1933/1835 2261/1947/1835 2246/1932/1835
f 2248/1934/1836 2262/1948/1836 2247/1933/1836
f 2249/1935/1837 2263/1949/1837 2248/1934/1837
f 2250/1936/1838 2264/1950/1838 2249/1935/1838
f 2251/1937/1839 2265/1951/1839 2250/1936/1839
f 2252/1938/1840 2266/1952/1840 2251/1937/1840
f 2253/1940/1841 2267/1953/1841 2252/1938/1841
f 2253/1940/1842 2269/1954/1842 2268/1955/1842
f 2254/1939/1843 2270/1956/1843 2269/1954/1843
f 2255/1941/1844 2271/1957/1844 2270/1956/1844
f 2256/1942/1845 2272/1958/1845 2271/1957/1845
f 2257/1943/1846 2273/1959/1846 2272/1958/1846
f 2258/1944/1847 2274/1960/1847 2273/1959/1847
f 2259/1945/1848 2275/1961/1848 2274/1960/1848
f 2262/1948/1849 2276/1962/1849 2261/1947/1849
f 2263/1949/1850 2277/1963/1850 2262/1948/1850
f 2264/1950/1851 2278/1964/1851 2263/1949/1851
f 2265/1951/1852 2279/1965/1852 2264/1950/1852
f 2266/1952/1853 2280/1966/1853 2265/1951/1853
f 2267/1953/1854 2281/1967/1854 2266/1952/1854
f 2268/1955/1855 2282/1968/1855 2267/1953/1855
f 2268/1955/1856 2284/1969/1856 2283/1970/1856
f 2269/1954/1857 2285/1971/1857 2284/1969/1857
f 2270/1956/1858 2286/1972/1858 2285/1971/1858
f 2271/1957/1859 2287/1973/1859 2286/1972/1859
f 2272/1958/1860 2288/1974/1860 2287/1973/1860
f 2273/1959/1861 2289/1975/1861 2288/1974/1861
f 2274/1960/1862 2290/1976/1862 2289/1975/1862
f 2277/1963/1863 2291/1977/1863 2276/1962/1863
f 2278/1964/1864 2292/1978/1864 2277/1963/1864
f 2279/1965/1865 2293/1979/1865 2278/1964/1865
f 2280/1966/1866 2294/1980/1866 2279/1965/1866
f 2281/1967/1867 2295/1981/1867 2280/1966/1867
f 2282/1968/1868 2296/1982/1868 2281/1967/1868
f 2282/1968/1869 2298/1983/1869 2297/1984/1869
f 2283/1970/1870 2299/1985/1870 2298/1983/1870
f 2284/1969/1871 2300/1986/1871 2299/1985/1871
f 2285/1971/1872 2301/1987/1872 2300/1986/1872
f 2286/1972/1873 2302/1988/1873 2301/1987/1873
f 2287/1973/1874 2303/1989/1874 2302/1988/1874
f 2288/1974/1875 2304/1990/1875 2303/1989/1875
f 2289/1975/1876 2305/1991/1876 2304/1990/1876
f 2292/1978/1877 2306/1992/1877 2291/1977/1877
f 2293/1979/1878 2307/1993/1878 2292/1978/1878
f 2294/1980/1879 2308/1994/1879 2293/1979/1879
f 2295/1981/1880 2309/1995/1880 2294/1980/1880
f 2296/1982/1881 2310/1996/1881 2295/1981/1881
f 2297/1984/1882 2311/1997/1882 2296/1982/1882
f 2297/1984/1883 2313/1998/1883 2312/1999/1883
f 2298/1983/1884 2314/2000/1884 2313/1998/1884
f 2299/1985/1885 2315/2001/1885 2314/2000/1885
f 2300/1986/1886 2316/2002/1886 2315/2001/1886
f 2301/1987/1887 2317/2003/1887 2316/2002/1887
f 2302/1988/1888 2318/2004/1888 2317/2003/1888
f 2303/1989/1889 2319/2005/1889 2318/2004/1889
f 2304/1990/1890 2320/2006/1890 2319/2005/1890
f 2307/1993/1891 2321/2007/1891 2306/1992/1891
f 2308/1994/1892 2322/2008/1892 2307/1993/1892
f 2309/1995/1893 2323/2009/1893 2308/1994/1893
f 2310/1996/1894 2324/2010/1894 2309/1995/1894
f 2311/1997/1895 2325/2011/1895 2310/1996/1895
f 2312/1999/1896 2326/2012/1896 2311/1997/1896
f 2312/1999/1897 2328/2013/1897 2327/2014/1897
f 2313/1998/1898 2329/2015/1898 2328/2013/1898
f 2314/2000/1899 2330/2016/1899 2329/2015/1899
f 2315/2001/1900 2331/2017/1900 2330/2016/1900
f 2316/2002/1901 2332/2018/1901 2331/2017/1901
f 2317/2003/1902 2333/2019/1902 2332/2018/1902
f 2318/2004/1903 2334/2020/1903 2333/2019/1903
f 2319/2005/1904 2335/2021/1904 2334/2020/1904
f 2322/2008/1905 2336/2022/1905 2321/2007/1905
f 2323/2009/1906 2337/2023/1906 2322/2008/1906
f 2324/2010/1907 2338/2024/1907 2323/2009/1907
f 2325/2011/1908 2339/2025/1908 2324/2010/1908
f 2325/2011/1909 2341/2026/1909 2340/2027/1909
f 2326/2012/1910 2342/2028/1910 2341/2026/1910
f 2327/2014/1911 2343/2029/1911 2342/2028/1911
f 2328/2013/1912 2344/2030/1912 2343/2029/1912
f 2329/2015/1913 2345/2031/1913 2344/2030/1913
f 2330/2016/1914 2346/2032/1914 2345/2031/1914
f 2331/2017/1915 2347/2033/1915 2346/2032/1915
f 2332/2018/1916 2348/2034/1916 2347/2033/1916
f 2333/2019/1917 2349/2035/1917 2348/2034/1917
f 2334/2020/1918 2350/2036/1918 2349/2035/1918
f 2337/2023/1919 2351/2037/1919 2336/2022/1919
f 2338/2024/1920 2352/2038/1920 2337/2023/1920
f 2339/2025/1921 2353/2039/1921 2338/2024/1921
f 2340/2027/1922 2354/2040/1922 2339/2025/1922
f 2340/2027/1923 2356/2041/1923 2355/2042/1923
f 2341/2026/1924 2357/2043/1924 2356/2041/1924
f 2342/2028/1925 2358/2044/1925 2357/2043/1925
f 2343/2029/1926 2359/2045/1926 2358/2044/1926
f 2344/2030/1927 2360/2046/1927 2359/2045/1927
f 2345/2031/1928 2361/2047/1928 2360/2046/1928
f 2346/2032/1929 2362/2048/1929 2361/2047/1929
f 2347/2033/1930 2363/2049/1930 2362/2048/1930
f 2348/2034/1931 2364/2050/1931 2363/2049/1931
f 2349/2035/1932 2365/2051/1932 2364/2050/1932
f 2352/2038/1933 2366/2052/1933 2351/2037/1933
f 2353/2039/1934 2367/2053/1934 2352/2038/1934
f 2354/2040/1935 2368/2054/1935 2353/2039/1935
f 2354/2040/1936 2370/2055/1936 2369/2056/1936
f 2355/2042/1937 2371/2057/1937 2370/2055/1937
f 2356/2041/1938 2372/2058/1938 2371/2057/1938
f 2357/2043/1939 2373/2059/1939 2372/2058/1939
f 2358/2044/1940 2374/2060/1940 2373/2059/1940
f 2359/2045/1941 2375/2061/1941 2374/2060/1941
f 2360/2046/1942 2376/2062/1942 2375/2061/1942
f 2361/2047/1943 2377/2063/1943 2376/2062/1943
f 2362/2048/1944 2378/2064/1944 2377/2063/1944
f 2363/2049/1945 2379/2065/1945 2378/2064/1945
f 2364/2050/1946 2380/2066/1946 2379/2065/1946
f 2367/2053/1947 2381/2067/1947 2366/2052/1947
f 2368/2054/1948 2382/2068/1948 2367/2053/1948
f 2369/2056/1949 2383/2069/1949 2368/2054/1949
f 2369/2056/1950 2385/2070/1950 2384/2071/1950
f 2370/2055/1951 2386/2072/1951 2385/2070/1951
f 2371/2057/1952 2387/2073/1952 2386/2072/1952
f 2372/2058/1953 2388/2074/1953 2387/2073/1953
f 2373/2059/1954 2389/2075/1954 2388/2074/1954
f 2374/2060/1955 2390/2076/1955 2389/2075/1955
f 2375/2061/1956 2391/2077/1956 2390/2076/1956
f 2376/2062/1957 2392/2078/1957 2391/2077/1957
f 2377/2063/1958 2393/2079/1958 2392/2078/1958
f 2378/2064/1959 2394/2080/1959 2393/2079/1959
f 2379/2065/1960 2395/2081/1960 2394/2080/1960
f 2382/2068/1961 2396/2082/1961 2381/2067/1961
f 2383/2069/1962 2397/2083/1962 2382/2068/1962
f 2384/2071/1963 2398/2084/1963 2383/2069/1963
f 2384/2071/1964 2400/2085/1964 2399/2086/1964
f 2385/2070/1965 2401/2087/1965 2400/2085/1965
f 2386/2072/1966 2402/2088/1966 2401/2087/1966
f 2387/2073/1967 2403/2089/1967 2402/2088/1967
f 2388/2074/1968 2404/2090/1968 2403/2089/1968
f 2389/2075/1969 2405/2091/1969 2404/2090/1969
f 2390/2076/1970 2406/2092/1970 2405/2091/1970
f 2391/2077/1971 2407/2093/1971 2406/2092/1971
f 2392/2078/1972 2408/2094/1972 2407/2093/1972
f 2393/2079/1973 2409/2095/1973 2408/2094/1973
f 2395/2081/1974 2409/2095/1974 2394/2080/1974
f 2397/2083/1975 2411/2096/1975 2396/2082/1975
f 2397/2083/1976 2413/2097/1976 2412/2098/1976
f 2398/2084/1977 2414/2099/1977 2413/2097/1977
f 2399/2086/1978 2415/2100/1978 2414/2099/1978
f 2400/2085/1979 2416/2101/1979 2415/2100/1979
f 2401/2087/1980 2417/2102/1980 2416/2101/1980
f 2402/2088/1981 2418/2103/1981 2417/2102/1981
f 2403/2089/1982 2419/2104/1982 2418/2103/1982
f 2404/2090/1983 2420/2105/1983 2419/2104/1983
f 2405/2091/1984 2421/2106/1984 2420/2105/1984
f 2406/2092/1985 2422/2107/1985 2421/2106/1985
f 2407/2093/1986 2423/2108/1986 2422/2107/1986
f 2409/2095/1987 2423/2108/1987 2408/2094/1987
f 2410/2109/1988 2424/2110/1988 2409/2095/1988
f 220/2111/1989 476/1872/1989 14/1871/1989
f 219/2112/1990 2201/1890/1990 220/2111/1990
f 218/2113/1991 2202/1888/1991 219/2112/1991
f 217/2114/1992 2203/1891/1992 218/2113/1992
f 216/2115/1993 2204/1893/1993 217/2114/1993
f 215/2116/1994 2205/1895/1994 216/2115/1994
f 214/2117/1995 2206/1897/1995 215/2116/1995
f 213/2118/1996 2207/1899/1996 214/2117/1996
f 212/2119/1997 2208/1901/1997 213/2118/1997
f 212/2119/1998 2210/1905/1998 2209/1903/1998
f 211/2120/1999 2211/1909/1999 2210/1905/1999
f 210/2121/2000 2212/1911/2000 2211/1909/2000
f 209/2122/2001 2213/1913/2001 2212/1911/2001
f 208/2123/2002 2214/1915/2002 2213/1913/2002
f 207/2124/2003 2215/2125/2003 2214/1915/2003
f 206/2126/2004 205/2127/2004 2215/2125/2004
f 2215/2125/2005 204/2128/2005 2230/1916/2005
f 2230/1916/2006 203/2129/2006 2245/1931/2006
f 2245/1931/2007 202/2130/2007 2260/1946/2007
f 2260/1946/2008 201/2131/2008 2275/1961/2008
f 2275/1961/2009 200/2132/2009 2290/1976/2009
f 2290/1976/2010 199/2133/2010 2305/1991/2010
f 2305/1991/2011 198/2134/2011 2320/2006/2011
f 2320/2006/2012 197/2135/2012 2335/2021/2012
f 2335/2021/2013 196/2136/2013 2350/2036/2013
f 196/2136/2014 2365/2051/2014 2350/2036/2014
f 195/2137/2015 2380/2066/2015 2365/2051/2015
f 194/2138/2016 2395/2081/2016 2380/2066/2016
f 193/2139/2017 2410/2109/2017 2395/2081/2017
f 192/2140/2018 2425/2141/2018 2410/2109/2018
f 191/2142/2019 491/2143/2019 2425/2141/2019
f 2425/2141/2020 492/2144/2020 2424/2110/2020
f 2424/2110/2021 493/2145/2021 2423/2108/2021
f 2423/2108/2022 494/2146/2022 2422/2107/2022
f 2422/2107/2023 495/2147/2023 2421/2106/2023
f 2420/2105/2024 495/2147/2024 496/2148/2024
f 2419/2104/2025 496/2148/2025 497/2149/2025
f 2419/2104/2026 498/2150/2026 2418/2103/2026
f 2418/2103/2027 499/2151/2027 2417/2102/2027
f 2417/2102/2028 500/2152/2028 2416/2101/2028
f 2416/2101/2029 501/2153/2029 2415/2100/2029
f 2415/2100/2030 502/2154/2030 2414/2099/2030
f 2413/2097/2031 502/2154/2031 503/2155/2031
f 2412/2098/2032 503/2155/2032 504/2156/2032
f 2411/2096/2033 504/2156/2033 505/2157/2033
f 490/2158/2034 505/2157/2034 19/1887/2034
f 489/1885/2035 2411/2096/2035 490/2158/2035
f 2381/2067/2036 489/1885/2036 488/1884/2036
f 2366/2052/2037 488/1884/2037 487/1883/2037
f 2351/2037/2038 487/1883/2038 486/1882/2038
f 2336/2022/2039 486/1882/2039 485/1881/2039
f 2321/2007/2040 485/1881/2040 484/1880/2040
f 2306/1992/2041 484/1880/2041 483/1879/2041
f 2291/1977/2042 483/1879/2042 482/1878/2042
f 2276/1962/2043 482/1878/2043 481/1877/2043
f 2261/1947/2044 481/1877/2044 480/1876/2044
f 2246/1932/2045 480/1876/2045 479/1875/2045
f 2231/1917/2046 479/1875/2046 478/1874/2046
f 2216/1889/2047 478/1874/2047 477/1873/2047
f 2201/1890/2048 477/1873/2048 476/1872/2048
f 2426/2159/2049 2442/2160/2049 2441/2161/2049
f 2427/2162/2050 2443/2163/2050 2442/2160/2050
f 2428/2164/2051 2444/2165/2051 2443/2163/2051
f 2430/2166/2052 2444/2165/2052 2429/2167/2052
f 2431/2168/2053 2445/2169/2053 2430/2166/2053
f 2432/2170/2054 2446/2171/2054 2431/2168/2054
f 2433/2172/2055 2447/2173/2055 2432/2170/2055
f 2434/2174/2056 2448/2175/2056 2433/2172/2056
f 2435/2176/2057 2449/2177/2057 2434/2174/2057
f 2436/2178/2058 2450/2179/2058 2435/2176/2058
f 2437/2180/2059 2451/2181/2059 2436/2178/2059
f 2438/2182/2060 2452/2183/2060 2437/2180/2060
f 2439/2184/2061 2453/2185/2061 2438/2182/2061
f 2440/2186/2062 2454/2187/2062 2439/2184/2062
f 2441/2161/2063 2457/2188/2063 2456/2189/2063
f 2442/2160/2064 2458/2190/2064 2457/2188/2064
f 2443/2163/2065 2459/2191/2065 2458/2190/2065
f 2444/2165/2066 2460/2192/2066 2459/2191/2066
f 2446/2171/2067 2460/2192/2067 2445/2169/2067
f 2447/2173/2068 2461/2193/2068 2446/2171/2068
f 2448/2175/2069 2462/2194/2069 2447/2173/2069
f 2449/2177/2070 2463/2195/2070 2448/2175/2070
f 2450/2179/2071 2464/2196/2071 2449/2177/2071
f 2451/2181/2072 2465/2197/2072 2450/2179/2072
f 2452/2183/2073 2466/2198/2073 2451/2181/2073
f 2453/2185/2074 2467/2199/2074 2452/2183/2074
f 2454/2187/2075 2468/2200/2075 2453/2185/2075
f 2455/2201/2076 2469/2202/2076 2454/2187/2076
f 2456/2189/2077 2472/2203/2077 2471/2204/2077
f 2457/2188/2078 2473/2205/2078 2472/2203/2078
f 2458/2190/2079 2474/2206/2079 2473/2205/2079
f 2459/2191/2080 2475/2207/2080 2474/2206/2080
f 2460/2192/2081 2476/2208/2081 2475/2207/2081
f 2462/2194/2082 2476/2208/2082 2461/2193/2082
f 2463/2195/2083 2477/2209/2083 2462/2194/2083
f 2464/2196/2084 2478/2210/2084 2463/2195/2084
f 2465/2197/2085 2479/2211/2085 2464/2196/2085
f 2466/2198/2086 2480/2212/2086 2465/2197/2086
f 2467/2199/2087 2481/2213/2087 2466/2198/2087
f 2468/2200/2088 2482/2214/2088 2467/2199/2088
f 2469/2202/2089 2483/2215/2089 2468/2200/2089
f 2469/2202/2090 2485/2216/2090 2484/2217/2090
f 2471/2204/2091 2487/2218/2091 2486/2219/2091
f 2472/2203/2092 2488/2220/2092 2487/2218/2092
f 2473/2205/2093 2489/2221/2093 2488/2220/2093
f 2474/2206/2094 2490/2222/2094 2489/2221/2094
f 2475/2207/2095 2491/2223/2095 2490/2222/2095
f 2477/2209/2096 2491/2223/2096 2476/2208/2096
f 2477/2209/2097 2493/2224/2097 2492/2225/2097
f 2478/2210/2098 2494/2226/2098 2493/2224/2098
f 2479/2211/2099 2495/2227/2099 2494/2226/2099
f 2480/2212/2100 2496/2228/2100 2495/2227/2100
f 2481/2213/2101 2497/2229/2101 2496/2228/2101
f 2482/2214/2102 2498/2230/2102 2497/2229/2102
f 2483/2215/2103 2499/2231/2103 2498/2230/2103
f 2484/2217/2104 2500/2232/2104 2499/2231/2104
f 2486/2219/2105 2502/2233/2105 2501/2234/2105
f 2487/2218/2106 2503/2235/2106 2502/2233/2106
f 2488/2220/2107 2504/2236/2107 2503/2235/2107
f 2489/2221/2108 2505/2237/2108 2504/2236/2108
f 2490/2222/2109 2506/2238/2109 2505/2237/2109
f 2491/2223/2110 2507/2239/2110 2506/2238/2110
f 2492/2225/2111 2508/2240/2111 2507/2239/2111
f 2493/2224/2112 2509/2241/2112 2508/2240/2112
f 2494/2226/2113 2510/2242/2113 2509/2241/2113
f 2495/2227/2114 2511/2243/2114 2510/2242/2114
f 2496/2228/2115 2512/2244/2115 2511/2243/2115
f 2497/2229/2116 2513/2245/2116 2512/2244/2116
f 2498/2230/2117 2514/2246/2117 2513/2245/2117
f 2499/2231/2118 2515/2247/2118 2514/2246/2118
f 2501/2234/2119 2517/2248/2119 2516/2249/2119
f 2502/2233/2120 2518/2250/2120 2517/2248/2120
f 2503/2235/2121 2519/2251/2121 2518/2250/2121
f 2504/2236/2122 2520/2252/2122 2519/2251/2122
f 2505/2237/2123 2521/2253/2123 2520/2252/2123
f 2506/2238/2124 2522/2254/2124 2521/2253/2124
f 2507/2239/2125 2523/2255/2125 2522/2254/2125
f 2508/2240/2126 2524/2256/2126 2523/2255/2126
f 2509/2241/2127 2525/2257/2127 2524/2256/2127
f 2510/2242/2128 2526/2258/2128 2525/2257/2128
f 2511/2243/2129 2527/2259/2129 2526/2258/2129
f 2512/2244/2130 2528/2260/2130 2527/2259/2130
f 2513/2245/2131 2529/2261/2131 2528/2260/2131
f 2514/2246/2132 2530/2262/2132 2529/2261/2132
f 2516/2249/2133 2532/2263/2133 2531/2264/2133
f 2517/2248/2134 2533/2265/2134 2532/2263/2134
f 2518/2250/2135 2534/2266/2135 2533/2265/2135
f 2519/2251/2136 2535/2267/2136 2534/2266/2136
f 2520/2252/2137 2536/2268/2137 2535/2267/2137
f 2521/2253/2138 2537/2269/2138 2536/2268/2138
f 2522/2254/2139 2538/2270/2139 2537/2269/2139
f 2523/2255/2140 2539/2271/2140 2538/2270/2140
f 2524/2256/2141 2540/2272/2141 2539/2271/2141
f 2525/2257/2142 2541/2273/2142 2540/2272/2142
f 2526/2258/2143 2542/2274/2143 2541/2273/2143
f 2527/2259/2144 2543/2275/2144 2542/2274/2144
f 2528/2260/2145 2544/2276/2145 2543/2275/2145
f 2529/2261/2146 2545/2277/2146 2544/2276/2146
f 2531/2264/2147 2547/2278/2147 2546/2279/2147
f 2532/2263/2148 2548/2280/2148 2547/2278/2148
f 2533/2265/2149 2549/2281/2149 2548/2280/2149
f 2534/2266/2150 2550/2282/2150 2549/2281/2150
f 2535/2267/2151 2551/2283/2151 2550/2282/2151
f 2536/2268/2152 2552/2284/2152 2551/2283/2152
f 2537/2269/2153 2553/2285/2153 2552/2284/2153
f 2538/2270/2154 2554/2286/2154 2553/2285/2154
f 2539/2271/2155 2555/2287/2155 2554/2286/2155
f 2540/2272/2156 2556/2288/2156 2555/2287/2156
f 2541/2273/2157 2557/2289/2157 2556/2288/2157
f 2542/2274/2158 2558/2290/2158 2557/2289/2158
f 2543/2275/2159 2559/2291/2159 2558/2290/2159
f 2544/2276/2160 2560/2292/2160 2559/2291/2160
f 2546/2279/2161 2562/2293/2161 2561/2294/2161
f 2547/2278/2162 2563/2295/2162 2562/2293/2162
f 2548/2280/2163 2564/2296/2163 2563/2295/2163
f 2549/2281/2164 2565/2297/2164 2564/2296/2164
f 2550/2282/2165 2566/2298/2165 2565/2297/2165
f 2551/2283/2166 2567/2299/2166 2566/2298/2166
f 2552/2284/2167 2568/2300/2167 2567/2299/2167
f 2553/2285/2168 2569/2301/2168 2568/2300/2168
f 2554/2286/2169 2570/2302/2169 2569/2301/2169
f 2555/2287/2170 2571/2303/2170 2570/2302/2170
f 2556/2288/2171 2572/2304/2171 2571/2303/2171
f 2557/2289/2172 2573/2305/2172 2572/2304/2172
f 2558/2290/2173 2574/2306/2173 2573/2305/2173
f 2559/2291/2174 2575/2307/2174 2574/2306/2174
f 2561/2294/2175 2577/2308/2175 2576/2309/2175
f 2562/2293/2176 2578/2310/2176 2577/2308/2176
f 2563/2295/2177 2579/2311/2177 2578/2310/2177
f 2564/2296/2178 2580/2312/2178 2579/2311/2178
f 2565/2297/2179 2581/2313/2179 2580/2312/2179
f 2566/2298/2180 2582/2314/2180 2581/2313/2180
f 2567/2299/2181 2583/2315/2181 2582/2314/2181
f 2568/2300/2182 2584/2316/2182 2583/2315/2182
f 2569/2301/2183 2585/2317/2183 2584/2316/2183
f 2570/2302/2184 2586/2318/2184 2585/2317/2184
f 2571/2303/2185 2587/2319/2185 2586/2318/2185
f 2572/2304/2186 2588/2320/2186 2587/2319/2186
f 2573/2305/2187 2589/2321/2187 2588/2320/2187
f 2574/2306/2188 2590/2322/2188 2589/2321/2188
f 2576/2309/2189 2592/2323/2189 2591/2324/2189
f 2578/2310/2190 2592/2323/2190 2577/2308/2190
f 2579/2311/2191 2593/2325/2191 2578/2310/2191
f 2580/2312/2192 2594/2326/2192 2579/2311/2192
f 2580/2312/2193 2596/2327/2193 2595/2328/2193
f 2581/2313/2194 2597/2329/2194 2596/2327/2194
f 2582/2314/2195 2598/2330/2195 2597/2329/2195
f 2583/2315/2196 2599/2331/2196 2598/2330/2196
f 2584/2316/2197 2600/2332/2197 2599/2331/2197
f 2585/2317/2198 2601/2333/2198 2600/2332/2198
f 2586/2318/2199 2602/2334/2199 2601/2333/2199
f 2587/2319/2200 2603/2335/2200 2602/2334/2200
f 2588/2320/2201 2604/2336/2201 2603/2335/2201
f 2589/2321/2202 2605/2337/2202 2604/2336/2202
f 2591/2324/2203 2607/2338/2203 2606/2339/2203
f 2593/2325/2204 2607/2338/2204 2592/2323/2204
f 2594/2326/2205 2608/2340/2205 2593/2325/2205
f 2595/2328/2206 2609/2341/2206 2594/2326/2206
f 2596/2327/2207 2610/2342/2207 2595/2328/2207
f 2596/2327/2208 2612/2343/2208 2611/2344/2208
f 2597/2329/2209 2613/2345/2209 2612/2343/2209
f 2598/2330/2210 2614/2346/2210 2613/2345/2210
f 2599/2331/2211 2615/2347/2211 2614/2346/2211
f 2600/2332/2212 2616/2348/2212 2615/2347/2212
f 2601/2333/2213 2617/2349/2213 2616/2348/2213
f 2602/2334/2214 2618/2350/2214 2617/2349/2214
f 2603/2335/2215 2619/2351/2215 2618/2350/2215
f 2604/2336/2216 2620/2352/2216 2619/2351/2216
f 2606/2339/2217 2622/2353/2217 2621/2354/2217
f 2608/2340/2218 2622/2353/2218 2607/2338/2218
f 2609/2341/2219 2623/2355/2219 2608/2340/2219
f 2610/2342/2220 2624/2356/2220 2609/2341/2220
f 2611/2344/2221 2625/2357/2221 2610/2342/2221
f 2612/2343/2222 2626/2358/2222 2611/2344/2222
f 2612/2343/2223 2628/2359/2223 2627/2360/2223
f 2613/2345/2224 2629/2361/2224 2628/2359/2224
f 2614/2346/2225 2630/2362/2225 2629/2361/2225
f 2615/2347/2226 2631/2363/2226 2630/2362/2226
f 2616/2348/2227 2632/2364/2227 2631/2363/2227
f 2617/2349/2228 2633/2365/2228 2632/2364/2228
f 2618/2350/2229 2634/2366/2229 2633/2365/2229
f 2619/2351/2230 2635/2367/2230 2634/2366/2230
f 2621/2354/2231 2637/2368/2231 2636/2369/2231
f 2622/2353/2232 2638/2370/2232 2637/2368/2232
f 2624/2356/2233 2638/2370/2233 2623/2355/2233
f 2625/2357/2234 2639/2371/2234 2624/2356/2234
f 2626/2358/2235 2640/2372/2235 2625/2357/2235
f 2627/2360/2236 2641/2373/2236 2626/2358/2236
f 2628/2359/2237 2642/2374/2237 2627/2360/2237
f 2629/2361/2238 2643/2375/2238 2628/2359/2238
f 2629/2361/2239 2645/2376/2239 2644/2377/2239
f 2630/2362/2240 2646/2378/2240 2645/2376/2240
f 2631/2363/2241 2647/2379/2241 2646/2378/2241
f 2632/2364/2242 2648/2380/2242 2647/2379/2242
f 2633/2365/2243 2649/2381/2243 2648/2380/2243
f 2634/2366/2244 2650/2382/2244 2649/2381/2244
f 19/1887/2245 2426/2159/2245 326/528/2245
f 505/2157/2246 2427/2162/2246 2426/2159/2246
f 504/2156/2247 2428/2164/2247 2427/2162/2247
f 503/2155/2248 2429/2167/2248 2428/2164/2248
f 501/2153/2249 2429/2167/2249 502/2154/2249
f 500/2152/2250 2430/2166/2250 501/2153/2250
f 499/2151/2251 2431/2168/2251 500/2152/2251
f 498/2150/2252 2432/2170/2252 499/2151/2252
f 497/2149/2253 2433/2172/2253 498/2150/2253
f 496/2148/2254 2434/2174/2254 497/2149/2254
f 495/2147/2255 2435/2176/2255 496/2148/2255
f 494/2146/2256 2436/2178/2256 495/2147/2256
f 493/2145/2257 2437/2180/2257 494/2146/2257
f 492/2144/2258 2438/2182/2258 493/2145/2258
f 491/2143/2259 2439/2184/2259 492/2144/2259
f 13/2383/2260 2440/2186/2260 491/2143/2260
f 190/2384/2261 2455/2201/2261 2440/2186/2261
f 189/2385/2262 2470/2386/2262 2455/2201/2262
f 2470/2386/2263 187/2387/2263 2485/2216/2263
f 2485/2216/2264 186/2388/2264 2500/2232/2264
f 2500/2232/2265 185/2389/2265 2515/2247/2265
f 2515/2247/2266 184/2390/2266 2530/2262/2266
f 2530/2262/2267 183/2391/2267 2545/2277/2267
f 2545/2277/2268 182/2392/2268 2560/2292/2268
f 2560/2292/2269 181/2393/2269 2575/2307/2269
f 2575/2307/2270 180/2394/2270 2590/2322/2270
f 2590/2322/2271 179/2395/2271 2605/2337/2271
f 2605/2337/2272 178/2396/2272 2620/2352/2272
f 2620/2352/2273 177/2397/2273 2635/2367/2273
f 2635/2367/2274 176/2398/2274 2650/2382/2274
f 2650/2382/2275 12/2399/2275 506/2400/2275
f 2649/2381/2276 506/2400/2276 507/2401/2276
f 2648/2380/2277 507/2401/2277 508/2402/2277
f 2648/2380/2278 509/2403/2278 2647/2379/2278
f 2647/2379/2279 510/2404/2279 2646/2378/2279
f 2646/2378/2280 511/2405/2280 2645/2376/2280
f 2645/2376/2281 512/2406/2281 2644/2377/2281
f 2644/2377/2282 513/2407/2282 2643/2375/2282
f 2643/2375/2283 514/2408/2283 2642/2374/2283
f 2642/2374/2284 515/2409/2284 2641/2373/2284
f 2641/2373/2285 516/2410/2285 2640/2372/2285
f 2640/2372/2286 517/2411/2286 2639/2371/2286
f 2638/2370/2287 517/2411/2287 518/2412/2287
f 2637/2368/2288 518/2412/2288 519/2413/2288
f 2636/2369/2289 519/2413/2289 520/2414/2289
f 340/542/2290 520/2414/2290 22/543/2290
f 339/541/2291 2636/2369/2291 340/542/2291
f 338/540/2292 2621/2354/2292 339/541/2292
f 337/539/2293 2606/2339/2293 338/540/2293
f 336/538/2294 2591/2324/2294 337/539/2294
f 335/537/2295 2576/2309/2295 336/538/2295
f 334/536/2296 2561/2294/2296 335/537/2296
f 333/535/2297 2546/2279/2297 334/536/2297
f 332/534/2298 2531/2264/2298 333/535/2298
f 331/533/2299 2516/2249/2299 332/534/2299
f 330/532/2300 2501/2234/2300 331/533/2300
f 329/531/2301 2486/2219/2301 330/532/2301
f 328/530/2302 2471/2204/2302 329/531/2302
f 327/2415/2303 2456/2189/2303 328/530/2303
f 326/528/2304 2441/2161/2304 327/2415/2304
f 2651/2416/2305 2667/2417/2305 2666/2418/2305
f 2652/2419/2306 2668/2420/2306 2667/2417/2306
f 2653/2421/2307 2669/2422/2307 2668/2420/2307
f 2655/2423/2308 2669/2422/2308 2654/2424/2308
f 2656/2425/2309 2670/2426/2309 2655/2423/2309
f 2657/2427/2310 2671/2428/2310 2656/2425/2310
f 2658/2429/2311 2672/2430/2311 2657/2427/2311
f 2659/2431/2312 2673/2432/2312 2658/2429/2312
f 2660/2433/2313 2674/2434/2313 2659/2431/2313
f 2661/2435/2314 2675/2436/2314 2660/2433/2314
f 2662/2437/2315 2676/2438/2315 2661/2435/2315
f 2663/2439/2316 2677/2440/2316 2662/2437/2316
f 2664/2441/2317 2678/2442/2317 2663/2439/2317
f 2665/2443/2318 2679/2444/2318 2664/2441/2318
f 2666/2418/2319 2682/2445/2319 2681/2446/2319
f 2667/2417/2320 2683/2447/2320 2682/2445/2320
f 2668/2420/2321 2684/2448/2321 2683/2447/2321
f 2669/2422/2322 2685/2449/2322 2684/2448/2322
f 2671/2428/2323 2685/2449/2323 2670/2426/2323
f 2672/2430/2324 2686/2450/2324 2671/2428/2324
f 2673/2432/2325 2687/2451/2325 2672/2430/2325
f 2674/2434/2326 2688/2452/2326 2673/2432/2326
f 2675/2436/2327 2689/2453/2327 2674/2434/2327
f 2676/2438/2328 2690/2454/2328 2675/2436/2328
f 2677/2440/2329 2691/2455/2329 2676/2438/2329
f 2678/2442/2330 2692/2456/2330 2677/2440/2330
f 2679/2444/2331 2693/2457/2331 2678/2442/2331
f 2680/2458/2332 2694/2459/2332 2679/2444/2332
f 2681/2446/2333 2697/2460/2333 2696/2461/2333
f 2682/2445/2334 2698/2462/2334 2697/2460/2334
f 2683/2447/2335 2699/2463/2335 2698/2462/2335
f 2684/2448/2336 2700/2464/2336 2699/2463/2336
f 2686/2450/2337 2700/2464/2337 2685/2449/2337
f 2687/2451/2338 2701/2465/2338 2686/2450/2338
f 2688/2452/2339 2702/2466/2339 2687/2451/2339
f 2689/2453/2340 2703/2467/2340 2688/2452/2340
f 2690/2454/2341 2704/2468/2341 2689/2453/2341
f 2691/2455/2342 2705/2469/2342 2690/2454/2342
f 2692/2456/2343 2706/2470/2343 2691/2455/2343
f 2693/2457/2344 2707/2471/2344 2692/2456/2344
f 2694/2459/2345 2708/2472/2345 2693/2457/2345
f 2695/2473/2346 2709/2474/2346 2694/2459/2346
f 2696/2461/2347 2712/2475/2347 2711/2476/2347
f 2697/2460/2348 2713/2477/2348 2712/2475/2348
f 2698/2462/2349 2714/2478/2349 2713/2477/2349
f 2699/2463/2350 2715/2479/2350 2714/2478/2350
f 2701/2465/2351 2715/2479/2351 2700/2464/2351
f 2702/2466/2352 2716/2480/2352 2701/2465/2352
f 2703/2467/2353 2717/2481/2353 2702/2466/2353
f 2704/2468/2354 2718/2482/2354 2703/2467/2354
f 2705/2469/2355 2719/2483/2355 2704/2468/2355
f 2706/2470/2356 2720/2484/2356 2705/2469/2356
f 2707/2471/2357 2721/2485/2357 2706/2470/2357
f 2708/2472/2358 2722/2486/2358 2707/2471/2358
f 2709/2474/2359 2723/2487/2359 2708/2472/2359
f 2710/2488/2360 2724/2489/2360 2709/2474/2360
f 2711/2476/2361 2727/2490/2361 2726/2491/2361
f 2712/2475/2362 2728/2492/2362 2727/2490/2362
f 2713/2477/2363 2729/2493/2363 2728/2492/2363
f 2714/2478/2364 2730/2494/2364 2729/2493/2364
f 2716/2480/2365 2730/2494/2365 2715/2479/2365
f 2717/2481/2366 2731/2495/2366 2716/2480/2366
f 2718/2482/2367 2732/2496/2367 2717/2481/2367
f 2719/2483/2368 2733/2497/2368 2718/2482/2368
f 2720/2484/2369 2734/2498/2369 2719/2483/2369
f 2721/2485/2370 2735/2499/2370 2720/2484/2370
f 2722/2486/2371 2736/2500/2371 2721/2485/2371
f 2723/2487/2372 2737/2501/2372 2722/2486/2372
f 2724/2489/2373 2738/2502/2373 2723/2487/2373
f 2725/2503/2374 2739/2504/2374 2724/2489/2374
f 2726/2491/2375 2742/2505/2375 2741/2506/2375
f 2727/2490/2376 2743/2507/2376 2742/2505/2376
f 2728/2492/2377 2744/2508/2377 2743/2507/2377
f 2729/2493/2378 2745/2509/2378 2744/2508/2378
f 2731/2495/2379 2745/2509/2379 2730/2494/2379
f 2732/2496/2380 2746/2510/2380 2731/2495/2380
f 2733/2497/2381 2747/2511/2381 2732/2496/2381
f 2734/2498/2382 2748/2512/2382 2733/2497/2382
f 2735/2499/2383 2749/2513/2383 2734/2498/2383
f 2736/2500/2384 2750/2514/2384 2735/2499/2384
f 2737/2501/2385 2751/2515/2385 2736/2500/2385
f 2738/2502/2386 2752/2516/2386 2737/2501/2386
f 2739/2504/2387 2753/2517/2387 2738/2502/2387
f 2740/2518/2388 2754/2519/2388 2739/2504/2388
f 2741/2506/2389 2757/2520/2389 2756/2521/2389
f 2742/2505/2390 2758/2522/2390 2757/2520/2390
f 2743/2507/2391 2759/2523/2391 2758/2522/2391
f 2744/2508/2392 2760/2524/2392 2759/2523/2392
f 2745/2509/2393 2761/2525/2393 2760/2524/2393
f 2747/2511/2394 2761/2525/2394 2746/2510/2394
f 2748/2512/2395 2762/2526/2395 2747/2511/2395
f 2749/2513/2396 2763/2527/2396 2748/2512/2396
f 2750/2514/2397 2764/2528/2397 2749/2513/2397
f 2751/2515/2398 2765/2529/2398 2750/2514/2398
f 2752/2516/2399 2766/2530/2399 2751/2515/2399
f 2753/2517/2400 2767/2531/2400 2752/2516/2400
f 2754/2519/2401 2768/2532/2401 2753/2517/2401
f 2755/2533/2402 2769/2534/2402 2754/2519/2402
f 2756/2521/2403 2772/2535/2403 2771/2536/2403
f 2757/2520/2404 2773/2537/2404 2772/2535/2404
f 2758/2522/2405 2774/2538/2405 2773/2537/2405
f 2759/2523/2406 2775/2539/2406 2774/2538/2406
f 2760/2524/2407 2776/2540/2407 2775/2539/2407
f 2762/2526/2408 2776/2540/2408 2761/2525/2408
f 2763/2527/2409 2777/2541/2409 2762/2526/2409
f 2764/2528/2410 2778/2542/2410 2763/2527/2410
f 2765/2529/2411 2779/2543/2411 2764/2528/2411
f 2766/2530/2412 2780/2544/2412 2765/2529/2412
f 2767/2531/2413 2781/2545/2413 2766/2530/2413
f 2768/2532/2414 2782/2546/2414 2767/2531/2414
f 2769/2534/2415 2783/2547/2415 2768/2532/2415
f 2770/2548/2416 2784/2549/2416 2769/2534/2416
f 2771/2536/2417 2787/2550/2417 2786/2551/2417
f 2772/2535/2418 2788/2552/2418 2787/2550/2418
f 2773/2537/2419 2789/2553/2419 2788/2552/2419
f 2774/2538/2420 2790/2554/2420 2789/2553/2420
f 2776/2540/2421 2790/2554/2421 2775/2539/2421
f 2777/2541/2422 2791/2555/2422 2776/2540/2422
f 2778/2542/2423 2792/2556/2423 2777/2541/2423
f 2779/2543/2424 2793/2557/2424 2778/2542/2424
f 2780/2544/2425 2794/2558/2425 2779/2543/2425
f 2781/2545/2426 2795/2559/2426 2780/2544/2426
f 2782/2546/2427 2796/2560/2427 2781/2545/2427
f 2783/2547/2428 2797/2561/2428 2782/2546/2428
f 2784/2549/2429 2798/2562/2429 2783/2547/2429
f 2785/2563/2430 2799/2564/2430 2784/2549/2430
f 2786/2551/2431 2802/2565/2431 2801/2566/2431
f 2787/2550/2432 2803/2567/2432 2802/2565/2432
f 2788/2552/2433 2804/2568/2433 2803/2567/2433
f 2789/2553/2434 2805/2569/2434 2804/2568/2434
f 2791/2555/2435 2805/2569/2435 2790/2554/2435
f 2792/2556/2436 2806/2570/2436 2791/2555/2436
f 2793/2557/2437 2807/2571/2437 2792/2556/2437
f 2794/2558/2438 2808/2572/2438 2793/2557/2438
f 2795/2559/2439 2809/2573/2439 2794/2558/2439
f 2796/2560/2440 2810/2574/2440 2795/2559/2440
f 2797/2561/2441 2811/2575/2441 2796/2560/2441
f 2798/2562/2442 2812/2576/2442 2797/2561/2442
f 2799/2564/2443 2813/2577/2443 2798/2562/2443
f 2800/2578/2444 2814/2579/2444 2799/2564/2444
f 2801/2566/2445 2817/2580/2445 2816/2581/2445
f 2802/2565/2446 2818/2582/2446 2817/2580/2446
f 2803/2567/2447 2819/2583/2447 2818/2582/2447
f 2804/2568/2448 2820/2584/2448 2819/2583/2448
f 2806/2570/2449 2820/2584/2449 2805/2569/2449
f 2807/2571/2450 2821/2585/2450 2806/2570/2450
f 2808/2572/2451 2822/2586/2451 2807/2571/2451
f 2809/2573/2452 2823/2587/2452 2808/2572/2452
f 2810/2574/2453 2824/2588/2453 2809/2573/2453
f 2811/2575/2454 2825/2589/2454 2810/2574/2454
f 2812/2576/2455 2826/2590/2455 2811/2575/2455
f 2813/2577/2456 2827/2591/2456 2812/2576/2456
f 2814/2579/2457 2828/2592/2457 2813/2577/2457
f 2815/2593/2458 2829/2594/2458 2814/2579/2458
f 2816/2581/2459 2832/2595/2459 2831/2596/2459
f 2817/2580/2460 2833/2597/2460 2832/2595/2460
f 2818/2582/2461 2834/2598/2461 2833/2597/2461
f 2819/2583/2462 2835/2599/2462 2834/2598/2462
f 2821/2585/2463 2835/2599/2463 2820/2584/2463
f 2822/2586/2464 2836/2600/2464 2821/2585/2464
f 2823/2587/2465 2837/2601/2465 2822/2586/2465
f 2824/2588/2466 2838/2602/2466 2823/2587/2466
f 2825/2589/2467 2839/2603/2467 2824/2588/2467
f 2826/2590/2468 2840/2604/2468 2825/2589/2468
f 2827/2591/2469 2841/2605/2469 2826/2590/2469
f 2828/2592/2470 2842/2606/2470 2827/2591/2470
f 2829/2594/2471 2843/2607/2471 2828/2592/2471
f 2830/2608/2472 2844/2609/2472 2829/2594/2472
f 2831/2596/2473 2847/2610/2473 2846/2611/2473
f 2832/2595/2474 2848/2612/2474 2847/2610/2474
f 2833/2597/2475 2849/2613/2475 2848/2612/2475
f 2834/2598/2476 2850/2614/2476 2849/2613/2476
f 2836/2600/2477 2850/2614/2477 2835/2599/2477
f 2837/2601/2478 2851/2615/2478 2836/2600/2478
f 2838/2602/2479 2852/2616/2479 2837/2601/2479
f 2839/2603/2480 2853/2617/2480 2838/2602/2480
f 2840/2604/2481 2854/2618/2481 2839/2603/2481
f 2841/2605/2482 2855/2619/2482 2840/2604/2482
f 2842/2606/2483 2856/2620/2483 2841/2605/2483
f 2843/2607/2484 2857/2621/2484 2842/2606/2484
f 2844/2609/2485 2858/2622/2485 2843/2607/2485
f 2845/2623/2486 2859/2624/2486 2844/2609/2486
f 2846/2611/2487 2862/2625/2487 2861/2626/2487
f 2847/2610/2488 2863/2627/2488 2862/2625/2488
f 2848/2612/2489 2864/2628/2489 2863/2627/2489
f 2849/2613/2490 2865/2629/2490 2864/2628/2490
f 2851/2615/2491 2865/2629/2491 2850/2614/2491
f 2852/2616/2492 2866/2630/2492 2851/2615/2492
f 2853/2617/2493 2867/2631/2493 2852/2616/2493
f 2854/2618/2494 2868/2632/2494 2853/2617/2494
f 2855/2619/2495 2869/2633/2495 2854/2618/2495
f 2856/2620/2496 2870/2634/2496 2855/2619/2496
f 2857/2621/2497 2871/2635/2497 2856/2620/2497
f 2858/2622/2498 2872/2636/2498 2857/2621/2498
f 2859/2624/2499 2873/2637/2499 2858/2622/2499
f 2860/2638/2500 2874/2639/2500 2859/2624/2500
f 22/543/2501 2651/2416/2501 401/1056/2501
f 520/2414/2502 2652/2419/2502 2651/2416/2502
f 519/2413/2503 2653/2421/2503 2652/2419/2503
f 518/2412/2504 2654/2424/2504 2653/2421/2504
f 516/2410/2505 2654/2424/2505 517/2411/2505
f 515/2409/2506 2655/2423/2506 516/2410/2506
f 514/2408/2507 2656/2425/2507 515/2409/2507
f 513/2407/2508 2657/2427/2508 514/2408/2508
f 512/2406/2509 2658/2429/2509 513/2407/2509
f 511/2405/2510 2659/2431/2510 512/2406/2510
f 510/2404/2511 2660/2433/2511 511/2405/2511
f 509/2403/2512 2661/2435/2512 510/2404/2512
f 508/2402/2513 2662/2437/2513 509/2403/2513
f 507/2401/2514 2663/2439/2514 508/2402/2514
f 506/2400/2515 2664/2441/2515 507/2401/2515
f 12/2399/2516 2665/2443/2516 506/2400/2516
f 175/2640/2517 2680/2458/2517 2665/2443/2517
f 174/2641/2518 2695/2473/2518 2680/2458/2518
f 173/2642/2519 2710/2488/2519 2695/2473/2519
f 172/2643/2520 2725/2503/2520 2710/2488/2520
f 171/2644/2521 2740/2518/2521 2725/2503/2521
f 170/2645/2522 2755/2533/2522 2740/2518/2522
f 169/2646/2523 2770/2548/2523 2755/2533/2523
f 168/2647/2524 2785/2563/2524 2770/2548/2524
f 167/2648/2525 2800/2578/2525 2785/2563/2525
f 166/2649/2526 2815/2593/2526 2800/2578/2526
f 165/2650/2527 2830/2608/2527 2815/2593/2527
f 164/2651/2528 2845/2623/2528 2830/2608/2528
f 163/2652/2529 2860/2638/2529 2845/2623/2529
f 162/2653/2530 2875/2654/2530 2860/2638/2530
f 161/2655/2531 521/2656/2531 2875/2654/2531
f 2875/2654/2532 522/2657/2532 2874/2639/2532
f 2874/2639/2533 523/2658/2533 2873/2637/2533
f 2873/2637/2534 524/2659/2534 2872/2636/2534
f 2872/2636/2535 525/2660/2535 2871/2635/2535
f 2871/2635/2536 526/2661/2536 2870/2634/2536
f 2870/2634/2537 527/2662/2537 2869/2633/2537
f 2869/2633/2538 528/2663/2538 2868/2632/2538
f 2868/2632/2539 529/2664/2539 2867/2631/2539
f 2867/2631/2540 530/2665/2540 2866/2630/2540
f 2866/2630/2541 531/2666/2541 2865/2629/2541
f 2864/2628/2542 531/2666/2542 532/2667/2542
f 2863/2627/2543 532/2667/2543 533/2668/2543
f 2862/2625/2544 533/2668/2544 534/2669/2544
f 2861/2626/2545 534/2669/2545 535/2670/2545
f 415/1070/2546 535/2670/2546 25/1071/2546
f 414/1069/2547 2861/2626/2547 415/1070/2547
f 413/1068/2548 2846/2611/2548 414/1069/2548
f 412/1067/2549 2831/2596/2549 413/1068/2549
f 411/1066/2550 2816/2581/2550 412/1067/2550
f 410/1065/2551 2801/2566/2551 411/1066/2551
f 409/1064/2552 2786/2551/2552 410/1065/2552
f 408/1063/2553 2771/2536/2553 409/1064/2553
f 407/1062/2554 2756/2521/2554 408/1063/2554
f 406/1061/2555 2741/2506/2555 407/1062/2555
f 405/1060/2556 2726/2491/2556 406/1061/2556
f 404/1059/2557 2711/2476/2557 405/1060/2557
f 403/1058/2558 2696/2461/2558 404/1059/2558
f 402/1057/2559 2681/2446/2559 403/1058/2559
f 401/1056/2560 2666/2418/2560 402/1057/2560
f 2876/2671/2561 2892/2672/2561 2891/2673/2561
f 2877/2674/2562 2893/2675/2562 2892/2672/2562
f 2878/2676/2563 2894/2677/2563 2893/2675/2563
f 2879/2678/2564 2895/2679/2564 2894/2677/2564
f 2881/2680/2565 2895/2679/2565 2880/2681/2565
f 2882/2682/2566 2896/2683/2566 2881/2680/2566
f 2883/2684/2567 2897/2685/2567 2882/2682/2567
f 2884/2686/2568 2898/2687/2568 2883/2684/2568
f 2885/2688/2569 2899/2689/2569 2884/2686/2569
f 2886/2690/2570 2900/2691/2570 2885/2688/2570
f 2887/2692/2571 2901/2693/2571 2886/2690/2571
f 2888/2694/2572 2902/2695/2572 2887/2692/2572
f 2889/2696/2573 2903/2697/2573 2888/2694/2573
f 2890/2698/2574 2904/2699/2574 2889/2696/2574
f 2891/2673/2575 2907/2700/2575 2906/2701/2575
f 2892/2672/2576 2908/2702/2576 2907/2700/2576
f 2893/2675/2577 2909/2703/2577 2908/2702/2577
f 2894/2677/2578 2910/2704/2578 2909/2703/2578
f 2896/2683/2579 2910/2704/2579 2895/2679/2579
f 2897/2685/2580 2911/2705/2580 2896/2683/2580
f 2898/2687/2581 2912/2706/2581 2897/2685/2581
f 2899/2689/2582 2913/2707/2582 2898/2687/2582
f 2900/2691/2583 2914/2708/2583 2899/2689/2583
f 2901/2693/2584 2915/2709/2584 2900/2691/2584
f 2902/2695/2585 2916/2710/2585 2901/2693/2585
f 2903/2697/2586 2917/2711/2586 2902/2695/2586
f 2904/2699/2587 2918/2712/2587 2903/2697/2587
f 2905/2713/2588 2919/2714/2588 2904/2699/2588
f 2906/2701/2589 2922/2715/2589 2921/2716/2589
f 2907/2700/2590 2923/2717/2590 2922/2715/2590
f 2908/2702/2591 2924/2718/2591 2923/2717/2591
f 2909/2703/2592 2925/2719/2592 2924/2718/2592
f 2911/2705/2593 2925/2719/2593 2910/2704/2593
f 2912/2706/2594 2926/2720/2594 2911/2705/2594
f 2913/2707/2595 2927/2721/2595 2912/2706/2595
f 2914/2708/2596 2928/2722/2596 2913/2707/2596
f 2915/2709/2597 2929/2723/2597 2914/2708/2597
f 2916/2710/2598 2930/2724/2598 2915/2709/2598
f 2917/2711/2599 2931/2725/2599 2916/2710/2599
f 2918/2712/2600 2932/2726/2600 2917/2711/2600
f 2919/2714/2601 2933/2727/2601 2918/2712/2601
f 2920/2728/2602 2934/2729/2602 2919/2714/2602
f 2921/2716/2603 2937/2730/2603 2936/2731/2603
f 2922/2715/2604 2938/2732/2604 2937/2730/2604
f 2923/2717/2605 2939/2733/2605 2938/2732/2605
f 2924/2718/2606 2940/2734/2606 2939/2733/2606
f 2926/2720/2607 2940/2734/2607 2925/2719/2607
f 2927/2721/2608 2941/2735/2608 2926/2720/2608
f 2928/2722/2609 2942/2736/2609 2927/2721/2609
f 2929/2723/2610 2943/2737/2610 2928/2722/2610
f 2930/2724/2611 2944/2738/2611 2929/2723/2611
f 2931/2725/2612 2945/2739/2612 2930/2724/2612
f 2932/2726/2613 2946/2740/2613 2931/2725/2613
f 2933/2727/2614 2947/2741/2614 2932/2726/2614
f 2934/2729/2615 2948/2742/2615 2933/2727/2615
f 2935/2743/2616 2949/2744/2616 2934/2729/2616
f 2937/2730/2617 2951/2745/2617 2936/2731/2617
f 2938/2732/2618 2952/2746/2618 2937/2730/2618
f 2939/2733/2619 2953/2747/2619 2938/2732/2619
f 2940/2734/2620 2954/2748/2620 2939/2733/2620
f 2941/2735/2621 2955/2749/2621 2940/2734/2621
f 2942/2736/2622 2956/2750/2622 2941/2735/2622
f 2943/2737/2623 2957/2751/2623 2942/2736/2623
f 2944/2738/2624 2958/2752/2624 2943/2737/2624
f 2945/2739/2625 2959/2753/2625 2944/2738/2625
f 2946/2740/2626 2960/2754/2626 2945/2739/2626
f 2947/2741/2627 2961/2755/2627 2946/2740/2627
f 2948/2742/2628 2962/2756/2628 2947/2741/2628
f 2949/2744/2629 2963/2757/2629 2948/2742/2629
f 2950/2758/2630 2964/2759/2630 2949/2744/2630
f 2952/2746/2631 2966/2760/2631 2951/2745/2631
f 2953/2747/2632 2967/2761/2632 2952/2746/2632
f 2954/2748/2633 2968/2762/2633 2953/2747/2633
f 2955/2749/2634 2969/2763/2634 2954/2748/2634
f 2956/2750/2635 2970/2764/2635 2955/2749/2635
f 2957/2751/2636 2971/2765/2636 2956/2750/2636
f 2958/2752/2637 2972/2766/2637 2957/2751/2637
f 2959/2753/2638 2973/2767/2638 2958/2752/2638
f 2960/2754/2639 2974/2768/2639 2959/2753/2639
f 2961/2755/2640 2975/2769/2640 2960/2754/2640
f 2962/2756/2641 2976/2770/2641 2961/2755/2641
f 2963/2757/2642 2977/2771/2642 2962/2756/2642
f 2964/2759/2643 2978/2772/2643 2963/2757/2643
f 2965/2773/2644 2979/2774/2644 2964/2759/2644
f 2967/2761/2645 2981/2775/2645 2966/2760/2645
f 2968/2762/2646 2982/2776/2646 2967/2761/2646
f 2969/2763/2647 2983/2777/2647 2968/2762/2647
f 2970/2764/2648 2984/2778/2648 2969/2763/2648
f 2971/2765/2649 2985/2779/2649 2970/2764/2649
f 2972/2766/2650 2986/2780/2650 2971/2765/2650
f 2973/2767/2651 2987/2781/2651 2972/2766/2651
f 2974/2768/2652 2988/2782/2652 2973/2767/2652
f 2975/2769/2653 2989/2783/2653 2974/2768/2653
f 2976/2770/2654 2990/2784/2654 2975/2769/2654
f 2977/2771/2655 2991/2785/2655 2976/2770/2655
f 2978/2772/2656 2992/2786/2656 2977/2771/2656
f 2979/2774/2657 2993/2787/2657 2978/2772/2657
f 2980/2788/2658 2994/2789/2658 2979/2774/2658
f 2982/2776/2659 2996/2790/2659 2981/2775/2659
f 2983/2777/2660 2997/2791/2660 2982/2776/2660
f 2984/2778/2661 2998/2792/2661 2983/2777/2661
f 2985/2779/2662 2999/2793/2662 2984/2778/2662
f 2986/2780/2663 3000/2794/2663 2985/2779/2663
f 2987/2781/2664 3001/2795/2664 2986/2780/2664
f 2988/2782/2665 3002/2796/2665 2987/2781/2665
f 2989/2783/2666 3003/2797/2666 2988/2782/2666
f 2990/2784/2667 3004/2798/2667 2989/2783/2667
f 2991/2785/2668 3005/2799/2668 2990/2784/2668
f 2992/2786/2669 3006/2800/2669 2991/2785/2669
f 2993/2787/2670 3007/2801/2670 2992/2786/2670
f 2994/2789/2671 3008/2802/2671 2993/2787/2671
f 2995/2803/2672 3009/2804/2672 2994/2789/2672
f 2997/2791/2673 3011/2805/2673 2996/2790/2673
f 2998/2792/2674 3012/2806/2674 2997/2791/2674
f 2999/2793/2675 3013/2807/2675 2998/2792/2675
f 3000/2794/2676 3014/2808/2676 2999/2793/2676
f 3001/2795/2677 3015/2809/2677 3000/2794/2677
f 3002/2796/2678 3016/2810/2678 3001/2795/2678
f 3003/2797/2679 3017/2811/2679 3002/2796/2679
f 3004/2798/2680 3018/2812/2680 3003/2797/2680
f 3005/2799/2681 3019/2813/2681 3004/2798/2681
f 3006/2800/2682 3020/2814/2682 3005/2799/2682
f 3006/2800/2683 3022/2815/2683 3021/2816/2683
f 3007/2801/2684 3023/2817/2684 3022/2815/2684
f 3008/2802/2685 3024/2818/2685 3023/2817/2685
f 3010/2819/2686 3024/2818/2686 3009/2804/2686
f 3012/2806/2687 3026/2820/2687 3011/2805/2687
f 3013/2807/2688 3027/2821/2688 3012/2806/2688
f 3014/2808/2689 3028/2822/2689 3013/2807/2689
f 3015/2809/2690 3029/2823/2690 3014/2808/2690
f 3016/2810/2691 3030/2824/2691 3015/2809/2691
f 3017/2811/2692 3031/2825/2692 3016/2810/2692
f 3018/2812/2693 3032/2826/2693 3017/2811/2693
f 3018/2812/2694 3034/2827/2694 3033/2828/2694
f 3019/2813/2695 3035/2829/2695 3034/2827/2695
f 3020/2814/2696 3036/2830/2696 3035/2829/2696
f 3021/2816/2697 3037/2831/2697 3036/2830/2697
f 3022/2815/2698 3038/2832/2698 3037/2831/2698
f 3023/2817/2699 3039/2833/2699 3038/2832/2699
f 3024/2818/2700 3040/2834/2700 3039/2833/2700
f 3027/2821/2701 3041/2835/2701 3026/2820/2701
f 3028/2822/2702 3042/2836/2702 3027/2821/2702
f 3029/2823/2703 3043/2837/2703 3028/2822/2703
f 3030/2824/2704 3044/2838/2704 3029/2823/2704
f 3031/2825/2705 3045/2839/2705 3030/2824/2705
f 3032/2826/2706 3046/2840/2706 3031/2825/2706
f 3032/2826/2707 3048/2841/2707 3047/2842/2707
f 3033/2828/2708 3049/2843/2708 3048/2841/2708
f 3034/2827/2709 3050/2844/2709 3049/2843/2709
f 3035/2829/2710 3051/2845/2710 3050/2844/2710
f 3036/2830/2711 3052/2846/2711 3051/2845/2711
f 3037/2831/2712 3053/2847/2712 3052/2846/2712
f 3038/2832/2713 3054/2848/2713 3053/2847/2713
f 3039/2833/2714 3055/2849/2714 3054/2848/2714
f 3042/2836/2715 3056/2850/2715 3041/2835/2715
f 3043/2837/2716 3057/2851/2716 3042/2836/2716
f 3044/2838/2717 3058/2852/2717 3043/2837/2717
f 3045/2839/2718 3059/2853/2718 3044/2838/2718
f 3046/2840/2719 3060/2854/2719 3045/2839/2719
f 3046/2840/2720 3062/2855/2720 3061/2856/2720
f 3047/2842/2721 3063/2857/2721 3062/2855/2721
f 3048/2841/2722 3064/2858/2722 3063/2857/2722
f 3049/2843/2723 3065/2859/2723 3064/2858/2723
f 3050/2844/2724 3066/2860/2724 3065/2859/2724
f 3051/2845/2725 3067/2861/2725 3066/2860/2725
f 3052/2846/2726 3068/2862/2726 3067/2861/2726
f 3053/2847/2727 3069/2863/2727 3068/2862/2727
f 3055/2849/2728 3069/2863/2728 3054/2848/2728
f 3057/2851/2729 3071/2864/2729 3056/2850/2729
f 3058/2852/2730 3072/2865/2730 3057/2851/2730
f 3059/2853/2731 3073/2866/2731 3058/2852/2731
f 3060/2854/2732 3074/2867/2732 3059/2853/2732
f 3061/2856/2733 3075/2868/2733 3060/2854/2733
f 3061/2856/2734 3077/2869/2734 3076/2870/2734
f 3062/2855/2735 3078/2871/2735 3077/2869/2735
f 3063/2857/2736 3079/2872/2736 3078/2871/2736
f 3064/2858/2737 3080/2873/2737 3079/2872/2737
f 3065/2859/2738 3081/2874/2738 3080/2873/2738
f 3066/2860/2739 3082/2875/2739 3081/2874/2739
f 3067/2861/2740 3083/2876/2740 3082/2875/2740
f 3069/2863/2741 3083/2876/2741 3068/2862/2741
f 3070/2877/2742 3084/2878/2742 3069/2863/2742
f 3071/2864/2743 3087/2879/2743 3086/2880/2743
f 3073/2866/2744 3087/2879/2744 3072/2865/2744
f 3074/2867/2745 3088/2881/2745 3073/2866/2745
f 3074/2867/2746 3090/2882/2746 3089/2883/2746
f 3075/2868/2747 3091/2884/2747 3090/2882/2747
f 3076/2870/2748 3092/2885/2748 3091/2884/2748
f 3077/2869/2749 3093/2886/2749 3092/2885/2749
f 3078/2871/2750 3094/2887/2750 3093/2886/2750
f 3079/2872/2751 3095/2888/2751 3094/2887/2751
f 3080/2873/2752 3096/2889/2752 3095/2888/2752
f 3082/2875/2753 3096/2889/2753 3081/2874/2753
f 3083/2876/2754 3097/2890/2754 3082/2875/2754
f 3084/2878/2755 3098/2891/2755 3083/2876/2755
f 3085/2892/2756 3099/2893/2756 3084/2878/2756
f 25/1071/2757 2876/2671/2757 550/2894/2757
f 535/2670/2758 2877/2674/2758 2876/2671/2758
f 534/2669/2759 2878/2676/2759 2877/2674/2759
f 533/2668/2760 2879/2678/2760 2878/2676/2760
f 532/2667/2761 2880/2681/2761 2879/2678/2761
f 530/2665/2762 2880/2681/2762 531/2666/2762
f 529/2664/2763 2881/2680/2763 530/2665/2763
f 528/2663/2764 2882/2682/2764 529/2664/2764
f 527/2662/2765 2883/2684/2765 528/2663/2765
f 526/2661/2766 2884/2686/2766 527/2662/2766
f 525/2660/2767 2885/2688/2767 526/2661/2767
f 524/2659/2768 2886/2690/2768 525/2660/2768
f 523/2658/2769 2887/2692/2769 524/2659/2769
f 522/2657/2770 2888/2694/2770 523/2658/2770
f 521/2656/2771 2889/2696/2771 522/2657/2771
f 11/2895/2772 2890/2698/2772 521/2656/2772
f 160/2896/2773 2905/2713/2773 2890/2698/2773
f 159/2897/2774 2920/2728/2774 2905/2713/2774
f 158/2898/2775 2935/2743/2775 2920/2728/2775
f 157/2899/2776 2950/2758/2776 2935/2743/2776
f 156/2900/2777 2965/2773/2777 2950/2758/2777
f 155/2901/2778 2980/2788/2778 2965/2773/2778
f 154/2902/2779 2995/2803/2779 2980/2788/2779
f 153/2903/2780 3010/2819/2780 2995/2803/2780
f 152/2904/2781 3025/2905/2781 3010/2819/2781
f 151/2906/2782 3040/2834/2782 3025/2905/2782
f 150/2907/2783 3055/2849/2783 3040/2834/2783
f 149/2908/2784 3070/2877/2784 3055/2849/2784
f 148/2909/2785 3085/2892/2785 3070/2877/2785
f 147/2910/2786 3100/2911/2786 3085/2892/2786
f 146/2912/2787 85/2913/2787 3100/2911/2787
f 3100/2911/2788 84/2914/2788 3099/2893/2788
f 3099/2893/2789 83/2915/2789 3098/2891/2789
f 3098/2891/2790 82/2916/2790 3097/2890/2790
f 3097/2890/2791 81/2917/2791 3096/2889/2791
f 3096/2889/2792 80/2918/2792 3095/2888/2792
f 3095/2888/2793 79/2919/2793 3094/2887/2793
f 3094/2887/2794 78/2920/2794 3093/2886/2794
f 3092/2885/2795 78/2920/2795 77/2921/2795
f 3091/2884/2796 77/2921/2796 76/2922/2796
f 3090/2882/2797 76/2922/2797 75/2923/2797
f 3089/2883/2798 75/2923/2798 74/2924/2798
f 3088/2881/2799 74/2924/2799 73/2925/2799
f 3087/2879/2800 73/2925/2800 72/2926/2800
f 3086/2880/2801 72/2926/2801 71/2927/2801
f 536/2928/2802 71/2927/2802 7/2929/2802
f 537/2930/2803 3086/2880/2803 536/2928/2803
f 3056/2850/2804 537/2930/2804 538/2931/2804
f 3041/2835/2805 538/2931/2805 539/2932/2805
f 3026/2820/2806 539/2932/2806 540/2933/2806
f 3011/2805/2807 540/2933/2807 541/2934/2807
f 2996/2790/2808 541/2934/2808 542/2935/2808
f 2981/2775/2809 542/2935/2809 543/2936/2809
f 2966/2760/2810 543/2936/2810 544/2937/2810
f 2951/2745/2811 544/2937/2811 545/2938/2811
f 2936/2731/2812 545/2938/2812 546/2939/2812
f 547/2940/2813 2936/2731/2813 546/2939/2813
f 548/2941/2814 2921/2716/2814 547/2940/2814
f 549/2942/2815 2906/2701/2815 548/2941/2815
f 550/2894/2816 2891/2673/2816 549/2942/2816
f 3101/2943/2817 3117/2944/2817 3116/2945/2817
f 3102/2946/2818 3118/2947/2818 3117/2944/2818
f 3104/2948/2819 3118/2947/2819 3103/2949/2819
f 3105/2950/2820 3119/2951/2820 3104/2948/2820
f 3106/2952/2821 3120/2953/2821 3105/2950/2821
f 3107/2954/2822 3121/2955/2822 3106/2952/2822
f 3108/2956/2823 3122/2957/2823 3107/2954/2823
f 3108/2956/2824 3124/2958/2824 3123/2959/2824
f 3109/2960/2825 3125/2961/2825 3124/2958/2825
f 3110/2962/2826 3126/2963/2826 3125/2961/2826
f 3111/2964/2827 3127/2965/2827 3126/2963/2827
f 3112/2966/2828 3128/2967/2828 3127/2965/2828
f 3113/2968/2829 3129/2969/2829 3128/2967/2829
f 3114/2970/2830 3130/2971/2830 3129/2969/2830
f 3116/2945/2831 3132/2972/2831 3131/2973/2831
f 3117/2944/2832 3133/2974/2832 3132/2972/2832
f 3118/2947/2833 3134/2975/2833 3133/2974/2833
f 3120/2953/2834 3134/2975/2834 3119/2951/2834
f 3121/2955/2835 3135/2976/2835 3120/2953/2835
f 3122/2957/2836 3136/2977/2836 3121/2955/2836
f 3123/2959/2837 3137/2978/2837 3122/2957/2837
f 3124/2958/2838 3138/2979/2838 3123/2959/2838
f 3124/2958/2839 3140/2980/2839 3139/2981/2839
f 3125/2961/2840 3141/2982/2840 3140/2980/2840
f 3126/2963/2841 3142/2983/2841 3141/2982/2841
f 3127/2965/2842 3143/2984/2842 3142/2983/2842
f 3128/2967/2843 3144/2985/2843 3143/2984/2843
f 3129/2969/2844 3145/2986/2844 3144/2985/2844
f 3131/2973/2845 3147/2987/2845 3146/2988/2845
f 3132/2972/2846 3148/2989/2846 3147/2987/2846
f 3133/2974/2847 3149/2990/2847 3148/2989/2847
f 3134/2975/2848 3150/2991/2848 3149/2990/2848
f 3136/2977/2849 3150/2991/2849 3135/2976/2849
f 3137/2978/2850 3151/2992/2850 3136/2977/2850
f 3138/2979/2851 3152/2993/2851 3137/2978/2851
f 3139/2981/2852 3153/2994/2852 3138/2979/2852
f 3140/2980/2853 3154/2995/2853 3139/2981/2853
f 3141/2982/2854 3155/2996/2854 3140/2980/2854
f 3142/2983/2855 3156/2997/2855 3141/2982/2855
f 3142/2983/2856 3158/2998/2856 3157/2999/2856
f 3143/2984/2857 3159/3000/2857 3158/2998/2857
f 3144/2985/2858 3160/3001/2858 3159/3000/2858
f 3147/2987/2859 3161/3002/2859 3146/2988/2859
f 3147/2987/2860 3163/3003/2860 3162/3004/2860
f 3148/2989/2861 3164/3005/2861 3163/3003/2861
f 3149/2990/2862 3165/3006/2862 3164/3005/2862
f 3150/2991/2863 3166/3007/2863 3165/3006/2863
f 3152/2993/2864 3166/3007/2864 3151/2992/2864
f 3153/2994/2865 3167/3008/2865 3152/2993/2865
f 3154/2995/2866 3168/3009/2866 3153/2994/2866
f 3155/2996/2867 3169/3010/2867 3154/2995/2867
f 3156/2997/2868 3170/3011/2868 3155/2996/2868
f 3157/2999/2869 3171/3012/2869 3156/2997/2869
f 3158/2998/2870 3172/3013/2870 3157/2999/2870
f 3159/3000/2871 3173/3014/2871 3158/2998/2871
f 3160/3001/2872 3174/3015/2872 3159/3000/2872
f 3162/3004/2873 3176/3016/2873 3161/3002/2873
f 3163/3003/2874 3177/3017/2874 3162/3004/2874
f 3163/3003/2875 3179/3018/2875 3178/3019/2875
f 3164/3005/2876 3180/3020/2876 3179/3018/2876
f 3165/3006/2877 3181/3021/2877 3180/3020/2877
f 3167/3008/2878 3181/3021/2878 3166/3007/2878
f 3168/3009/2879 3182/3022/2879 3167/3008/2879
f 3169/3010/2880 3183/3023/2880 3168/3009/2880
f 3170/3011/2881 3184/3024/2881 3169/3010/2881
f 3171/3012/2882 3185/3025/2882 3170/3011/2882
f 3172/3013/2883 3186/3026/2883 3171/3012/2883
f 3173/3014/2884 3187/3027/2884 3172/3013/2884
f 3174/3015/2885 3188/3028/2885 3173/3014/2885
f 3175/3029/2886 3189/3030/2886 3174/3015/2886
f 3177/3017/2887 3191/3031/2887 3176/3016/2887
f 3178/3019/2888 3192/3032/2888 3177/3017/2888
f 3178/3019/2889 3194/3033/2889 3193/3034/2889
f 3179/3018/2890 3195/3035/2890 3194/3033/2890
f 3180/3020/2891 3196/3036/2891 3195/3035/2891
f 3182/3022/2892 3196/3036/2892 3181/3021/2892
f 3183/3023/2893 3197/3037/2893 3182/3022/2893
f 3184/3024/2894 3198/3038/2894 3183/3023/2894
f 3185/3025/2895 3199/3039/2895 3184/3024/2895
f 3186/3026/2896 3200/3040/2896 3185/3025/2896
f 3187/3027/2897 3201/3041/2897 3186/3026/2897
f 3188/3028/2898 3202/3042/2898 3187/3027/2898
f 3189/3030/2899 3203/3043/2899 3188/3028/2899
f 3190/3044/2900 3204/3045/2900 3189/3030/2900
f 3192/3032/2901 3206/3046/2901 3191/3031/2901
f 3193/3034/2902 3207/3047/2902 3192/3032/2902
f 3194/3033/2903 3208/3048/2903 3193/3034/2903
f 3195/3035/2904 3209/3049/2904 3194/3033/2904
f 3196/3036/2905 3210/3050/2905 3195/3035/2905
f 3197/3037/2906 3211/3051/2906 3196/3036/2906
f 3198/3038/2907 3212/3052/2907 3197/3037/2907
f 3199/3039/2908 3213/3053/2908 3198/3038/2908
f 3200/3040/2909 3214/3054/2909 3199/3039/2909
f 3201/3041/2910 3215/3055/2910 3200/3040/2910
f 3202/3042/2911 3216/3056/2911 3201/3041/2911
f 3203/3043/2912 3217/3057/2912 3202/3042/2912
f 3204/3045/2913 3218/3058/2913 3203/3043/2913
f 3205/3059/2914 3219/3060/2914 3204/3045/2914
f 3207/3047/2915 3221/3061/2915 3206/3046/2915
f 3208/3048/2916 3222/3062/2916 3207/3047/2916
f 3209/3049/2917 3223/3063/2917 3208/3048/2917
f 3210/3050/2918 3224/3064/2918 3209/3049/2918
f 3211/3051/2919 3225/3065/2919 3210/3050/2919
f 3212/3052/2920 3226/3066/2920 3211/3051/2920
f 3213/3053/2921 3227/3067/2921 3212/3052/2921
f 3214/3054/2922 3228/3068/2922 3213/3053/2922
f 3215/3055/2923 3229/3069/2923 3214/3054/2923
f 3216/3056/2924 3230/3070/2924 3215/3055/2924
f 3217/3057/2925 3231/3071/2925 3216/3056/2925
f 3218/3058/2926 3232/3072/2926 3217/3057/2926
f 3219/3060/2927 3233/3073/2927 3218/3058/2927
f 3220/3074/2928 3234/3075/2928 3219/3060/2928
f 3222/3062/2929 3236/3076/2929 3221/3061/2929
f 3223/3063/2930 3237/3077/2930 3222/3062/2930
f 3224/3064/2931 3238/3078/2931 3223/3063/2931
f 3225/3065/2932 3239/3079/2932 3224/3064/2932
f 3226/3066/2933 3240/3080/2933 3225/3065/2933
f 3227/3067/2934 3241/3081/2934 3226/3066/2934
f 3228/3068/2935 3242/3082/2935 3227/3067/2935
f 3229/3069/2936 3243/3083/2936 3228/3068/2936
f 3230/3070/2937 3244/3084/2937 3229/3069/2937
f 3231/3071/2938 3245/3085/2938 3230/3070/2938
f 3232/3072/2939 3246/3086/2939 3231/3071/2939
f 3233/3073/2940 3247/3087/2940 3232/3072/2940
f 3234/3075/2941 3248/3088/2941 3233/3073/2941
f 3235/3089/2942 3249/3090/2942 3234/3075/2942
f 3237/3077/2943 3251/3091/2943 3236/3076/2943
f 3238/3078/2944 3252/3092/2944 3237/3077/2944
f 3239/3079/2945 3253/3093/2945 3238/3078/2945
f 3240/3080/2946 3254/3094/2946 3239/3079/2946
f 3241/3081/2947 3255/3095/2947 3240/3080/2947
f 3242/3082/2948 3256/3096/2948 3241/3081/2948
f 3243/3083/2949 3257/3097/2949 3242/3082/2949
f 3244/3084/2950 3258/3098/2950 3243/3083/2950
f 3245/3085/2951 3259/3099/2951 3244/3084/2951
f 3246/3086/2952 3260/3100/2952 3245/3085/2952
f 3247/3087/2953 3261/3101/2953 3246/3086/2953
f 3248/3088/2954 3262/3102/2954 3247/3087/2954
f 3249/3090/2955 3263/3103/2955 3248/3088/2955
f 3250/3104/2956 3264/3105/2956 3249/3090/2956
f 3252/3092/2957 3266/3106/2957 3251/3091/2957
f 3253/3093/2958 3267/3107/2958 3252/3092/2958
f 3254/3094/2959 3268/3108/2959 3253/3093/2959
f 3255/3095/2960 3269/3109/2960 3254/3094/2960
f 3256/3096/2961 3270/3110/2961 3255/3095/2961
f 3257/3097/2962 3271/3111/2962 3256/3096/2962
f 3258/3098/2963 3272/3112/2963 3257/3097/2963
f 3259/3099/2964 3273/3113/2964 3258/3098/2964
f 3260/3100/2965 3274/3114/2965 3259/3099/2965
f 3261/3101/2966 3275/3115/2966 3260/3100/2966
f 3262/3102/2967 3276/3116/2967 3261/3101/2967
f 3263/3103/2968 3277/3117/2968 3262/3102/2968
f 3264/3105/2969 3278/3118/2969 3263/3103/2969
f 3265/3119/2970 3279/3120/2970 3264/3105/2970
f 3267/3107/2971 3281/3121/2971 3266/3106/2971
f 3268/3108/2972 3282/3122/2972 3267/3107/2972
f 3269/3109/2973 3283/3123/2973 3268/3108/2973
f 3270/3110/2974 3284/3124/2974 3269/3109/2974
f 3271/3111/2975 3285/3125/2975 3270/3110/2975
f 3272/3112/2976 3286/3126/2976 3271/3111/2976
f 3273/3113/2977 3287/3127/2977 3272/3112/2977
f 3274/3114/2978 3288/3128/2978 3273/3113/2978
f 3275/3115/2979 3289/3129/2979 3274/3114/2979
f 3276/3116/2980 3290/3130/2980 3275/3115/2980
f 3277/3117/2981 3291/3131/2981 3276/3116/2981
f 3278/3118/2982 3292/3132/2982 3277/3117/2982
f 3279/3120/2983 3293/3133/2983 3278/3118/2983
f 3280/3134/2984 3294/3135/2984 3279/3120/2984
f 3281/3121/2985 3297/3136/2985 3296/3137/2985
f 3283/3123/2986 3297/3136/2986 3282/3122/2986
f 3284/3124/2987 3298/3138/2987 3283/3123/2987
f 3285/3125/2988 3299/3139/2988 3284/3124/2988
f 3286/3126/2989 3300/3140/2989 3285/3125/2989
f 3287/3127/2990 3301/3141/2990 3286/3126/2990
f 3288/3128/2991 3302/3142/2991 3287/3127/2991
f 3289/3129/2992 3303/3143/2992 3288/3128/2992
f 3290/3130/2993 3304/3144/2993 3289/3129/2993
f 3291/3131/2994 3305/3145/2994 3290/3130/2994
f 3292/3132/2995 3306/3146/2995 3291/3131/2995
f 3293/3133/2996 3307/3147/2996 3292/3132/2996
f 3294/3135/2997 3308/3148/2997 3293/3133/2997
f 3295/3149/2998 3309/3150/2998 3294/3135/2998
f 3296/3137/2999 3312/3151/2999 3311/3152/2999
f 3297/3136/3000 3313/3153/3000 3312/3151/3000
f 3298/3138/3001 3314/3154/3001 3313/3153/3001
f 3299/3139/3002 3315/3155/3002 3314/3154/3002
f 3300/3140/3003 3316/3156/3003 3315/3155/3003
f 3301/3141/3004 3317/3157/3004 3316/3156/3004
f 3302/3142/3005 3318/3158/3005 3317/3157/3005
f 3303/3143/3006 3319/3159/3006 3318/3158/3006
f 3304/3144/3007 3320/3160/3007 3319/3159/3007
f 3305/3145/3008 3321/3161/3008 3320/3160/3008
f 3306/3146/3009 3322/3162/3009 3321/3161/3009
f 3307/3147/3010 3323/3163/3010 3322/3162/3010
f 3308/3148/3011 3324/3164/3011 3323/3163/3011
f 3309/3150/3012 3325/3165/3012 3324/3164/3012
f 24/800/3013 3101/2943/3013 565/3166/3013
f 431/1086/3014 3102/2946/3014 3101/2943/3014
f 433/1084/3015 3102/2946/3015 432/1085/3015
f 434/1083/3016 3103/2949/3016 433/1084/3016
f 435/1082/3017 3104/2948/3017 434/1083/3017
f 436/1081/3018 3105/2950/3018 435/1082/3018
f 437/1080/3019 3106/2952/3019 436/1081/3019
f 437/1080/3020 3108/2956/3020 3107/2954/3020
f 438/1079/3021 3109/2960/3021 3108/2956/3021
f 439/1078/3022 3110/2962/3022 3109/2960/3022
f 440/1077/3023 3111/2964/3023 3110/2962/3023
f 441/1076/3024 3112/2966/3024 3111/2964/3024
f 442/1075/3025 3113/2968/3025 3112/2966/3025
f 443/1074/3026 3114/2970/3026 3113/2968/3026
f 444/1073/3027 3115/3167/3027 3114/2970/3027
f 445/1072/3028 550/2894/3028 3115/3167/3028
f 3115/3167/3029 549/2942/3029 3130/2971/3029
f 3130/2971/3030 548/2941/3030 3145/2986/3030
f 3145/2986/3031 547/2940/3031 3160/3001/3031
f 547/2940/3032 3175/3029/3032 3160/3001/3032
f 546/2939/3033 3190/3044/3033 3175/3029/3033
f 545/2938/3034 3205/3059/3034 3190/3044/3034
f 544/2937/3035 3220/3074/3035 3205/3059/3035
f 543/2936/3036 3235/3089/3036 3220/3074/3036
f 542/2935/3037 3250/3104/3037 3235/3089/3037
f 541/2934/3038 3265/3119/3038 3250/3104/3038
f 540/2933/3039 3280/3134/3039 3265/3119/3039
f 539/2932/3040 3295/3149/3040 3280/3134/3040
f 538/2931/3041 3310/3168/3041 3295/3149/3041
f 3310/3168/3042 536/2928/3042 3325/3165/3042
f 3325/3165/3043 7/2929/3043 70/3169/3043
f 3324/3164/3044 70/3169/3044 69/3170/3044
f 3323/3163/3045 69/3170/3045 68/3171/3045
f 3322/3162/3046 68/3171/3046 67/3172/3046
f 3321/3161/3047 67/3172/3047 66/3173/3047
f 3320/3160/3048 66/3173/3048 65/3174/3048
f 3319/3159/3049 65/3174/3049 64/3175/3049
f 3318/3158/3050 64/3175/3050 63/3176/3050
f 3317/3157/3051 63/3176/3051 62/3177/3051
f 3316/3156/3052 62/3177/3052 61/3178/3052
f 3315/3155/3053 61/3178/3053 60/3179/3053
f 3314/3154/3054 60/3179/3054 59/3180/3054
f 3313/3153/3055 59/3180/3055 58/3181/3055
f 3312/3151/3056 58/3181/3056 57/3182/3056
f 3311/3152/3057 57/3182/3057 56/3183/3057
f 551/3184/3058 56/3183/3058 6/3185/3058
f 552/3186/3059 3311/3152/3059 551/3184/3059
f 553/3187/3060 3296/3137/3060 552/3186/3060
f 554/3188/3061 3281/3121/3061 553/3187/3061
f 3251/3091/3062 554/3188/3062 555/3189/3062
f 3236/3076/3063 555/3189/3063 556/3190/3063
f 3221/3061/3064 556/3190/3064 557/3191/3064
f 3206/3046/3065 557/3191/3065 558/3192/3065
f 3191/3031/3066 558/3192/3066 559/3193/3066
f 3176/3016/3067 559/3193/3067 560/3194/3067
f 3161/3002/3068 560/3194/3068 561/3195/3068
f 3146/2988/3069 561/3195/3069 562/3196/3069
f 3131/2973/3070 562/3196/3070 563/3197/3070
f 564/3198/3071 3131/2973/3071 563/3197/3071
f 565/3166/3072 3116/2945/3072 564/3198/3072
f 3326/3199/3073 3342/3200/3073 3341/3201/3073
f 3327/3202/3074 3343/3203/3074 3342/3200/3074
f 3328/3204/3075 3344/3205/3075 3343/3203/3075
f 3329/3206/3076 3345/3207/3076 3344/3205/3076
f 3330/3208/3077 3346/3209/3077 3345/3207/3077
f 3332/3210/3078 3346/3209/3078 3331/3211/3078
f 3333/3212/3079 3347/3213/3079 3332/3210/3079
f 3334/3214/3080 3348/3215/3080 3333/3212/3080
f 3335/3216/3081 3349/3217/3081 3334/3214/3081
f 3336/3218/3082 3350/3219/3082 3335/3216/3082
f 3337/3220/3083 3351/3221/3083 3336/3218/3083
f 3338/3222/3084 3352/3223/3084 3337/3220/3084
f 3338/3222/3085 3354/3224/3085 3353/3225/3085
f 3339/3226/3086 3355/3227/3086 3354/3224/3086
f 3341/3201/3087 3357/3228/3087 3356/3229/3087
f 3342/3200/3088 3358/3230/3088 3357/3228/3088
f 3343/3203/3089 3359/3231/3089 3358/3230/3089
f 3344/3205/3090 3360/3232/3090 3359/3231/3090
f 3345/3207/3091 3361/3233/3091 3360/3232/3091
f 3347/3213/3092 3361/3233/3092 3346/3209/3092
f 3348/3215/3093 3362/3234/3093 3347/3213/3093
f 3349/3217/3094 3363/3235/3094 3348/3215/3094
f 3350/3219/3095 3364/3236/3095 3349/3217/3095
f 3351/3221/3096 3365/3237/3096 3350/3219/3096
f 3352/3223/3097 3366/3238/3097 3351/3221/3097
f 3353/3225/3098 3367/3239/3098 3352/3223/3098
f 3354/3224/3099 3368/3240/3099 3353/3225/3099
f 3354/3224/3100 3370/3241/3100 3369/3242/3100
f 3356/3229/3101 3372/3243/3101 3371/3244/3101
f 3357/3228/3102 3373/3245/3102 3372/3243/3102
f 3358/3230/3103 3374/3246/3103 3373/3245/3103
f 3359/3231/3104 3375/3247/3104 3374/3246/3104
f 3360/3232/3105 3376/3248/3105 3375/3247/3105
f 3361/3233/3106 3377/3249/3106 3376/3248/3106
f 3363/3235/3107 3377/3249/3107 3362/3234/3107
f 3364/3236/3108 3378/3250/3108 3363/3235/3108
f 3365/3237/3109 3379/3251/3109 3364/3236/3109
f 3366/3238/3110 3380/3252/3110 3365/3237/3110
f 3367/3239/3111 3381/3253/3111 3366/3238/3111
f 3368/3240/3112 3382/3254/3112 3367/3239/3112
f 3369/3242/3113 3383/3255/3113 3368/3240/3113
f 3370/3241/3114 3384/3256/3114 3369/3242/3114
f 3371/3244/3115 3387/3257/3115 3386/3258/3115
f 3372/3243/3116 3388/3259/3116 3387/3257/3116
f 3373/3245/3117 3389/3260/3117 3388/3259/3117
f 3374/3246/3118 3390/3261/3118 3389/3260/3118
f 3375/3247/3119 3391/3262/3119 3390/3261/3119
f 3376/3248/3120 3392/3263/3120 3391/3262/3120
f 3377/3249/3121 3393/3264/3121 3392/3263/3121
f 3379/3251/3122 3393/3264/3122 3378/3250/3122
f 3380/3252/3123 3394/3265/3123 3379/3251/3123
f 3381/3253/3124 3395/3266/3124 3380/3252/3124
f 3382/3254/3125 3396/3267/3125 3381/3253/3125
f 3383/3255/3126 3397/3268/3126 3382/3254/3126
f 3384/3256/3127 3398/3269/3127 3383/3255/3127
f 3385/3270/3128 3399/3271/3128 3384/3256/3128
f 3386/3258/3129 3402/3272/3129 3401/3273/3129
f 3387/3257/3130 3403/3274/3130 3402/3272/3130
f 3388/3259/3131 3404/3275/3131 3403/3274/3131
f 3389/3260/3132 3405/3276/3132 3404/3275/3132
f 3390/3261/3133 3406/3277/3133 3405/3276/3133
f 3391/3262/3134 3407/3278/3134 3406/3277/3134
f 3392/3263/3135 3408/3279/3135 3407/3278/3135
f 3393/3264/3136 3409/3280/3136 3408/3279/3136
f 3394/3265/3137 3410/3281/3137 3409/3280/3137
f 3396/3267/3138 3410/3281/3138 3395/3266/3138
f 3397/3268/3139 3411/3282/3139 3396/3267/3139
f 3398/3269/3140 3412/3283/3140 3397/3268/3140
f 3399/3271/3141 3413/3284/3141 3398/3269/3141
f 3400/3285/3142 3414/3286/3142 3399/3271/3142
f 3402/3272/3143 3416/3287/3143 3401/3273/3143
f 3402/3272/3144 3418/3288/3144 3417/3289/3144
f 3403/3274/3145 3419/3290/3145 3418/3288/3145
f 3404/3275/3146 3420/3291/3146 3419/3290/3146
f 3405/3276/3147 3421/3292/3147 3420/3291/3147
f 3406/3277/3148 3422/3293/3148 3421/3292/3148
f 3407/3278/3149 3423/3294/3149 3422/3293/3149
f 3408/3279/3150 3424/3295/3150 3423/3294/3150
f 3409/3280/3151 3425/3296/3151 3424/3295/3151
f 3410/3281/3152 3426/3297/3152 3425/3296/3152
f 3412/3283/3153 3426/3297/3153 3411/3282/3153
f 3413/3284/3154 3427/3298/3154 3412/3283/3154
f 3414/3286/3155 3428/3299/3155 3413/3284/3155
f 3415/3300/3156 3429/3301/3156 3414/3286/3156
f 3416/3287/3157 3432/3302/3157 3431/3303/3157
f 3417/3289/3158 3433/3304/3158 3432/3302/3158
f 3418/3288/3159 3434/3305/3159 3433/3304/3159
f 3419/3290/3160 3435/3306/3160 3434/3305/3160
f 3420/3291/3161 3436/3307/3161 3435/3306/3161
f 3421/3292/3162 3437/3308/3162 3436/3307/3162
f 3422/3293/3163 3438/3309/3163 3437/3308/3163
f 3423/3294/3164 3439/3310/3164 3438/3309/3164
f 3424/3295/3165 3440/3311/3165 3439/3310/3165
f 3425/3296/3166 3441/3312/3166 3440/3311/3166
f 3426/3297/3167 3442/3313/3167 3441/3312/3167
f 3428/3299/3168 3442/3313/3168 3427/3298/3168
f 3429/3301/3169 3443/3314/3169 3428/3299/3169
f 3430/3315/3170 3444/3316/3170 3429/3301/3170
f 3432/3302/3171 3446/3317/3171 3431/3303/3171
f 3433/3304/3172 3447/3318/3172 3432/3302/3172
f 3434/3305/3173 3448/3319/3173 3433/3304/3173
f 3435/3306/3174 3449/3320/3174 3434/3305/3174
f 3436/3307/3175 3450/3321/3175 3435/3306/3175
f 3436/3307/3176 3452/3322/3176 3451/3323/3176
f 3437/3308/3177 3453/3324/3177 3452/3322/3177
f 3438/3309/3178 3454/3325/3178 3453/3324/3178
f 3439/3310/3179 3455/3326/3179 3454/3325/3179
f 3440/3311/3180 3456/3327/3180 3455/3326/3180
f 3441/3312/3181 3457/3328/3181 3456/3327/3181
f 3442/3313/3182 3458/3329/3182 3457/3328/3182
f 3444/3316/3183 3458/3329/3183 3443/3314/3183
f 3445/3330/3184 3459/3331/3184 3444/3316/3184
f 3447/3318/3185 3461/3332/3185 3446/3317/3185
f 3448/3319/3186 3462/3333/3186 3447/3318/3186
f 3449/3320/3187 3463/3334/3187 3448/3319/3187
f 3450/3321/3188 3464/3335/3188 3449/3320/3188
f 3451/3323/3189 3465/3336/3189 3450/3321/3189
f 3452/3322/3190 3466/3337/3190 3451/3323/3190
f 3452/3322/3191 3468/3338/3191 3467/3339/3191
f 3453/3324/3192 3469/3340/3192 3468/3338/3192
f 3454/3325/3193 3470/3341/3193 3469/3340/3193
f 3455/3326/3194 3471/3342/3194 3470/3341/3194
f 3456/3327/3195 3472/3343/3195 3471/3342/3195
f 3457/3328/3196 3473/3344/3196 3472/3343/3196
f 3458/3329/3197 3474/3345/3197 3473/3344/3197
f 3460/3346/3198 3474/3345/3198 3459/3331/3198
f 3462/3333/3199 3476/3347/3199 3461/3332/3199
f 3463/3334/3200 3477/3348/3200 3462/3333/3200
f 3464/3335/3201 3478/3349/3201 3463/3334/3201
f 3465/3336/3202 3479/3350/3202 3464/3335/3202
f 3466/3337/3203 3480/3351/3203 3465/3336/3203
f 3467/3339/3204 3481/3352/3204 3466/3337/3204
f 3468/3338/3205 3482/3353/3205 3467/3339/3205
f 3468/3338/3206 3484/3354/3206 3483/3355/3206
f 3469/3340/3207 3485/3356/3207 3484/3354/3207
f 3470/3341/3208 3486/3357/3208 3485/3356/3208
f 3471/3342/3209 3487/3358/3209 3486/3357/3209
f 3472/3343/3210 3488/3359/3210 3487/3358/3210
f 3473/3344/3211 3489/3360/3211 3488/3359/3211
f 3474/3345/3212 3490/3361/3212 3489/3360/3212
f 3477/3348/3213 3491/3362/3213 3476/3347/3213
f 3478/3349/3214 3492/3363/3214 3477/3348/3214
f 3479/3350/3215 3493/3364/3215 3478/3349/3215
f 3480/3351/3216 3494/3365/3216 3479/3350/3216
f 3481/3352/3217 3495/3366/3217 3480/3351/3217
f 3482/3353/3218 3496/3367/3218 3481/3352/3218
f 3483/3355/3219 3497/3368/3219 3482/3353/3219
f 3484/3354/3220 3498/3369/3220 3483/3355/3220
f 3484/3354/3221 3500/3370/3221 3499/3371/3221
f 3485/3356/3222 3501/3372/3222 3500/3370/3222
f 3486/3357/3223 3502/3373/3223 3501/3372/3223
f 3487/3358/3224 3503/3374/3224 3502/3373/3224
f 3488/3359/3225 3504/3375/3225 3503/3374/3225
f 3489/3360/3226 3505/3376/3226 3504/3375/3226
f 3492/3363/3227 3506/3377/3227 3491/3362/3227
f 3493/3364/3228 3507/3378/3228 3492/3363/3228
f 3494/3365/3229 3508/3379/3229 3493/3364/3229
f 3495/3366/3230 3509/3380/3230 3494/3365/3230
f 3496/3367/3231 3510/3381/3231 3495/3366/3231
f 3497/3368/3232 3511/3382/3232 3496/3367/3232
f 3498/3369/3233 3512/3383/3233 3497/3368/3233
f 3499/3371/3234 3513/3384/3234 3498/3369/3234
f 3500/3370/3235 3514/3385/3235 3499/3371/3235
f 3500/3370/3236 3516/3386/3236 3515/3387/3236
f 3501/3372/3237 3517/3388/3237 3516/3386/3237
f 3502/3373/3238 3518/3389/3238 3517/3388/3238
f 3503/3374/3239 3519/3390/3239 3518/3389/3239
f 3504/3375/3240 3520/3391/3240 3519/3390/3240
f 3507/3378/3241 3521/3392/3241 3506/3377/3241
f 3508/3379/3242 3522/3393/3242 3507/3378/3242
f 3509/3380/3243 3523/3394/3243 3508/3379/3243
f 3510/3381/3244 3524/3395/3244 3509/3380/3244
f 3511/3382/3245 3525/3396/3245 3510/3381/3245
f 3512/3383/3246 3526/3397/3246 3511/3382/3246
f 3513/3384/3247 3527/3398/3247 3512/3383/3247
f 3514/3385/3248 3528/3399/3248 3513/3384/3248
f 3515/3387/3249 3529/3400/3249 3514/3385/3249
f 3515/3387/3250 3531/3401/3250 3530/3402/3250
f 3516/3386/3251 3532/3403/3251 3531/3401/3251
f 3517/3388/3252 3533/3404/3252 3532/3403/3252
f 3518/3389/3253 3534/3405/3253 3533/3404/3253
f 3519/3390/3254 3535/3406/3254 3534/3405/3254
f 3522/3393/3255 3536/3407/3255 3521/3392/3255
f 3523/3394/3256 3537/3408/3256 3522/3393/3256
f 3524/3395/3257 3538/3409/3257 3523/3394/3257
f 3525/3396/3258 3539/3410/3258 3524/3395/3258
f 3525/3396/3259 3541/3411/3259 3540/3412/3259
f 3526/3397/3260 3542/3413/3260 3541/3411/3260
f 3527/3398/3261 3543/3414/3261 3542/3413/3261
f 3529/3400/3262 3543/3414/3262 3528/3399/3262
f 3530/3402/3263 3544/3415/3263 3529/3400/3263
f 3531/3401/3264 3545/3416/3264 3530/3402/3264
f 3531/3401/3265 3547/3417/3265 3546/3418/3265
f 3532/3403/3266 3548/3419/3266 3547/3417/3266
f 3533/3404/3267 3549/3420/3267 3548/3419/3267
f 3534/3405/3268 3550/3421/3268 3549/3420/3268
f 23/817/3269 3326/3199/3269 580/3422/3269
f 416/815/3270 3327/3202/3270 3326/3199/3270
f 417/814/3271 3328/3204/3271 3327/3202/3271
f 418/813/3272 3329/3206/3272 3328/3204/3272
f 419/812/3273 3330/3208/3273 3329/3206/3273
f 420/811/3274 3331/3211/3274 3330/3208/3274
f 422/809/3275 3331/3211/3275 421/810/3275
f 423/808/3276 3332/3210/3276 422/809/3276
f 424/807/3277 3333/3212/3277 423/808/3277
f 425/806/3278 3334/3214/3278 424/807/3278
f 426/805/3279 3335/3216/3279 425/806/3279
f 427/804/3280 3336/3218/3280 426/805/3280
f 428/803/3281 3337/3220/3281 427/804/3281
f 428/803/3282 3339/3226/3282 3338/3222/3282
f 429/802/3283 3340/3423/3283 3339/3226/3283
f 430/801/3284 565/3166/3284 3340/3423/3284
f 3340/3423/3285 564/3198/3285 3355/3227/3285
f 3355/3227/3286 563/3197/3286 3370/3241/3286
f 563/3197/3287 3385/3270/3287 3370/3241/3287
f 562/3196/3288 3400/3285/3288 3385/3270/3288
f 561/3195/3289 3415/3300/3289 3400/3285/3289
f 560/3194/3290 3430/3315/3290 3415/3300/3290
f 559/3193/3291 3445/3330/3291 3430/3315/3291
f 558/3192/3292 3460/3346/3292 3445/3330/3292
f 557/3191/3293 3475/3424/3293 3460/3346/3293
f 556/3190/3294 3490/3361/3294 3475/3424/3294
f 555/3189/3295 3505/3376/3295 3490/3361/3295
f 3505/3376/3296 553/3187/3296 3520/3391/3296
f 3520/3391/3297 552/3186/3297 3535/3406/3297
f 3535/3406/3298 551/3184/3298 3550/3421/3298
f 3550/3421/3299 6/3185/3299 55/3425/3299
f 3549/3420/3300 55/3425/3300 54/3426/3300
f 3548/3419/3301 54/3426/3301 53/3427/3301
f 3548/3419/3302 52/3428/3302 3547/3417/3302
f 3547/3417/3303 51/3429/3303 3546/3418/3303
f 3546/3418/3304 50/3430/3304 3545/3416/3304
f 3545/3416/3305 49/3431/3305 3544/3415/3305
f 3543/3414/3306 49/3431/3306 48/3432/3306
f 3542/3413/3307 48/3432/3307 47/3433/3307
f 3541/3411/3308 47/3433/3308 46/3434/3308
f 3540/3412/3309 46/3434/3309 45/3435/3309
f 3540/3412/3310 44/3436/3310 3539/3410/3310
f 3539/3410/3311 43/3437/3311 3538/3409/3311
f 3538/3409/3312 42/3438/3312 3537/3408/3312
f 3537/3408/3313 41/3439/3313 3536/3407/3313
f 3536/3407/3314 5/3440/3314 566/3441/3314
f 3521/3392/3315 566/3441/3315 567/3442/3315
f 3506/3377/3316 567/3442/3316 568/3443/3316
f 3491/3362/3317 568/3443/3317 569/3444/3317
f 3476/3347/3318 569/3444/3318 570/3445/3318
f 3461/3332/3319 570/3445/3319 571/3446/3319
f 3446/3317/3320 571/3446/3320 572/3447/3320
f 3431/3303/3321 572/3447/3321 573/3448/3321
f 574/3449/3322 3431/3303/3322 573/3448/3322
f 3401/3273/3323 574/3449/3323 575/3450/3323
f 576/3451/3324 3401/3273/3324 575/3450/3324
f 577/3452/3325 3386/3258/3325 576/3451/3325
f 578/3453/3326 3371/3244/3326 577/3452/3326
f 579/3454/3327 3356/3229/3327 578/3453/3327
f 580/3422/3328 3341/3201/3328 579/3454/3328
f 3551/3455/3329 3567/3456/3329 3566/3457/3329
f 3553/3458/3330 3567/3456/3330 3552/3459/3330
f 3554/3460/3331 3568/3461/3331 3553/3458/3331
f 3555/3462/3332 3569/3463/3332 3554/3460/3332
f 3555/3462/3333 3571/3464/3333 3570/3465/3333
f 3556/3466/3334 3572/3467/3334 3571/3464/3334
f 3557/3468/3335 3573/3469/3335 3572/3467/3335
f 3558/3470/3336 3574/3471/3336 3573/3469/3336
f 3560/3472/3337 3574/3471/3337 3559/3473/3337
f 3561/3474/3338 3575/3475/3338 3560/3472/3338
f 3562/3476/3339 3576/3477/3339 3561/3474/3339
f 3562/3476/3340 3578/3478/3340 3577/3479/3340
f 3563/3480/3341 3579/3481/3341 3578/3478/3341
f 3564/3482/3342 3580/3483/3342 3579/3481/3342
f 3566/3457/3343 3582/3484/3343 3581/3485/3343
f 3567/3456/3344 3583/3486/3344 3582/3484/3344
f 3568/3461/3345 3584/3487/3345 3583/3486/3345
f 3569/3463/3346 3585/3488/3346 3584/3487/3346
f 3570/3465/3347 3586/3489/3347 3585/3488/3347
f 3571/3464/3348 3587/3490/3348 3586/3489/3348
f 3572/3467/3349 3588/3491/3349 3587/3490/3349
f 3573/3469/3350 3589/3492/3350 3588/3491/3350
f 3575/3475/3351 3589/3492/3351 3574/3471/3351
f 3576/3477/3352 3590/3493/3352 3575/3475/3352
f 3577/3479/3353 3591/3494/3353 3576/3477/3353
f 3577/3479/3354 3593/3495/3354 3592/3496/3354
f 3578/3478/3355 3594/3497/3355 3593/3495/3355
f 3579/3481/3356 3595/3498/3356 3594/3497/3356
f 3581/3485/3357 3597/3499/3357 3596/3500/3357
f 3582/3484/3358 3598/3501/3358 3597/3499/3358
f 3583/3486/3359 3599/3502/3359 3598/3501/3359
f 3584/3487/3360 3600/3503/3360 3599/3502/3360
f 3585/3488/3361 3601/3504/3361 3600/3503/3361
f 3586/3489/3362 3602/3505/3362 3601/3504/3362
f 3587/3490/3363 3603/3506/3363 3602/3505/3363
f 3588/3491/3364 3604/3507/3364 3603/3506/3364
f 3590/3493/3365 3604/3507/3365 3589/3492/3365
f 3591/3494/3366 3605/3508/3366 3590/3493/3366
f 3592/3496/3367 3606/3509/3367 3591/3494/3367
f 3592/3496/3368 3608/3510/3368 3607/3511/3368
f 3593/3495/3369 3609/3512/3369 3608/3510/3369
f 3594/3497/3370 3610/3513/3370 3609/3512/3370
f 3597/3499/3371 3611/3514/3371 3596/3500/3371
f 3598/3501/3372 3612/3515/3372 3597/3499/3372
f 3598/3501/3373 3614/3516/3373 3613/3517/3373
f 3599/3502/3374 3615/3518/3374 3614/3516/3374
f 3600/3503/3375 3616/3519/3375 3615/3518/3375
f 3601/3504/3376 3617/3520/3376 3616/3519/3376
f 3602/3505/3377 3618/3521/3377 3617/3520/3377
f 3603/3506/3378 3619/3522/3378 3618/3521/3378
f 3605/3508/3379 3619/3522/3379 3604/3507/3379
f 3606/3509/3380 3620/3523/3380 3605/3508/3380
f 3607/3511/3381 3621/3524/3381 3606/3509/3381
f 3608/3510/3382 3622/3525/3382 3607/3511/3382
f 3608/3510/3383 3624/3526/3383 3623/3527/3383
f 3609/3512/3384 3625/3528/3384 3624/3526/3384
f 3612/3515/3385 3626/3529/3385 3611/3514/3385
f 3613/3517/3386 3627/3530/3386 3612/3515/3386
f 3614/3516/3387 3628/3531/3387 3613/3517/3387
f 3614/3516/3388 3630/3532/3388 3629/3533/3388
f 3615/3518/3389 3631/3534/3389 3630/3532/3389
f 3616/3519/3390 3632/3535/3390 3631/3534/3390
f 3617/3520/3391 3633/3536/3391 3632/3535/3391
f 3618/3521/3392 3634/3537/3392 3633/3536/3392
f 3619/3522/3393 3635/3538/3393 3634/3537/3393
f 3621/3524/3394 3635/3538/3394 3620/3523/3394
f 3622/3525/3395 3636/3539/3395 3621/3524/3395
f 3623/3527/3396 3637/3540/3396 3622/3525/3396
f 3624/3526/3397 3638/3541/3397 3623/3527/3397
f 3625/3528/3398 3639/3542/3398 3624/3526/3398
f 3627/3530/3399 3641/3543/3399 3626/3529/3399
f 3628/3531/3400 3642/3544/3400 3627/3530/3400
f 3629/3533/3401 3643/3545/3401 3628/3531/3401
f 3630/3532/3402 3644/3546/3402 3629/3533/3402
f 3630/3532/3403 3646/3547/3403 3645/3548/3403
f 3631/3534/3404 3647/3549/3404 3646/3547/3404
f 3632/3535/3405 3648/3550/3405 3647/3549/3405
f 3633/3536/3406 3649/3551/3406 3648/3550/3406
f 3634/3537/3407 3650/3552/3407 3649/3551/3407
f 3635/3538/3408 3651/3553/3408 3650/3552/3408
f 3637/3540/3409 3651/3553/3409 3636/3539/3409
f 3638/3541/3410 3652/3554/3410 3637/3540/3410
f 3639/3542/3411 3653/3555/3411 3638/3541/3411
f 3640/3556/3412 3654/3557/3412 3639/3542/3412
f 3642/3544/3413 3656/3558/3413 3641/3543/3413
f 3643/3545/3414 3657/3559/3414 3642/3544/3414
f 3644/3546/3415 3658/3560/3415 3643/3545/3415
f 3645/3548/3416 3659/3561/3416 3644/3546/3416
f 3646/3547/3417 3660/3562/3417 3645/3548/3417
f 3647/3549/3418 3661/3563/3418 3646/3547/3418
f 3648/3550/3419 3662/3564/3419 3647/3549/3419
f 3648/3550/3420 3664/3565/3420 3663/3566/3420
f 3649/3551/3421 3665/3567/3421 3664/3565/3421
f 3650/3552/3422 3666/3568/3422 3665/3567/3422
f 3652/3554/3423 3666/3568/3423 3651/3553/3423
f 3653/3555/3424 3667/3569/3424 3652/3554/3424
f 3654/3557/3425 3668/3570/3425 3653/3555/3425
f 3655/3571/3426 3669/3572/3426 3654/3557/3426
f 3657/3559/3427 3671/3573/3427 3656/3558/3427
f 3658/3560/3428 3672/3574/3428 3657/3559/3428
f 3659/3561/3429 3673/3575/3429 3658/3560/3429
f 3660/3562/3430 3674/3576/3430 3659/3561/3430
f 3661/3563/3431 3675/3577/3431 3660/3562/3431
f 3662/3564/3432 3676/3578/3432 3661/3563/3432
f 3662/3564/3433 3678/3579/3433 3677/3580/3433
f 3663/3566/3434 3679/3581/3434 3678/3579/3434
f 3664/3565/3435 3680/3582/3435 3679/3581/3435
f 3665/3567/3436 3681/3583/3436 3680/3582/3436
f 3667/3569/3437 3681/3583/3437 3666/3568/3437
f 3668/3570/3438 3682/3584/3438 3667/3569/3438
f 3669/3572/3439 3683/3585/3439 3668/3570/3439
f 3670/3586/3440 3684/3587/3440 3669/3572/3440
f 3672/3574/3441 3686/3588/3441 3671/3573/3441
f 3673/3575/3442 3687/3589/3442 3672/3574/3442
f 3674/3576/3443 3688/3590/3443 3673/3575/3443
f 3675/3577/3444 3689/3591/3444 3674/3576/3444
f 3676/3578/3445 3690/3592/3445 3675/3577/3445
f 3677/3580/3446 3691/3593/3446 3676/3578/3446
f 3677/3580/3447 3693/3594/3447 3692/3595/3447
f 3678/3579/3448 3694/3596/3448 3693/3594/3448
f 3679/3581/3449 3695/3597/3449 3694/3596/3449
f 3680/3582/3450 3696/3598/3450 3695/3597/3450
f 3682/3584/3451 3696/3598/3451 3681/3583/3451
f 3683/3585/3452 3697/3599/3452 3682/3584/3452
f 3684/3587/3453 3698/3600/3453 3683/3585/3453
f 3685/3601/3454 3699/3602/3454 3684/3587/3454
f 3687/3589/3455 3701/3603/3455 3686/3588/3455
f 3688/3590/3456 3702/3604/3456 3687/3589/3456
f 3689/3591/3457 3703/3605/3457 3688/3590/3457
f 3690/3592/3458 3704/3606/3458 3689/3591/3458
f 3691/3593/3459 3705/3607/3459 3690/3592/3459
f 3692/3595/3460 3706/3608/3460 3691/3593/3460
f 3693/3594/3461 3707/3609/3461 3692/3595/3461
f 3693/3594/3462 3709/3610/3462 3708/3611/3462
f 3694/3596/3463 3710/3612/3463 3709/3610/3463
f 3695/3597/3464 3711/3613/3464 3710/3612/3464
f 3697/3599/3465 3711/3613/3465 3696/3598/3465
f 3698/3600/3466 3712/3614/3466 3697/3599/3466
f 3699/3602/3467 3713/3615/3467 3698/3600/3467
f 3700/3616/3468 3714/3617/3468 3699/3602/3468
f 3702/3604/3469 3716/3618/3469 3701/3603/3469
f 3703/3605/3470 3717/3619/3470 3702/3604/3470
f 3704/3606/3471 3718/3620/3471 3703/3605/3471
f 3705/3607/3472 3719/3621/3472 3704/3606/3472
f 3706/3608/3473 3720/3622/3473 3705/3607/3473
f 3707/3609/3474 3721/3623/3474 3706/3608/3474
f 3708/3611/3475 3722/3624/3475 3707/3609/3475
f 3709/3610/3476 3723/3625/3476 3708/3611/3476
f 3710/3612/3477 3724/3626/3477 3709/3610/3477
f 3710/3612/3478 3726/3627/3478 3725/3628/3478
f 3711/3613/3479 3727/3629/3479 3726/3627/3479
f 3713/3615/3480 3727/3629/3480 3712/3614/3480
f 3714/3617/3481 3728/3630/3481 3713/3615/3481
f 3715/3631/3482 3729/3632/3482 3714/3617/3482
f 3717/3619/3483 3731/3633/3483 3716/3618/3483
f 3718/3620/3484 3732/3634/3484 3717/3619/3484
f 3719/3621/3485 3733/3635/3485 3718/3620/3485
f 3720/3622/3486 3734/3636/3486 3719/3621/3486
f 3721/3623/3487 3735/3637/3487 3720/3622/3487
f 3722/3624/3488 3736/3638/3488 3721/3623/3488
f 3723/3625/3489 3737/3639/3489 3722/3624/3489
f 3724/3626/3490 3738/3640/3490 3723/3625/3490
f 3725/3628/3491 3739/3641/3491 3724/3626/3491
f 3726/3627/3492 3740/3642/3492 3725/3628/3492
f 3727/3629/3493 3741/3643/3493 3726/3627/3493
f 3728/3630/3494 3742/3644/3494 3727/3629/3494
f 3729/3632/3495 3743/3645/3495 3728/3630/3495
f 3730/3646/3496 3744/3647/3496 3729/3632/3496
f 3732/3634/3497 3746/3648/3497 3731/3633/3497
f 3733/3635/3498 3747/3649/3498 3732/3634/3498
f 3734/3636/3499 3748/3650/3499 3733/3635/3499
f 3735/3637/3500 3749/3651/3500 3734/3636/3500
f 3736/3638/3501 3750/3652/3501 3735/3637/3501
f 3737/3639/3502 3751/3653/3502 3736/3638/3502
f 3738/3640/3503 3752/3654/3503 3737/3639/3503
f 3739/3641/3504 3753/3655/3504 3738/3640/3504
f 3740/3642/3505 3754/3656/3505 3739/3641/3505
f 3741/3643/3506 3755/3657/3506 3740/3642/3506
f 3742/3644/3507 3756/3658/3507 3741/3643/3507
f 3743/3645/3508 3757/3659/3508 3742/3644/3508
f 3744/3647/3509 3758/3660/3509 3743/3645/3509
f 3745/3661/3510 3759/3662/3510 3744/3647/3510
f 3747/3649/3511 3761/3663/3511 3746/3648/3511
f 3748/3650/3512 3762/3664/3512 3747/3649/3512
f 3749/3651/3513 3763/3665/3513 3748/3650/3513
f 3750/3652/3514 3764/3666/3514 3749/3651/3514
f 3751/3653/3515 3765/3667/3515 3750/3652/3515
f 3752/3654/3516 3766/3668/3516 3751/3653/3516
f 3753/3655/3517 3767/3669/3517 3752/3654/3517
f 3754/3656/3518 3768/3670/3518 3753/3655/3518
f 3755/3657/3519 3769/3671/3519 3754/3656/3519
f 3756/3658/3520 3770/3672/3520 3755/3657/3520
f 3757/3659/3521 3771/3673/3521 3756/3658/3521
f 3758/3660/3522 3772/3674/3522 3757/3659/3522
f 3759/3662/3523 3773/3675/3523 3758/3660/3523
f 3760/3676/3524 3774/3677/3524 3759/3662/3524
f 10/3678/3525 3551/3455/3525 131/3679/3525
f 581/3680/3526 3552/3459/3526 3551/3455/3526
f 583/3681/3527 3552/3459/3527 582/3682/3527
f 584/3683/3528 3553/3458/3528 583/3681/3528
f 585/3684/3529 3554/3460/3529 584/3683/3529
f 586/3685/3530 3555/3462/3530 585/3684/3530
f 586/3685/3531 3557/3468/3531 3556/3466/3531
f 587/3686/3532 3558/3470/3532 3557/3468/3532
f 588/3687/3533 3559/3473/3533 3558/3470/3533
f 589/3688/3534 3560/3472/3534 3559/3473/3534
f 591/3689/3535 3560/3472/3535 590/3690/3535
f 592/3691/3536 3561/3474/3536 591/3689/3536
f 592/3691/3537 3563/3480/3537 3562/3476/3537
f 593/3692/3538 3564/3482/3538 3563/3480/3538
f 594/3693/3539 3565/3694/3539 3564/3482/3539
f 595/3695/3540 580/3422/3540 3565/3694/3540
f 3565/3694/3541 579/3454/3541 3580/3483/3541
f 3580/3483/3542 578/3453/3542 3595/3498/3542
f 3595/3498/3543 577/3452/3543 3610/3513/3543
f 3610/3513/3544 576/3451/3544 3625/3528/3544
f 3625/3528/3545 575/3450/3545 3640/3556/3545
f 3640/3556/3546 574/3449/3546 3655/3571/3546
f 3655/3571/3547 573/3448/3547 3670/3586/3547
f 573/3448/3548 3685/3601/3548 3670/3586/3548
f 572/3447/3549 3700/3616/3549 3685/3601/3549
f 571/3446/3550 3715/3631/3550 3700/3616/3550
f 570/3445/3551 3730/3646/3551 3715/3631/3551
f 569/3444/3552 3745/3661/3552 3730/3646/3552
f 568/3443/3553 3760/3676/3553 3745/3661/3553
f 567/3442/3554 3775/3696/3554 3760/3676/3554
f 566/3441/3555 40/3697/3555 3775/3696/3555
f 3775/3696/3556 39/3698/3556 3774/3677/3556
f 3774/3677/3557 38/3699/3557 3773/3675/3557
f 3773/3675/3558 37/3700/3558 3772/3674/3558
f 3772/3674/3559 36/3701/3559 3771/3673/3559
f 3771/3673/3560 35/3702/3560 3770/3672/3560
f 3770/3672/3561 34/3703/3561 3769/3671/3561
f 3769/3671/3562 33/3704/3562 3768/3670/3562
f 3768/3670/3563 32/3705/3563 3767/3669/3563
f 3767/3669/3564 31/3706/3564 3766/3668/3564
f 3766/3668/3565 30/3707/3565 3765/3667/3565
f 3765/3667/3566 29/3708/3566 3764/3666/3566
f 3764/3666/3567 28/3709/3567 3763/3665/3567
f 3762/3664/3568 28/3709/3568 27/3710/3568
f 3761/3663/3569 27/3710/3569 26/3711/3569
f 145/3712/3570 26/3711/3570 2/3713/3570
f 144/3714/3571 3761/3663/3571 145/3712/3571
f 3731/3633/3572 144/3714/3572 143/3715/3572
f 3716/3618/3573 143/3715/3573 142/3716/3573
f 3701/3603/3574 142/3716/3574 141/3717/3574
f 3686/3588/3575 141/3717/3575 140/3718/3575
f 3671/3573/3576 140/3718/3576 139/3719/3576
f 3656/3558/3577 139/3719/3577 138/3720/3577
f 137/3721/3578 3656/3558/3578 138/3720/3578
f 3626/3529/3579 137/3721/3579 136/3722/3579
f 3611/3514/3580 136/3722/3580 135/3723/3580
f 3596/3500/3581 135/3723/3581 134/3724/3581
f 133/3725/3582 3596/3500/3582 134/3724/3582
f 132/3726/3583 3581/3485/3583 133/3725/3583
f 131/3679/3584 3566/3457/3584 132/3726/3584
f 3776/3727/3585 3792/3728/3585 3791/3729/3585
f 3777/3730/3586 3793/3731/3586 3792/3728/3586
f 3778/3732/3587 3794/3733/3587 3793/3731/3587
f 3779/3734/3588 3795/3735/3588 3794/3733/3588
f 3780/3736/3589 3796/3737/3589 3795/3735/3589
f 3781/3738/3590 3797/3739/3590 3796/3737/3590
f 3782/3740/3591 3798/3741/3591 3797/3739/3591
f 3783/3742/3592 3799/3743/3592 3798/3741/3592
f 3784/3744/3593 3800/3745/3593 3799/3743/3593
f 3785/3746/3594 3801/3747/3594 3800/3745/3594
f 3786/3748/3595 3802/3749/3595 3801/3747/3595
f 3787/3750/3596 3803/3751/3596 3802/3749/3596
f 3788/3752/3597 3804/3753/3597 3803/3751/3597
f 3789/3754/3598 3805/3755/3598 3804/3753/3598
f 3791/3729/3599 3807/3756/3599 3806/3757/3599
f 3792/3728/3600 3808/3758/3600 3807/3756/3600
f 3793/3731/3601 3809/3759/3601 3808/3758/3601
f 3794/3733/3602 3810/3760/3602 3809/3759/3602
f 3795/3735/3603 3811/3761/3603 3810/3760/3603
f 3796/3737/3604 3812/3762/3604 3811/3761/3604
f 3797/3739/3605 3813/3763/3605 3812/3762/3605
f 3798/3741/3606 3814/3764/3606 3813/3763/3606
f 3799/3743/3607 3815/3765/3607 3814/3764/3607
f 3800/3745/3608 3816/3766/3608 3815/3765/3608
f 3801/3747/3609 3817/3767/3609 3816/3766/3609
f 3802/3749/3610 3818/3768/3610 3817/3767/3610
f 3804/3753/3611 3818/3768/3611 3803/3751/3611
f 3805/3755/3612 3819/3769/3612 3804/3753/3612
f 3806/3757/3613 3822/3770/3613 3821/3771/3613
f 3807/3756/3614 3823/3772/3614 3822/3770/3614
f 3808/3758/3615 3824/3773/3615 3823/3772/3615
f 3809/3759/3616 3825/3774/3616 3824/3773/3616
f 3810/3760/3617 3826/3775/3617 3825/3774/3617
f 3811/3761/3618 3827/3776/3618 3826/3775/3618
f 3812/3762/3619 3828/3777/3619 3827/3776/3619
f 3813/3763/3620 3829/3778/3620 3828/3777/3620
f 3814/3764/3621 3830/3779/3621 3829/3778/3621
f 3815/3765/3622 3831/3780/3622 3830/3779/3622
f 3816/3766/3623 3832/3781/3623 3831/3780/3623
f 3818/3768/3624 3832/3781/3624 3817/3767/3624
f 3819/3769/3625 3833/3782/3625 3818/3768/3625
f 3820/3783/3626 3834/3784/3626 3819/3769/3626
f 3821/3771/3627 3837/3785/3627 3836/3786/3627
f 3822/3770/3628 3838/3787/3628 3837/3785/3628
f 3823/3772/3629 3839/3788/3629 3838/3787/3629
f 3824/3773/3630 3840/3789/3630 3839/3788/3630
f 3825/3774/3631 3841/3790/3631 3840/3789/3631
f 3826/3775/3632 3842/3791/3632 3841/3790/3632
f 3827/3776/3633 3843/3792/3633 3842/3791/3633
f 3828/3777/3634 3844/3793/3634 3843/3792/3634
f 3829/3778/3635 3845/3794/3635 3844/3793/3635
f 3830/3779/3636 3846/3795/3636 3845/3794/3636
f 3831/3780/3637 3847/3796/3637 3846/3795/3637
f 3833/3782/3638 3847/3796/3638 3832/3781/3638
f 3834/3784/3639 3848/3797/3639 3833/3782/3639
f 3835/3798/3640 3849/3799/3640 3834/3784/3640
f 3836/3786/3641 3852/3800/3641 3851/3801/3641
f 3837/3785/3642 3853/3802/3642 3852/3800/3642
f 3838/3787/3643 3854/3803/3643 3853/3802/3643
f 3839/3788/3644 3855/3804/3644 3854/3803/3644
f 3840/3789/3645 3856/3805/3645 3855/3804/3645
f 3841/3790/3646 3857/3806/3646 3856/3805/3646
f 3842/3791/3647 3858/3807/3647 3857/3806/3647
f 3843/3792/3648 3859/3808/3648 3858/3807/3648
f 3844/3793/3649 3860/3809/3649 3859/3808/3649
f 3845/3794/3650 3861/3810/3650 3860/3809/3650
f 3846/3795/3651 3862/3811/3651 3861/3810/3651
f 3848/3797/3652 3862/3811/3652 3847/3796/3652
f 3849/3799/3653 3863/3812/3653 3848/3797/3653
f 3850/3813/3654 3864/3814/3654 3849/3799/3654
f 3851/3801/3655 3867/3815/3655 3866/3816/3655
f 3852/3800/3656 3868/3817/3656 3867/3815/3656
f 3853/3802/3657 3869/3818/3657 3868/3817/3657
f 3854/3803/3658 3870/3819/3658 3869/3818/3658
f 3855/3804/3659 3871/3820/3659 3870/3819/3659
f 3856/3805/3660 3872/3821/3660 3871/3820/3660
f 3857/3806/3661 3873/3822/3661 3872/3821/3661
f 3858/3807/3662 3874/3823/3662 3873/3822/3662
f 3859/3808/3663 3875/3824/3663 3874/3823/3663
f 3860/3809/3664 3876/3825/3664 3875/3824/3664
f 3861/3810/3665 3877/3826/3665 3876/3825/3665
f 3863/3812/3666 3877/3826/3666 3862/3811/3666
f 3864/3814/3667 3878/3827/3667 3863/3812/3667
f 3865/3828/3668 3879/3829/3668 3864/3814/3668
f 3866/3816/3669 3882/3830/3669 3881/3831/3669
f 3867/3815/3670 3883/3832/3670 3882/3830/3670
f 3868/3817/3671 3884/3833/3671 3883/3832/3671
f 3869/3818/3672 3885/3834/3672 3884/3833/3672
f 3870/3819/3673 3886/3835/3673 3885/3834/3673
f 3871/3820/3674 3887/3836/3674 3886/3835/3674
f 3872/3821/3675 3888/3837/3675 3887/3836/3675
f 3873/3822/3676 3889/3838/3676 3888/3837/3676
f 3874/3823/3677 3890/3839/3677 3889/3838/3677
f 3875/3824/3678 3891/3840/3678 3890/3839/3678
f 3876/3825/3679 3892/3841/3679 3891/3840/3679
f 3878/3827/3680 3892/3841/3680 3877/3826/3680
f 3879/3829/3681 3893/3842/3681 3878/3827/3681
f 3880/3843/3682 3894/3844/3682 3879/3829/3682
f 3881/3831/3683 3897/3845/3683 3896/3846/3683
f 3882/3830/3684 3898/3847/3684 3897/3845/3684
f 3883/3832/3685 3899/3848/3685 3898/3847/3685
f 3884/3833/3686 3900/3849/3686 3899/3848/3686
f 3885/3834/3687 3901/3850/3687 3900/3849/3687
f 3886/3835/3688 3902/3851/3688 3901/3850/3688
f 3887/3836/3689 3903/3852/3689 3902/3851/3689
f 3888/3837/3690 3904/3853/3690 3903/3852/3690
f 3890/3839/3691 3904/3853/3691 3889/3838/3691
f 3890/3839/3692 3906/3854/3692 3905/3855/3692
f 3891/3840/3693 3907/3856/3693 3906/3854/3693
f 3892/3841/3694 3908/3857/3694 3907/3856/3694
f 3894/3844/3695 3908/3857/3695 3893/3842/3695
f 3895/3858/3696 3909/3859/3696 3894/3844/3696
f 3896/3846/3697 3912/3860/3697 3911/3861/3697
f 3897/3845/3698 3913/3862/3698 3912/3860/3698
f 3898/3847/3699 3914/3863/3699 3913/3862/3699
f 3899/3848/3700 3915/3864/3700 3914/3863/3700
f 3900/3849/3701 3916/3865/3701 3915/3864/3701
f 3901/3850/3702 3917/3866/3702 3916/3865/3702
f 3903/3852/3703 3917/3866/3703 3902/3851/3703
f 3904/3853/3704 3918/3867/3704 3903/3852/3704
f 3905/3855/3705 3919/3868/3705 3904/3853/3705
f 3905/3855/3706 3921/3869/3706 3920/3870/3706
f 3906/3854/3707 3922/3871/3707 3921/3869/3707
f 3907/3856/3708 3923/3872/3708 3922/3871/3708
f 3908/3857/3709 3924/3873/3709 3923/3872/3709
f 3909/3859/3710 3925/3874/3710 3924/3873/3710
f 3911/3861/3711 3927/3875/3711 3926/3876/3711
f 3912/3860/3712 3928/3877/3712 3927/3875/3712
f 3913/3862/3713 3929/3878/3713 3928/3877/3713
f 3914/3863/3714 3930/3879/3714 3929/3878/3714
f 3915/3864/3715 3931/3880/3715 3930/3879/3715
f 3916/3865/3716 3932/3881/3716 3931/3880/3716
f 3918/3867/3717 3932/3881/3717 3917/3866/3717
f 3919/3868/3718 3933/3882/3718 3918/3867/3718
f 3920/3870/3719 3934/3883/3719 3919/3868/3719
f 3920/3870/3720 3936/3884/3720 3935/3885/3720
f 3921/3869/3721 3937/3886/3721 3936/3884/3721
f 3922/3871/3722 3938/3887/3722 3937/3886/3722
f 3923/3872/3723 3939/3888/3723 3938/3887/3723
f 3924/3873/3724 3940/3889/3724 3939/3888/3724
f 3926/3876/3725 3942/3890/3725 3941/3891/3725
f 3928/3877/3726 3942/3890/3726 3927/3875/3726
f 3929/3878/3727 3943/3892/3727 3928/3877/3727
f 3930/3879/3728 3944/3893/3728 3929/3878/3728
f 3931/3880/3729 3945/3894/3729 3930/3879/3729
f 3932/3881/3730 3946/3895/3730 3931/3880/3730
f 3933/3882/3731 3947/3896/3731 3932/3881/3731
f 3934/3883/3732 3948/3897/3732 3933/3882/3732
f 3935/3885/3733 3949/3898/3733 3934/3883/3733
f 3935/3885/3734 3951/3899/3734 3950/3900/3734
f 3936/3884/3735 3952/3901/3735 3951/3899/3735
f 3937/3886/3736 3953/3902/3736 3952/3901/3736
f 3938/3887/3737 3954/3903/3737 3953/3902/3737
f 3939/3888/3738 3955/3904/3738 3954/3903/3738
f 3941/3891/3739 3957/3905/3739 3956/3906/3739
f 3943/3892/3740 3957/3905/3740 3942/3890/3740
f 3944/3893/3741 3958/3907/3741 3943/3892/3741
f 3945/3894/3742 3959/3908/3742 3944/3893/3742
f 3946/3895/3743 3960/3909/3743 3945/3894/3743
f 3947/3896/3744 3961/3910/3744 3946/3895/3744
f 3948/3897/3745 3962/3911/3745 3947/3896/3745
f 3949/3898/3746 3963/3912/3746 3948/3897/3746
f 3949/3898/3747 3965/3913/3747 3964/3914/3747
f 3950/3900/3748 3966/3915/3748 3965/3913/3748
f 3951/3899/3749 3967/3916/3749 3966/3915/3749
f 3952/3901/3750 3968/3917/3750 3967/3916/3750
f 3953/3902/3751 3969/3918/3751 3968/3917/3751
f 3954/3903/3752 3970/3919/3752 3969/3918/3752
f 3956/3906/3753 3972/3920/3753 3971/3921/3753
f 3958/3907/3754 3972/3920/3754 3957/3905/3754
f 3959/3908/3755 3973/3922/3755 3958/3907/3755
f 3960/3909/3756 3974/3923/3756 3959/3908/3756
f 3961/3910/3757 3975/3924/3757 3960/3909/3757
f 3962/3911/3758 3976/3925/3758 3961/3910/3758
f 3963/3912/3759 3977/3926/3759 3962/3911/3759
f 3964/3914/3760 3978/3927/3760 3963/3912/3760
f 3964/3914/3761 3980/3928/3761 3979/3929/3761
f 3965/3913/3762 3981/3930/3762 3980/3928/3762
f 3966/3915/3763 3982/3931/3763 3981/3930/3763
f 3967/3916/3764 3983/3932/3764 3982/3931/3764
f 3968/3917/3765 3984/3933/3765 3983/3932/3765
f 3969/3918/3766 3985/3934/3766 3984/3933/3766
f 3971/3921/3767 3987/3935/3767 3986/3936/3767
f 3973/3922/3768 3987/3935/3768 3972/3920/3768
f 3974/3923/3769 3988/3937/3769 3973/3922/3769
f 3975/3924/3770 3989/3938/3770 3974/3923/3770
f 3976/3925/3771 3990/3939/3771 3975/3924/3771
f 3977/3926/3772 3991/3940/3772 3976/3925/3772
f 3978/3927/3773 3992/3941/3773 3977/3926/3773
f 3979/3929/3774 3993/3942/3774 3978/3927/3774
f 3979/3929/3775 3995/3943/3775 3994/3944/3775
f 3980/3928/3776 3996/3945/3776 3995/3943/3776
f 3981/3930/3777 3997/3946/3777 3996/3945/3777
f 3982/3931/3778 3998/3947/3778 3997/3946/3778
f 3983/3932/3779 3999/3948/3779 3998/3947/3779
f 3984/3933/3780 4000/3949/3780 3999/3948/3780
f 9/3950/3781 3776/3727/3781 116/3951/3781
f 596/3952/3782 3777/3730/3782 3776/3727/3782
f 597/3953/3783 3778/3732/3783 3777/3730/3783
f 598/3954/3784 3779/3734/3784 3778/3732/3784
f 599/3955/3785 3780/3736/3785 3779/3734/3785
f 600/3956/3786 3781/3738/3786 3780/3736/3786
f 601/3957/3787 3782/3740/3787 3781/3738/3787
f 602/3958/3788 3783/3742/3788 3782/3740/3788
f 603/3959/3789 3784/3744/3789 3783/3742/3789
f 604/3960/3790 3785/3746/3790 3784/3744/3790
f 605/3961/3791 3786/3748/3791 3785/3746/3791
f 607/3962/3792 3786/3748/3792 606/3963/3792
f 608/3964/3793 3787/3750/3793 607/3962/3793
f 609/3965/3794 3788/3752/3794 608/3964/3794
f 610/3966/3795 3789/3754/3795 609/3965/3795
f 20/274/3796 3790/3967/3796 610/3966/3796
f 3790/3967/3797 372/830/3797 3805/3755/3797
f 372/830/3798 3820/3783/3798 3805/3755/3798
f 373/829/3799 3835/3798/3799 3820/3783/3799
f 374/828/3800 3850/3813/3800 3835/3798/3800
f 375/827/3801 3865/3828/3801 3850/3813/3801
f 376/826/3802 3880/3843/3802 3865/3828/3802
f 377/825/3803 3895/3858/3803 3880/3843/3803
f 378/824/3804 3910/3968/3804 3895/3858/3804
f 3910/3968/3805 380/822/3805 3925/3874/3805
f 3925/3874/3806 381/821/3806 3940/3889/3806
f 3940/3889/3807 382/820/3807 3955/3904/3807
f 3955/3904/3808 383/819/3808 3970/3919/3808
f 3970/3919/3809 384/818/3809 3985/3934/3809
f 3985/3934/3810 385/816/3810 4000/3949/3810
f 4000/3949/3811 23/817/3811 595/3695/3811
f 3999/3948/3812 595/3695/3812 594/3693/3812
f 3998/3947/3813 594/3693/3813 593/3692/3813
f 3997/3946/3814 593/3692/3814 592/3691/3814
f 3997/3946/3815 591/3689/3815 3996/3945/3815
f 3996/3945/3816 590/3690/3816 3995/3943/3816
f 3994/3944/3817 590/3690/3817 589/3688/3817
f 3993/3942/3818 589/3688/3818 588/3687/3818
f 3993/3942/3819 587/3686/3819 3992/3941/3819
f 3992/3941/3820 586/3685/3820 3991/3940/3820
f 3991/3940/3821 585/3684/3821 3990/3939/3821
f 3990/3939/3822 584/3683/3822 3989/3938/3822
f 3989/3938/3823 583/3681/3823 3988/3937/3823
f 3988/3937/3824 582/3682/3824 3987/3935/3824
f 3986/3936/3825 582/3682/3825 581/3680/3825
f 130/3969/3826 581/3680/3826 10/3678/3826
f 129/3970/3827 3986/3936/3827 130/3969/3827
f 128/3971/3828 3971/3921/3828 129/3970/3828
f 127/3972/3829 3956/3906/3829 128/3971/3829
f 126/3973/3830 3941/3891/3830 127/3972/3830
f 125/3974/3831 3926/3876/3831 126/3973/3831
f 124/3975/3832 3911/3861/3832 125/3974/3832
f 3881/3831/3833 124/3975/3833 123/3976/3833
f 3866/3816/3834 123/3976/3834 122/3977/3834
f 3851/3801/3835 122/3977/3835 121/3978/3835
f 3836/3786/3836 121/3978/3836 120/3979/3836
f 3821/3771/3837 120/3979/3837 119/3980/3837
f 3806/3757/3838 119/3980/3838 118/3981/3838
f 117/3982/3839 3806/3757/3839 118/3981/3839
f 116/3951/3840 3791/3729/3840 117/3982/3840
f 4001/3983/3841 4017/3984/3841 4016/3985/3841
f 4002/3986/3842 4018/3987/3842 4017/3984/3842
f 4003/3988/3843 4019/3989/3843 4018/3987/3843
f 4004/3990/3844 4020/3991/3844 4019/3989/3844
f 4005/3992/3845 4021/3993/3845 4020/3991/3845
f 4006/3994/3846 4022/3995/3846 4021/3993/3846
f 4007/3996/3847 4023/3997/3847 4022/3995/3847
f 4008/3998/3848 4024/3999/3848 4023/3997/3848
f 4009/4000/3849 4025/4001/3849 4024/3999/3849
f 4010/4002/3850 4026/4003/3850 4025/4001/3850
f 4011/4004/3851 4027/4005/3851 4026/4003/3851
f 4012/4006/3852 4028/4007/3852 4027/4005/3852
f 4013/4008/3853 4029/4009/3853 4028/4007/3853
f 4014/4010/3854 4030/4011/3854 4029/4009/3854
f 4016/3985/3855 4032/4012/3855 4031/4013/3855
f 4017/3984/3856 4033/4014/3856 4032/4012/3856
f 4018/3987/3857 4034/4015/3857 4033/4014/3857
f 4019/3989/3858 4035/4016/3858 4034/4015/3858
f 4020/3991/3859 4036/4017/3859 4035/4016/3859
f 4021/3993/3860 4037/4018/3860 4036/4017/3860
f 4022/3995/3861 4038/4019/3861 4037/4018/3861
f 4023/3997/3862 4039/4020/3862 4038/4019/3862
f 4024/3999/3863 4040/4021/3863 4039/4020/3863
f 4025/4001/3864 4041/4022/3864 4040/4021/3864
f 4026/4003/3865 4042/4023/3865 4041/4022/3865
f 4027/4005/3866 4043/4024/3866 4042/4023/3866
f 4028/4007/3867 4044/4025/3867 4043/4024/3867
f 4029/4009/3868 4045/4026/3868 4044/4025/3868
f 4031/4013/3869 4047/4027/3869 4046/4028/3869
f 4032/4012/3870 4048/4029/3870 4047/4027/3870
f 4033/4014/3871 4049/4030/3871 4048/4029/3871
f 4034/4015/3872 4050/4031/3872 4049/4030/3872
f 4035/4016/3873 4051/4032/3873 4050/4031/3873
f 4036/4017/3874 4052/4033/3874 4051/4032/3874
f 4037/4018/3875 4053/4034/3875 4052/4033/3875
f 4038/4019/3876 4054/4035/3876 4053/4034/3876
f 4039/4020/3877 4055/4036/3877 4054/4035/3877
f 4040/4021/3878 4056/4037/3878 4055/4036/3878
f 4041/4022/3879 4057/4038/3879 4056/4037/3879
f 4042/4023/3880 4058/4039/3880 4057/4038/3880
f 4043/4024/3881 4059/4040/3881 4058/4039/3881
f 4044/4025/3882 4060/4041/3882 4059/4040/3882
f 4046/4028/3883 4062/4042/3883 4061/4043/3883
f 4047/4027/3884 4063/4044/3884 4062/4042/3884
f 4048/4029/3885 4064/4045/3885 4063/4044/3885
f 4049/4030/3886 4065/4046/3886 4064/4045/3886
f 4050/4031/3887 4066/4047/3887 4065/4046/3887
f 4051/4032/3888 4067/4048/3888 4066/4047/3888
f 4052/4033/3889 4068/4049/3889 4067/4048/3889
f 4053/4034/3890 4069/4050/3890 4068/4049/3890
f 4054/4035/3891 4070/4051/3891 4069/4050/3891
f 4055/4036/3892 4071/4052/3892 4070/4051/3892
f 4056/4037/3893 4072/4053/3893 4071/4052/3893
f 4057/4038/3894 4073/4054/3894 4072/4053/3894
f 4058/4039/3895 4074/4055/3895 4073/4054/3895
f 4059/4040/3896 4075/4056/3896 4074/4055/3896
f 4061/4043/3897 4077/4057/3897 4076/4058/3897
f 4062/4042/3898 4078/4059/3898 4077/4057/3898
f 4063/4044/3899 4079/4060/3899 4078/4059/3899
f 4064/4045/3900 4080/4061/3900 4079/4060/3900
f 4065/4046/3901 4081/4062/3901 4080/4061/3901
f 4066/4047/3902 4082/4063/3902 4081/4062/3902
f 4067/4048/3903 4083/4064/3903 4082/4063/3903
f 4068/4049/3904 4084/4065/3904 4083/4064/3904
f 4069/4050/3905 4085/4066/3905 4084/4065/3905
f 4070/4051/3906 4086/4067/3906 4085/4066/3906
f 4071/4052/3907 4087/4068/3907 4086/4067/3907
f 4072/4053/3908 4088/4069/3908 4087/4068/3908
f 4073/4054/3909 4089/4070/3909 4088/4069/3909
f 4074/4055/3910 4090/4071/3910 4089/4070/3910
f 4076/4058/3911 4092/4072/3911 4091/4073/3911
f 4077/4057/3912 4093/4074/3912 4092/4072/3912
f 4078/4059/3913 4094/4075/3913 4093/4074/3913
f 4079/4060/3914 4095/4076/3914 4094/4075/3914
f 4080/4061/3915 4096/4077/3915 4095/4076/3915
f 4081/4062/3916 4097/4078/3916 4096/4077/3916
f 4082/4063/3917 4098/4079/3917 4097/4078/3917
f 4083/4064/3918 4099/4080/3918 4098/4079/3918
f 4084/4065/3919 4100/4081/3919 4099/4080/3919
f 4085/4066/3920 4101/4082/3920 4100/4081/3920
f 4086/4067/3921 4102/4083/3921 4101/4082/3921
f 4087/4068/3922 4103/4084/3922 4102/4083/3922
f 4088/4069/3923 4104/4085/3923 4103/4084/3923
f 4089/4070/3924 4105/4086/3924 4104/4085/3924
f 4091/4073/3925 4107/4087/3925 4106/4088/3925
f 4092/4072/3926 4108/4089/3926 4107/4087/3926
f 4093/4074/3927 4109/4090/3927 4108/4089/3927
f 4094/4075/3928 4110/4091/3928 4109/4090/3928
f 4095/4076/3929 4111/4092/3929 4110/4091/3929
f 4096/4077/3930 4112/4093/3930 4111/4092/3930
f 4097/4078/3931 4113/4094/3931 4112/4093/3931
f 4098/4079/3932 4114/4095/3932 4113/4094/3932
f 4099/4080/3933 4115/4096/3933 4114/4095/3933
f 4100/4081/3934 4116/4097/3934 4115/4096/3934
f 4101/4082/3935 4117/4098/3935 4116/4097/3935
f 4102/4083/3936 4118/4099/3936 4117/4098/3936
f 4104/4085/3937 4118/4099/3937 4103/4084/3937
f 4105/4086/3938 4119/4100/3938 4104/4085/3938
f 4106/4088/3939 4122/4101/3939 4121/4102/3939
f 4107/4087/3940 4123/4103/3940 4122/4101/3940
f 4108/4089/3941 4124/4104/3941 4123/4103/3941
f 4109/4090/3942 4125/4105/3942 4124/4104/3942
f 4110/4091/3943 4126/4106/3943 4125/4105/3943
f 4111/4092/3944 4127/4107/3944 4126/4106/3944
f 4112/4093/3945 4128/4108/3945 4127/4107/3945
f 4113/4094/3946 4129/4109/3946 4128/4108/3946
f 4114/4095/3947 4130/4110/3947 4129/4109/3947
f 4115/4096/3948 4131/4111/3948 4130/4110/3948
f 4116/4097/3949 4132/4112/3949 4131/4111/3949
f 4117/4098/3950 4133/4113/3950 4132/4112/3950
f 4118/4099/3951 4134/4114/3951 4133/4113/3951
f 4120/4115/3952 4134/4114/3952 4119/4100/3952
f 4121/4102/3953 4137/4116/3953 4136/4117/3953
f 4122/4101/3954 4138/4118/3954 4137/4116/3954
f 4123/4103/3955 4139/4119/3955 4138/4118/3955
f 4124/4104/3956 4140/4120/3956 4139/4119/3956
f 4125/4105/3957 4141/4121/3957 4140/4120/3957
f 4126/4106/3958 4142/4122/3958 4141/4121/3958
f 4127/4107/3959 4143/4123/3959 4142/4122/3959
f 4128/4108/3960 4144/4124/3960 4143/4123/3960
f 4129/4109/3961 4145/4125/3961 4144/4124/3961
f 4130/4110/3962 4146/4126/3962 4145/4125/3962
f 4132/4112/3963 4146/4126/3963 4131/4111/3963
f 4132/4112/3964 4148/4127/3964 4147/4128/3964
f 4134/4114/3965 4148/4127/3965 4133/4113/3965
f 4135/4129/3966 4149/4130/3966 4134/4114/3966
f 4136/4117/3967 4152/4131/3967 4151/4132/3967
f 4137/4116/3968 4153/4133/3968 4152/4131/3968
f 4138/4118/3969 4154/4134/3969 4153/4133/3969
f 4139/4119/3970 4155/4135/3970 4154/4134/3970
f 4140/4120/3971 4156/4136/3971 4155/4135/3971
f 4141/4121/3972 4157/4137/3972 4156/4136/3972
f 4142/4122/3973 4158/4138/3973 4157/4137/3973
f 4143/4123/3974 4159/4139/3974 4158/4138/3974
f 4144/4124/3975 4160/4140/3975 4159/4139/3975
f 4145/4125/3976 4161/4141/3976 4160/4140/3976
f 4146/4126/3977 4162/4142/3977 4161/4141/3977
f 4147/4128/3978 4163/4143/3978 4162/4142/3978
f 4149/4130/3979 4163/4143/3979 4148/4127/3979
f 4149/4130/3980 4165/4144/3980 4164/4145/3980
f 4151/4132/3981 4167/4146/3981 4166/4147/3981
f 4152/4131/3982 4168/4148/3982 4167/4146/3982
f 4153/4133/3983 4169/4149/3983 4168/4148/3983
f 4154/4134/3984 4170/4150/3984 4169/4149/3984
f 4155/4135/3985 4171/4151/3985 4170/4150/3985
f 4156/4136/3986 4172/4152/3986 4171/4151/3986
f 4157/4137/3987 4173/4153/3987 4172/4152/3987
f 4158/4138/3988 4174/4154/3988 4173/4153/3988
f 4159/4139/3989 4175/4155/3989 4174/4154/3989
f 4160/4140/3990 4176/4156/3990 4175/4155/3990
f 4161/4141/3991 4177/4157/3991 4176/4156/3991
f 4162/4142/3992 4178/4158/3992 4177/4157/3992
f 4163/4143/3993 4179/4159/3993 4178/4158/3993
f 4165/4144/3994 4179/4159/3994 4164/4145/3994
f 4166/4147/3995 4182/4160/3995 4181/4161/3995
f 4168/4148/3996 4182/4160/3996 4167/4146/3996
f 4169/4149/3997 4183/4162/3997 4168/4148/3997
f 4169/4149/3998 4185/4163/3998 4184/4164/3998
f 4170/4150/3999 4186/4165/3999 4185/4163/3999
f 4171/4151/4000 4187/4166/4000 4186/4165/4000
f 4172/4152/4001 4188/4167/4001 4187/4166/4001
f 4173/4153/4002 4189/4168/4002 4188/4167/4002
f 4174/4154/4003 4190/4169/4003 4189/4168/4003
f 4176/4156/4004 4190/4169/4004 4175/4155/4004
f 4177/4157/4005 4191/4170/4005 4176/4156/4005
f 4177/4157/4006 4193/4171/4006 4192/4172/4006
f 4178/4158/4007 4194/4173/4007 4193/4171/4007
f 4179/4159/4008 4195/4174/4008 4194/4173/4008
f 4181/4161/4009 4197/4175/4009 4196/4176/4009
f 4183/4162/4010 4197/4175/4010 4182/4160/4010
f 4184/4164/4011 4198/4177/4011 4183/4162/4011
f 4185/4163/4012 4199/4178/4012 4184/4164/4012
f 4185/4163/4013 4201/4179/4013 4200/4180/4013
f 4186/4165/4014 4202/4181/4014 4201/4179/4014
f 4187/4166/4015 4203/4182/4015 4202/4181/4015
f 4188/4167/4016 4204/4183/4016 4203/4182/4016
f 4189/4168/4017 4205/4184/4017 4204/4183/4017
f 4191/4170/4018 4205/4184/4018 4190/4169/4018
f 4192/4172/4019 4206/4185/4019 4191/4170/4019
f 4193/4171/4020 4207/4186/4020 4192/4172/4020
f 4194/4173/4021 4208/4187/4021 4193/4171/4021
f 4194/4173/4022 4210/4188/4022 4209/4189/4022
f 4196/4176/4023 4212/4190/4023 4211/4191/4023
f 4197/4175/4024 4213/4192/4024 4212/4190/4024
f 4198/4177/4025 4214/4193/4025 4213/4192/4025
f 4199/4178/4026 4215/4194/4026 4214/4193/4026
f 4200/4180/4027 4216/4195/4027 4215/4194/4027
f 4201/4179/4028 4217/4196/4028 4216/4195/4028
f 4202/4181/4029 4218/4197/4029 4217/4196/4029
f 4203/4182/4030 4219/4198/4030 4218/4197/4030
f 4205/4184/4031 4219/4198/4031 4204/4183/4031
f 4206/4185/4032 4220/4199/4032 4205/4184/4032
f 4207/4186/4033 4221/4200/4033 4206/4185/4033
f 4208/4187/4034 4222/4201/4034 4207/4186/4034
f 4209/4189/4035 4223/4202/4035 4208/4187/4035
f 4209/4189/4036 4225/4203/4036 4224/4204/4036
f 8/1359/4037 4001/3983/4037 101/4205/4037
f 611/1357/4038 4002/3986/4038 4001/3983/4038
f 612/1356/4039 4003/3988/4039 4002/3986/4039
f 613/1355/4040 4004/3990/4040 4003/3988/4040
f 614/1354/4041 4005/3992/4041 4004/3990/4041
f 615/1353/4042 4006/3994/4042 4005/3992/4042
f 616/1352/4043 4007/3996/4043 4006/3994/4043
f 617/1351/4044 4008/3998/4044 4007/3996/4044
f 618/1350/4045 4009/4000/4045 4008/3998/4045
f 619/1349/4046 4010/4002/4046 4009/4000/4046
f 620/1348/4047 4011/4004/4047 4010/4002/4047
f 621/1347/4048 4012/4006/4048 4011/4004/4048
f 622/1346/4049 4013/4008/4049 4012/4006/4049
f 623/1345/4050 4014/4010/4050 4013/4008/4050
f 624/1344/4051 4015/4206/4051 4014/4010/4051
f 625/1343/4052 296/226/4052 4015/4206/4052
f 4015/4206/4053 297/288/4053 4030/4011/4053
f 4030/4011/4054 298/287/4054 4045/4026/4054
f 4045/4026/4055 299/286/4055 4060/4041/4055
f 4060/4041/4056 300/285/4056 4075/4056/4056
f 300/285/4057 4090/4071/4057 4075/4056/4057
f 301/284/4058 4105/4086/4058 4090/4071/4058
f 302/283/4059 4120/4115/4059 4105/4086/4059
f 303/282/4060 4135/4129/4060 4120/4115/4060
f 304/281/4061 4150/4207/4061 4135/4129/4061
f 305/280/4062 4165/4144/4062 4150/4207/4062
f 306/279/4063 4180/4208/4063 4165/4144/4063
f 4180/4208/4064 308/277/4064 4195/4174/4064
f 4195/4174/4065 309/276/4065 4210/4188/4065
f 4210/4188/4066 310/275/4066 4225/4203/4066
f 310/275/4067 610/3966/4067 4225/4203/4067
f 4224/4204/4068 610/3966/4068 609/3965/4068
f 4224/4204/4069 608/3964/4069 4223/4202/4069
f 4223/4202/4070 607/3962/4070 4222/4201/4070
f 4222/4201/4071 606/3963/4071 4221/4200/4071
f 4221/4200/4072 605/3961/4072 4220/4199/4072
f 4220/4199/4073 604/3960/4073 4219/4198/4073
f 4218/4197/4074 604/3960/4074 603/3959/4074
f 4217/4196/4075 603/3959/4075 602/3958/4075
f 4216/4195/4076 602/3958/4076 601/3957/4076
f 4215/4194/4077 601/3957/4077 600/3956/4077
f 4214/4193/4078 600/3956/4078 599/3955/4078
f 4213/4192/4079 599/3955/4079 598/3954/4079
f 4212/4190/4080 598/3954/4080 597/3953/4080
f 4211/4191/4081 597/3953/4081 596/3952/4081
f 115/4209/4082 596/3952/4082 9/3950/4082
f 114/4210/4083 4211/4191/4083 115/4209/4083
f 113/4211/4084 4196/4176/4084 114/4210/4084
f 112/4212/4085 4181/4161/4085 113/4211/4085
f 111/4213/4086 4166/4147/4086 112/4212/4086
f 110/4214/4087 4151/4132/4087 111/4213/4087
f 109/4215/4088 4136/4117/4088 110/4214/4088
f 108/4216/4089 4121/4102/4089 109/4215/4089
f 107/4217/4090 4106/4088/4090 108/4216/4090
f 106/4218/4091 4091/4073/4091 107/4217/4091
f 105/4219/4092 4076/4058/4092 106/4218/4092
f 104/4220/4093 4061/4043/4093 105/4219/4093
f 103/4221/4094 4046/4028/4094 104/4220/4094
f 102/4222/4095 4031/4013/4095 103/4221/4095
f 101/4205/4096 4016/3985/4096 102/4222/4096
f 627/1/4097 642/5/4097 641/2/4097
f 628/4/4098 643/7/4098 642/5/4098
f 629/6/4099 644/9/4099 643/7/4099
f 630/8/4100 645/11/4100 644/9/4100
f 631/10/4101 646/13/4101 645/11/4101
f 632/12/4102 647/15/4102 646/13/4102
f 633/14/4103 648/17/4103 647/15/4103
f 634/16/4104 649/19/4104 648/17/4104
f 635/18/4105 650/21/4105 649/19/4105
f 636/20/4106 651/23/4106 650/21/4106
f 637/22/4107 652/25/4107 651/23/4107
f 638/24/4108 653/27/4108 652/25/4108
f 639/26/4109 654/29/4109 653/27/4109
f 640/28/4110 655/43/4110 654/29/4110
f 642/5/4111 657/31/4111 656/30/4111
f 643/7/4112 658/32/4112 657/31/4112
f 644/9/4113 659/33/4113 658/32/4113
f 645/11/4114 660/34/4114 659/33/4114
f 646/13/4115 661/35/4115 660/34/4115
f 647/15/4116 662/36/4116 661/35/4116
f 648/17/4117 663/37/4117 662/36/4117
f 649/19/4118 664/38/4118 663/37/4118
f 650/21/4119 665/39/4119 664/38/4119
f 651/23/4120 666/40/4120 665/39/4120
f 652/25/4121 667/41/4121 666/40/4121
f 653/27/4122 668/42/4122 667/41/4122
f 654/29/4123 669/44/4123 668/42/4123
f 655/43/4124 670/58/4124 669/44/4124
f 657/31/4125 672/46/4125 671/45/4125
f 658/32/4126 673/47/4126 672/46/4126
f 659/33/4127 674/48/4127 673/47/4127
f 660/34/4128 675/49/4128 674/48/4128
f 661/35/4129 676/50/4129 675/49/4129
f 662/36/4130 677/51/4130 676/50/4130
f 663/37/4131 678/52/4131 677/51/4131
f 664/38/4132 679/53/4132 678/52/4132
f 665/39/4133 680/54/4133 679/53/4133
f 666/40/4134 681/55/4134 680/54/4134
f 667/41/4135 682/56/4135 681/55/4135
f 668/42/4136 683/57/4136 682/56/4136
f 669/44/4137 684/59/4137 683/57/4137
f 670/58/4138 685/73/4138 684/59/4138
f 672/46/4139 687/61/4139 686/60/4139
f 673/47/4140 688/62/4140 687/61/4140
f 674/48/4141 689/63/4141 688/62/4141
f 675/49/4142 690/64/4142 689/63/4142
f 676/50/4143 691/65/4143 690/64/4143
f 677/51/4144 692/66/4144 691/65/4144
f 678/52/4145 693/67/4145 692/66/4145
f 679/53/4146 694/68/4146 693/67/4146
f 680/54/4147 695/69/4147 694/68/4147
f 681/55/4148 696/70/4148 695/69/4148
f 682/56/4149 697/71/4149 696/70/4149
f 683/57/4150 698/72/4150 697/71/4150
f 684/59/4151 699/74/4151 698/72/4151
f 685/73/4152 700/88/4152 699/74/4152
f 687/61/4153 702/76/4153 701/75/4153
f 688/62/4154 703/77/4154 702/76/4154
f 689/63/4155 704/78/4155 703/77/4155
f 690/64/4156 705/79/4156 704/78/4156
f 691/65/4157 706/80/4157 705/79/4157
f 692/66/4158 707/81/4158 706/80/4158
f 693/67/4159 708/82/4159 707/81/4159
f 694/68/4160 709/84/4160 708/82/4160
f 694/68/4161 695/69/4161 710/83/4161
f 695/69/4162 696/70/4162 711/85/4162
f 696/70/4163 697/71/4163 712/86/4163
f 698/72/4164 713/87/4164 712/86/4164
f 699/74/4165 714/89/4165 713/87/4165
f 700/88/4166 715/104/4166 714/89/4166
f 702/76/4167 717/91/4167 716/90/4167
f 703/77/4168 718/92/4168 717/91/4168
f 704/78/4169 719/93/4169 718/92/4169
f 705/79/4170 720/94/4170 719/93/4170
f 706/80/4171 721/95/4171 720/94/4171
f 707/81/4172 722/96/4172 721/95/4172
f 708/82/4173 723/97/4173 722/96/4173
f 709/84/4174 724/98/4174 723/97/4174
f 710/83/4175 725/100/4175 724/98/4175
f 710/83/4176 711/85/4176 726/99/4176
f 711/85/4177 712/86/4177 727/101/4177
f 712/86/4178 713/87/4178 728/102/4178
f 713/87/4179 714/89/4179 729/103/4179
f 715/104/4180 730/119/4180 729/103/4180
f 717/91/4181 732/106/4181 731/105/4181
f 718/92/4182 733/107/4182 732/106/4182
f 719/93/4183 734/108/4183 733/107/4183
f 720/94/4184 735/109/4184 734/108/4184
f 721/95/4185 736/110/4185 735/109/4185
f 722/96/4186 737/111/4186 736/110/4186
f 723/97/4187 738/112/4187 737/111/4187
f 724/98/4188 739/113/4188 738/112/4188
f 725/100/4189 740/114/4189 739/113/4189
f 726/99/4190 741/116/4190 740/114/4190
f 726/99/4191 727/101/4191 742/115/4191
f 727/101/4192 728/102/4192 743/117/4192
f 728/102/4193 729/103/4193 744/118/4193
f 730/119/4194 745/133/4194 744/118/4194
f 732/106/4195 747/121/4195 746/120/4195
f 733/107/4196 748/122/4196 747/121/4196
f 734/108/4197 749/124/4197 748/122/4197
f 734/108/4198 735/109/4198 750/123/4198
f 736/110/4199 751/125/4199 750/123/4199
f 737/111/4200 752/126/4200 751/125/4200
f 738/112/4201 753/127/4201 752/126/4201
f 739/113/4202 754/128/4202 753/127/4202
f 740/114/4203 755/129/4203 754/128/4203
f 741/116/4204 756/130/4204 755/129/4204
f 742/115/4205 757/131/4205 756/130/4205
f 743/117/4206 758/132/4206 757/131/4206
f 744/118/4207 759/134/4207 758/132/4207
f 745/133/4208 760/148/4208 759/134/4208
f 747/121/4209 762/136/4209 761/135/4209
f 748/122/4210 763/137/4210 762/136/4210
f 749/124/4211 764/138/4211 763/137/4211
f 750/123/4212 765/139/4212 764/138/4212
f 751/125/4213 766/141/4213 765/139/4213
f 751/125/4214 752/126/4214 767/140/4214
f 752/126/4215 753/127/4215 768/142/4215
f 754/128/4216 769/143/4216 768/142/4216
f 755/129/4217 770/144/4217 769/143/4217
f 756/130/4218 771/145/4218 770/144/4218
f 757/131/4219 772/146/4219 771/145/4219
f 758/132/4220 773/147/4220 772/146/4220
f 759/134/4221 774/149/4221 773/147/4221
f 760/148/4222 775/163/4222 774/149/4222
f 762/136/4223 777/151/4223 776/150/4223
f 763/137/4224 778/152/4224 777/151/4224
f 764/138/4225 779/153/4225 778/152/4225
f 765/139/4226 780/154/4226 779/153/4226
f 766/141/4227 781/156/4227 780/154/4227
f 766/141/4228 767/140/4228 782/155/4228
f 767/140/4229 768/142/4229 783/157/4229
f 768/142/4230 769/143/4230 784/158/4230
f 769/143/4231 770/144/4231 785/159/4231
f 771/145/4232 786/160/4232 785/159/4232
f 772/146/4233 787/161/4233 786/160/4233
f 773/147/4234 788/162/4234 787/161/4234
f 774/149/4235 789/164/4235 788/162/4235
f 775/163/4236 790/178/4236 789/164/4236
f 776/150/4237 777/151/4237 792/165/4237
f 778/152/4238 793/167/4238 792/165/4238
f 779/153/4239 794/168/4239 793/167/4239
f 780/154/4240 795/169/4240 794/168/4240
f 781/156/4241 796/170/4241 795/169/4241
f 782/155/4242 797/172/4242 796/170/4242
f 782/155/4243 783/157/4243 798/171/4243
f 783/157/4244 784/158/4244 799/173/4244
f 784/158/4245 785/159/4245 800/174/4245
f 785/159/4246 786/160/4246 801/175/4246
f 787/161/4247 802/176/4247 801/175/4247
f 788/162/4248 803/177/4248 802/176/4248
f 789/164/4249 804/179/4249 803/177/4249
f 790/178/4250 805/193/4250 804/179/4250
f 791/166/4251 792/165/4251 807/180/4251
f 793/167/4252 808/182/4252 807/180/4252
f 794/168/4253 809/183/4253 808/182/4253
f 795/169/4254 810/184/4254 809/183/4254
f 796/170/4255 811/185/4255 810/184/4255
f 797/172/4256 812/186/4256 811/185/4256
f 798/171/4257 813/188/4257 812/186/4257
f 798/171/4258 799/173/4258 814/187/4258
f 799/173/4259 800/174/4259 815/189/4259
f 800/174/4260 801/175/4260 816/190/4260
f 801/175/4261 802/176/4261 817/191/4261
f 802/176/4262 803/177/4262 818/192/4262
f 804/179/4263 819/194/4263 818/192/4263
f 805/193/4264 820/209/4264 819/194/4264
f 806/181/4265 807/180/4265 822/195/4265
f 807/180/4266 808/182/4266 823/197/4266
f 809/183/4267 824/198/4267 823/197/4267
f 810/184/4268 825/199/4268 824/198/4268
f 811/185/4269 826/200/4269 825/199/4269
f 812/186/4270 827/201/4270 826/200/4270
f 813/188/4271 828/202/4271 827/201/4271
f 814/187/4272 829/204/4272 828/202/4272
f 814/187/4273 815/189/4273 830/203/4273
f 815/189/4274 816/190/4274 831/205/4274
f 816/190/4275 817/191/4275 832/206/4275
f 817/191/4276 818/192/4276 833/207/4276
f 818/192/4277 819/194/4277 834/208/4277
f 820/209/4278 835/224/4278 834/208/4278
f 821/196/4279 822/195/4279 837/210/4279
f 822/195/4280 823/197/4280 838/212/4280
f 823/197/4281 824/198/4281 839/213/4281
f 825/199/4282 840/214/4282 839/213/4282
f 826/200/4283 841/215/4283 840/214/4283
f 827/201/4284 842/216/4284 841/215/4284
f 828/202/4285 843/217/4285 842/216/4285
f 829/204/4286 844/218/4286 843/217/4286
f 830/203/4287 845/220/4287 844/218/4287
f 830/203/4288 831/205/4288 846/219/4288
f 831/205/4289 832/206/4289 847/221/4289
f 832/206/4290 833/207/4290 848/222/4290
f 833/207/4291 834/208/4291 849/223/4291
f 835/224/4292 850/257/4292 849/223/4292
f 266/225/4293 626/3/4293 296/226/4293
f 267/228/4294 627/1/4294 626/3/4294
f 268/229/4295 628/4/4295 627/1/4295
f 269/230/4296 629/6/4296 628/4/4296
f 270/231/4297 630/8/4297 629/6/4297
f 271/232/4298 631/10/4298 630/8/4298
f 272/233/4299 632/12/4299 631/10/4299
f 273/234/4300 633/14/4300 632/12/4300
f 274/235/4301 634/16/4301 633/14/4301
f 275/236/4302 635/18/4302 634/16/4302
f 276/237/4303 636/20/4303 635/18/4303
f 277/238/4304 637/22/4304 636/20/4304
f 278/239/4305 638/24/4305 637/22/4305
f 279/240/4306 639/26/4306 638/24/4306
f 280/241/4307 640/28/4307 639/26/4307
f 18/242/4308 311/243/4308 640/28/4308
f 311/243/4309 312/244/4309 655/43/4309
f 312/244/4310 313/245/4310 670/58/4310
f 313/245/4311 314/246/4311 685/73/4311
f 314/246/4312 315/247/4312 700/88/4312
f 315/247/4313 316/248/4313 715/104/4313
f 316/248/4314 317/249/4314 730/119/4314
f 317/249/4315 318/250/4315 745/133/4315
f 318/250/4316 319/251/4316 760/148/4316
f 319/251/4317 320/252/4317 775/163/4317
f 320/252/4318 321/253/4318 790/178/4318
f 321/253/4319 322/254/4319 805/193/4319
f 322/254/4320 323/255/4320 820/209/4320
f 323/255/4321 324/256/4321 835/224/4321
f 324/256/4322 325/258/4322 850/257/4322
f 325/258/4323 21/559/4323 355/259/4323
f 849/223/4324 850/257/4324 355/259/4324
f 848/222/4325 849/223/4325 354/260/4325
f 847/221/4326 848/222/4326 353/261/4326
f 846/219/4327 847/221/4327 352/262/4327
f 846/219/4328 351/263/4328 350/264/4328
f 845/220/4329 350/264/4329 349/265/4329
f 844/218/4330 349/265/4330 348/266/4330
f 843/217/4331 348/266/4331 347/267/4331
f 842/216/4332 347/267/4332 346/268/4332
f 841/215/4333 346/268/4333 345/269/4333
f 839/213/4334 840/214/4334 345/269/4334
f 838/212/4335 839/213/4335 344/270/4335
f 837/210/4336 838/212/4336 343/271/4336
f 836/211/4337 837/210/4337 342/272/4337
f 836/211/4338 341/273/4338 20/274/4338
f 309/276/4339 821/196/4339 836/211/4339
f 308/277/4340 806/181/4340 821/196/4340
f 307/278/4341 791/166/4341 806/181/4341
f 776/150/4342 791/166/4342 307/278/4342
f 761/135/4343 776/150/4343 306/279/4343
f 746/120/4344 761/135/4344 305/280/4344
f 731/105/4345 746/120/4345 304/281/4345
f 716/90/4346 731/105/4346 303/282/4346
f 701/75/4347 716/90/4347 302/283/4347
f 686/60/4348 701/75/4348 301/284/4348
f 671/45/4349 686/60/4349 300/285/4349
f 656/30/4350 671/45/4350 299/286/4350
f 297/288/4351 641/2/4351 656/30/4351
f 626/3/4352 641/2/4352 297/288/4352
f 852/289/4353 867/293/4353 866/290/4353
f 852/289/4354 853/294/4354 868/292/4354
f 853/294/4355 854/296/4355 869/295/4355
f 854/296/4356 855/298/4356 870/297/4356
f 855/298/4357 856/300/4357 871/299/4357
f 856/300/4358 857/302/4358 872/301/4358
f 857/302/4359 858/304/4359 873/303/4359
f 858/304/4360 859/306/4360 874/305/4360
f 859/306/4361 860/308/4361 875/307/4361
f 860/308/4362 861/310/4362 876/309/4362
f 861/310/4363 862/313/4363 877/311/4363
f 863/312/4364 878/315/4364 877/311/4364
f 864/314/4365 879/317/4365 878/315/4365
f 865/316/4366 880/529/4366 879/317/4366
f 867/293/4367 882/319/4367 881/318/4367
f 868/292/4368 883/321/4368 882/319/4368
f 868/292/4369 869/295/4369 884/320/4369
f 869/295/4370 870/297/4370 885/322/4370
f 870/297/4371 871/299/4371 886/323/4371
f 871/299/4372 872/301/4372 887/324/4372
f 872/301/4373 873/303/4373 888/325/4373
f 873/303/4374 874/305/4374 889/326/4374
f 874/305/4375 875/307/4375 890/327/4375
f 875/307/4376 876/309/4376 891/328/4376
f 876/309/4377 877/311/4377 892/329/4377
f 878/315/4378 893/330/4378 892/329/4378
f 879/317/4379 894/332/4379 893/330/4379
f 879/317/4380 880/529/4380 895/331/4380
f 882/319/4381 897/334/4381 896/333/4381
f 883/321/4382 898/335/4382 897/334/4382
f 884/320/4383 899/337/4383 898/335/4383
f 884/320/4384 885/322/4384 900/336/4384
f 885/322/4385 886/323/4385 901/338/4385
f 886/323/4386 887/324/4386 902/339/4386
f 887/324/4387 888/325/4387 903/340/4387
f 888/325/4388 889/326/4388 904/341/4388
f 889/326/4389 890/327/4389 905/342/4389
f 890/327/4390 891/328/4390 906/343/4390
f 891/328/4391 892/329/4391 907/344/4391
f 893/330/4392 908/345/4392 907/344/4392
f 894/332/4393 909/347/4393 908/345/4393
f 894/332/4394 895/331/4394 910/346/4394
f 897/334/4395 912/349/4395 911/348/4395
f 898/335/4396 913/350/4396 912/349/4396
f 899/337/4397 914/351/4397 913/350/4397
f 900/336/4398 915/352/4398 914/351/4398
f 901/338/4399 916/353/4399 915/352/4399
f 902/339/4400 917/354/4400 916/353/4400
f 903/340/4401 918/355/4401 917/354/4401
f 904/341/4402 919/356/4402 918/355/4402
f 905/342/4403 920/357/4403 919/356/4403
f 906/343/4404 921/358/4404 920/357/4404
f 907/344/4405 922/360/4405 921/358/4405
f 907/344/4406 908/345/4406 923/359/4406
f 908/345/4407 909/347/4407 924/361/4407
f 909/347/4408 910/346/4408 925/362/4408
f 912/349/4409 927/364/4409 926/363/4409
f 913/350/4410 928/365/4410 927/364/4410
f 914/351/4411 929/366/4411 928/365/4411
f 915/352/4412 930/367/4412 929/366/4412
f 916/353/4413 931/368/4413 930/367/4413
f 917/354/4414 932/369/4414 931/368/4414
f 918/355/4415 933/370/4415 932/369/4415
f 919/356/4416 934/371/4416 933/370/4416
f 920/357/4417 935/372/4417 934/371/4417
f 921/358/4418 936/373/4418 935/372/4418
f 922/360/4419 937/375/4419 936/373/4419
f 922/360/4420 923/359/4420 938/374/4420
f 923/359/4421 924/361/4421 939/376/4421
f 924/361/4422 925/362/4422 940/377/4422
f 927/364/4423 942/379/4423 941/378/4423
f 928/365/4424 943/380/4424 942/379/4424
f 929/366/4425 944/381/4425 943/380/4425
f 930/367/4426 945/382/4426 944/381/4426
f 931/368/4427 946/383/4427 945/382/4427
f 932/369/4428 947/384/4428 946/383/4428
f 933/370/4429 948/385/4429 947/384/4429
f 934/371/4430 949/386/4430 948/385/4430
f 935/372/4431 950/387/4431 949/386/4431
f 936/373/4432 951/388/4432 950/387/4432
f 937/375/4433 952/389/4433 951/388/4433
f 938/374/4434 953/391/4434 952/389/4434
f 938/374/4435 939/376/4435 954/390/4435
f 939/376/4436 940/377/4436 955/392/4436
f 942/379/4437 957/394/4437 956/393/4437
f 943/380/4438 958/395/4438 957/394/4438
f 944/381/4439 959/397/4439 958/395/4439
f 944/381/4440 945/382/4440 960/396/4440
f 945/382/4441 946/383/4441 961/398/4441
f 946/383/4442 947/384/4442 962/399/4442
f 947/384/4443 948/385/4443 963/400/4443
f 949/386/4444 964/401/4444 963/400/4444
f 950/387/4445 965/402/4445 964/401/4445
f 951/388/4446 966/403/4446 965/402/4446
f 952/389/4447 967/404/4447 966/403/4447
f 953/391/4448 968/406/4448 967/404/4448
f 953/391/4449 954/390/4449 969/405/4449
f 954/390/4450 955/392/4450 970/407/4450
f 957/394/4451 972/409/4451 971/408/4451
f 958/395/4452 973/410/4452 972/409/4452
f 959/397/4453 974/411/4453 973/410/4453
f 960/396/4454 975/412/4454 974/411/4454
f 961/398/4455 976/413/4455 975/412/4455
f 962/399/4456 977/415/4456 976/413/4456
f 962/399/4457 963/400/4457 978/414/4457
f 963/400/4458 964/401/4458 979/416/4458
f 964/401/4459 965/402/4459 980/417/4459
f 966/403/4460 981/418/4460 980/417/4460
f 967/404/4461 982/420/4461 981/418/4461
f 967/404/4462 968/406/4462 983/419/4462
f 968/406/4463 969/405/4463 984/421/4463
f 969/405/4464 970/407/4464 985/422/4464
f 972/409/4465 987/424/4465 986/423/4465
f 973/410/4466 988/425/4466 987/424/4466
f 974/411/4467 989/426/4467 988/425/4467
f 975/412/4468 990/427/4468 989/426/4468
f 976/413/4469 991/428/4469 990/427/4469
f 977/415/4470 992/429/4470 991/428/4470
f 978/414/4471 993/431/4471 992/429/4471
f 978/414/4472 979/416/4472 994/430/4472
f 979/416/4473 980/417/4473 995/432/4473
f 980/417/4474 981/418/4474 996/433/4474
f 981/418/4475 982/420/4475 997/434/4475
f 982/420/4476 983/419/4476 998/435/4476
f 983/419/4477 984/421/4477 999/436/4477
f 984/421/4478 985/422/4478 1000/437/4478
f 987/424/4479 1002/439/4479 1001/438/4479
f 988/425/4480 1003/440/4480 1002/439/4480
f 989/426/4481 1004/441/4481 1003/440/4481
f 990/427/4482 1005/442/4482 1004/441/4482
f 991/428/4483 1006/443/4483 1005/442/4483
f 992/429/4484 1007/444/4484 1006/443/4484
f 993/431/4485 1008/446/4485 1007/444/4485
f 993/431/4486 994/430/4486 1009/445/4486
f 994/430/4487 995/432/4487 1010/447/4487
f 995/432/4488 996/433/4488 1011/448/4488
f 996/433/4489 997/434/4489 1012/449/4489
f 997/434/4490 998/435/4490 1013/450/4490
f 998/435/4491 999/436/4491 1014/451/4491
f 999/436/4492 1000/437/4492 1015/452/4492
f 1002/439/4493 1017/454/4493 1016/453/4493
f 1003/440/4494 1018/455/4494 1017/454/4494
f 1004/441/4495 1019/456/4495 1018/455/4495
f 1005/442/4496 1020/457/4496 1019/456/4496
f 1006/443/4497 1021/458/4497 1020/457/4497
f 1007/444/4498 1022/459/4498 1021/458/4498
f 1008/446/4499 1023/461/4499 1022/459/4499
f 1008/446/4500 1009/445/4500 1024/460/4500
f 1009/445/4501 1010/447/4501 1025/462/4501
f 1010/447/4502 1011/448/4502 1026/463/4502
f 1011/448/4503 1012/449/4503 1027/464/4503
f 1012/449/4504 1013/450/4504 1028/465/4504
f 1013/450/4505 1014/451/4505 1029/466/4505
f 1014/451/4506 1015/452/4506 1030/467/4506
f 1017/454/4507 1032/469/4507 1031/468/4507
f 1018/455/4508 1033/470/4508 1032/469/4508
f 1019/456/4509 1034/471/4509 1033/470/4509
f 1020/457/4510 1035/472/4510 1034/471/4510
f 1021/458/4511 1036/473/4511 1035/472/4511
f 1022/459/4512 1037/474/4512 1036/473/4512
f 1023/461/4513 1038/476/4513 1037/474/4513
f 1023/461/4514 1024/460/4514 1039/475/4514
f 1024/460/4515 1025/462/4515 1040/477/4515
f 1025/462/4516 1026/463/4516 1041/478/4516
f 1026/463/4517 1027/464/4517 1042/479/4517
f 1027/464/4518 1028/465/4518 1043/480/4518
f 1028/465/4519 1029/466/4519 1044/481/4519
f 1029/466/4520 1030/467/4520 1045/482/4520
f 1032/469/4521 1047/484/4521 1046/483/4521
f 1033/470/4522 1048/485/4522 1047/484/4522
f 1034/471/4523 1049/486/4523 1048/485/4523
f 1035/472/4524 1050/487/4524 1049/486/4524
f 1036/473/4525 1051/488/4525 1050/487/4525
f 1037/474/4526 1052/489/4526 1051/488/4526
f 1038/476/4527 1053/490/4527 1052/489/4527
f 1039/475/4528 1054/492/4528 1053/490/4528
f 1039/475/4529 1040/477/4529 1055/491/4529
f 1040/477/4530 1041/478/4530 1056/493/4530
f 1041/478/4531 1042/479/4531 1057/494/4531
f 1042/479/4532 1043/480/4532 1058/495/4532
f 1043/480/4533 1044/481/4533 1059/496/4533
f 1044/481/4534 1045/482/4534 1060/497/4534
f 1047/484/4535 1062/499/4535 1061/498/4535
f 1048/485/4536 1063/500/4536 1062/499/4536
f 1049/486/4537 1064/501/4537 1063/500/4537
f 1050/487/4538 1065/503/4538 1064/501/4538
f 1050/487/4539 1051/488/4539 1066/502/4539
f 1051/488/4540 1052/489/4540 1067/504/4540
f 1053/490/4541 1068/505/4541 1067/504/4541
f 1054/492/4542 1069/507/4542 1068/505/4542
f 1054/492/4543 1055/491/4543 1070/506/4543
f 1055/491/4544 1056/493/4544 1071/508/4544
f 1056/493/4545 1057/494/4545 1072/509/4545
f 1057/494/4546 1058/495/4546 1073/510/4546
f 1058/495/4547 1059/496/4547 1074/511/4547
f 1059/496/4548 1060/497/4548 1075/512/4548
f 281/513/4549 851/291/4549 311/243/4549
f 282/514/4550 852/289/4550 851/291/4550
f 283/515/4551 853/294/4551 852/289/4551
f 283/515/4552 284/516/4552 854/296/4552
f 284/516/4553 285/517/4553 855/298/4553
f 285/517/4554 286/518/4554 856/300/4554
f 286/518/4555 287/519/4555 857/302/4555
f 287/519/4556 288/520/4556 858/304/4556
f 288/520/4557 289/521/4557 859/306/4557
f 289/521/4558 290/522/4558 860/308/4558
f 290/522/4559 291/523/4559 861/310/4559
f 291/523/4560 292/525/4560 862/313/4560
f 293/524/4561 863/312/4561 862/313/4561
f 294/526/4562 864/314/4562 863/312/4562
f 295/527/4563 865/316/4563 864/314/4563
f 295/527/4564 19/1887/4564 326/528/4564
f 326/528/4565 327/2415/4565 880/529/4565
f 880/529/4566 327/2415/4566 328/530/4566
f 895/331/4567 328/530/4567 329/531/4567
f 910/346/4568 329/531/4568 330/532/4568
f 925/362/4569 330/532/4569 331/533/4569
f 940/377/4570 331/533/4570 332/534/4570
f 955/392/4571 332/534/4571 333/535/4571
f 970/407/4572 333/535/4572 334/536/4572
f 985/422/4573 334/536/4573 335/537/4573
f 1000/437/4574 335/537/4574 336/538/4574
f 1015/452/4575 336/538/4575 337/539/4575
f 1030/467/4576 337/539/4576 338/540/4576
f 1045/482/4577 338/540/4577 339/541/4577
f 1060/497/4578 339/541/4578 340/542/4578
f 1075/512/4579 340/542/4579 22/543/4579
f 1074/511/4580 1075/512/4580 370/544/4580
f 1073/510/4581 1074/511/4581 369/545/4581
f 1072/509/4582 1073/510/4582 368/546/4582
f 1071/508/4583 1072/509/4583 367/547/4583
f 1070/506/4584 1071/508/4584 366/548/4584
f 1069/507/4585 1070/506/4585 365/549/4585
f 1069/507/4586 364/550/4586 363/551/4586
f 1068/505/4587 363/551/4587 362/552/4587
f 1066/502/4588 1067/504/4588 362/552/4588
f 1065/503/4589 1066/502/4589 361/553/4589
f 1065/503/4590 360/554/4590 359/555/4590
f 1064/501/4591 359/555/4591 358/556/4591
f 1063/500/4592 358/556/4592 357/557/4592
f 1062/499/4593 357/557/4593 356/558/4593
f 1061/498/4594 356/558/4594 21/559/4594
f 1046/483/4595 1061/498/4595 325/258/4595
f 1031/468/4596 1046/483/4596 324/256/4596
f 1016/453/4597 1031/468/4597 323/255/4597
f 1001/438/4598 1016/453/4598 322/254/4598
f 986/423/4599 1001/438/4599 321/253/4599
f 971/408/4600 986/423/4600 320/252/4600
f 956/393/4601 971/408/4601 319/251/4601
f 941/378/4602 956/393/4602 318/250/4602
f 926/363/4603 941/378/4603 317/249/4603
f 911/348/4604 926/363/4604 316/248/4604
f 896/333/4605 911/348/4605 315/247/4605
f 881/318/4606 896/333/4606 314/246/4606
f 866/290/4607 881/318/4607 313/245/4607
f 851/291/4608 866/290/4608 312/244/4608
f 1076/560/4609 1077/563/4609 1092/561/4609
f 1077/563/4610 1078/565/4610 1093/564/4610
f 1078/565/4611 1079/567/4611 1094/566/4611
f 1079/567/4612 1080/569/4612 1095/568/4612
f 1080/569/4613 1081/571/4613 1096/570/4613
f 1081/571/4614 1082/574/4614 1097/572/4614
f 1083/573/4615 1098/576/4615 1097/572/4615
f 1084/575/4616 1099/578/4616 1098/576/4616
f 1085/577/4617 1100/580/4617 1099/578/4617
f 1086/579/4618 1101/582/4618 1100/580/4618
f 1087/581/4619 1102/584/4619 1101/582/4619
f 1087/581/4620 1088/585/4620 1103/583/4620
f 1088/585/4621 1089/587/4621 1104/586/4621
f 1089/587/4622 1090/784/4622 1105/588/4622
f 1091/562/4623 1092/561/4623 1107/589/4623
f 1092/561/4624 1093/564/4624 1108/591/4624
f 1093/564/4625 1094/566/4625 1109/592/4625
f 1094/566/4626 1095/568/4626 1110/593/4626
f 1095/568/4627 1096/570/4627 1111/594/4627
f 1096/570/4628 1097/572/4628 1112/595/4628
f 1097/572/4629 1098/576/4629 1113/596/4629
f 1099/578/4630 1114/597/4630 1113/596/4630
f 1100/580/4631 1115/598/4631 1114/597/4631
f 1101/582/4632 1116/599/4632 1115/598/4632
f 1102/584/4633 1117/600/4633 1116/599/4633
f 1103/583/4634 1118/602/4634 1117/600/4634
f 1103/583/4635 1104/586/4635 1119/601/4635
f 1104/586/4636 1105/588/4636 1120/603/4636
f 1107/589/4637 1122/606/4637 1121/604/4637
f 1107/589/4638 1108/591/4638 1123/605/4638
f 1108/591/4639 1109/592/4639 1124/607/4639
f 1110/593/4640 1125/609/4640 1124/607/4640
f 1110/593/4641 1111/594/4641 1126/608/4641
f 1111/594/4642 1112/595/4642 1127/610/4642
f 1112/595/4643 1113/596/4643 1128/611/4643
f 1113/596/4644 1114/597/4644 1129/612/4644
f 1115/598/4645 1130/613/4645 1129/612/4645
f 1116/599/4646 1131/614/4646 1130/613/4646
f 1117/600/4647 1132/615/4647 1131/614/4647
f 1118/602/4648 1133/617/4648 1132/615/4648
f 1118/602/4649 1119/601/4649 1134/616/4649
f 1119/601/4650 1120/603/4650 1135/618/4650
f 1122/606/4651 1137/620/4651 1136/619/4651
f 1123/605/4652 1138/622/4652 1137/620/4652
f 1123/605/4653 1124/607/4653 1139/621/4653
f 1125/609/4654 1140/623/4654 1139/621/4654
f 1126/608/4655 1141/625/4655 1140/623/4655
f 1126/608/4656 1127/610/4656 1142/624/4656
f 1127/610/4657 1128/611/4657 1143/626/4657
f 1128/611/4658 1129/612/4658 1144/627/4658
f 1129/612/4659 1130/613/4659 1145/628/4659
f 1131/614/4660 1146/629/4660 1145/628/4660
f 1132/615/4661 1147/630/4661 1146/629/4661
f 1133/617/4662 1148/631/4662 1147/630/4662
f 1134/616/4663 1149/633/4663 1148/631/4663
f 1134/616/4664 1135/618/4664 1150/632/4664
f 1137/620/4665 1152/635/4665 1151/634/4665
f 1138/622/4666 1153/637/4666 1152/635/4666
f 1138/622/4667 1139/621/4667 1154/636/4667
f 1140/623/4668 1155/638/4668 1154/636/4668
f 1141/625/4669 1156/640/4669 1155/638/4669
f 1141/625/4670 1142/624/4670 1157/639/4670
f 1142/624/4671 1143/626/4671 1158/641/4671
f 1143/626/4672 1144/627/4672 1159/642/4672
f 1144/627/4673 1145/628/4673 1160/643/4673
f 1146/629/4674 1161/644/4674 1160/643/4674
f 1147/630/4675 1162/645/4675 1161/644/4675
f 1148/631/4676 1163/646/4676 1162/645/4676
f 1149/633/4677 1164/647/4677 1163/646/4677
f 1150/632/4678 1165/661/4678 1164/647/4678
f 1152/635/4679 1167/649/4679 1166/648/4679
f 1153/637/4680 1168/651/4680 1167/649/4680
f 1153/637/4681 1154/636/4681 1169/650/4681
f 1154/636/4682 1155/638/4682 1170/652/4682
f 1155/638/4683 1156/640/4683 1171/653/4683
f 1156/640/4684 1157/639/4684 1172/654/4684
f 1157/639/4685 1158/641/4685 1173/655/4685
f 1158/641/4686 1159/642/4686 1174/656/4686
f 1159/642/4687 1160/643/4687 1175/657/4687
f 1160/643/4688 1161/644/4688 1176/658/4688
f 1162/645/4689 1177/659/4689 1176/658/4689
f 1163/646/4690 1178/660/4690 1177/659/4690
f 1164/647/4691 1179/662/4691 1178/660/4691
f 1165/661/4692 1180/676/4692 1179/662/4692
f 1167/649/4693 1182/664/4693 1181/663/4693
f 1168/651/4694 1183/666/4694 1182/664/4694
f 1168/651/4695 1169/650/4695 1184/665/4695
f 1169/650/4696 1170/652/4696 1185/667/4696
f 1170/652/4697 1171/653/4697 1186/668/4697
f 1172/654/4698 1187/669/4698 1186/668/4698
f 1173/655/4699 1188/671/4699 1187/669/4699
f 1173/655/4700 1174/656/4700 1189/670/4700
f 1174/656/4701 1175/657/4701 1190/672/4701
f 1175/657/4702 1176/658/4702 1191/673/4702
f 1176/658/4703 1177/659/4703 1192/674/4703
f 1178/660/4704 1193/675/4704 1192/674/4704
f 1179/662/4705 1194/677/4705 1193/675/4705
f 1180/676/4706 1195/691/4706 1194/677/4706
f 1182/664/4707 1197/680/4707 1196/678/4707
f 1182/664/4708 1183/666/4708 1198/679/4708
f 1183/666/4709 1184/665/4709 1199/681/4709
f 1184/665/4710 1185/667/4710 1200/682/4710
f 1185/667/4711 1186/668/4711 1201/683/4711
f 1186/668/4712 1187/669/4712 1202/684/4712
f 1187/669/4713 1188/671/4713 1203/685/4713
f 1188/671/4714 1189/670/4714 1204/686/4714
f 1189/670/4715 1190/672/4715 1205/687/4715
f 1190/672/4716 1191/673/4716 1206/688/4716
f 1191/673/4717 1192/674/4717 1207/689/4717
f 1192/674/4718 1193/675/4718 1208/690/4718
f 1194/677/4719 1209/692/4719 1208/690/4719
f 1195/691/4720 1210/706/4720 1209/692/4720
f 1196/678/4721 1197/680/4721 1212/693/4721
f 1197/680/4722 1198/679/4722 1213/695/4722
f 1199/681/4723 1214/696/4723 1213/695/4723
f 1200/682/4724 1215/698/4724 1214/696/4724
f 1200/682/4725 1201/683/4725 1216/697/4725
f 1201/683/4726 1202/684/4726 1217/699/4726
f 1202/684/4727 1203/685/4727 1218/700/4727
f 1203/685/4728 1204/686/4728 1219/701/4728
f 1204/686/4729 1205/687/4729 1220/702/4729
f 1205/687/4730 1206/688/4730 1221/703/4730
f 1206/688/4731 1207/689/4731 1222/704/4731
f 1207/689/4732 1208/690/4732 1223/705/4732
f 1209/692/4733 1224/707/4733 1223/705/4733
f 1210/706/4734 1225/722/4734 1224/707/4734
f 1211/694/4735 1212/693/4735 1227/708/4735
f 1212/693/4736 1213/695/4736 1228/710/4736
f 1214/696/4737 1229/711/4737 1228/710/4737
f 1215/698/4738 1230/713/4738 1229/711/4738
f 1215/698/4739 1216/697/4739 1231/712/4739
f 1216/697/4740 1217/699/4740 1232/714/4740
f 1217/699/4741 1218/700/4741 1233/715/4741
f 1218/700/4742 1219/701/4742 1234/716/4742
f 1219/701/4743 1220/702/4743 1235/717/4743
f 1220/702/4744 1221/703/4744 1236/718/4744
f 1221/703/4745 1222/704/4745 1237/719/4745
f 1222/704/4746 1223/705/4746 1238/720/4746
f 1223/705/4747 1224/707/4747 1239/721/4747
f 1225/722/4748 1240/795/4748 1239/721/4748
f 1226/709/4749 1227/708/4749 1242/723/4749
f 1227/708/4750 1228/710/4750 1243/725/4750
f 1229/711/4751 1244/726/4751 1243/725/4751
f 1230/713/4752 1245/727/4752 1244/726/4752
f 1231/712/4753 1246/729/4753 1245/727/4753
f 1231/712/4754 1232/714/4754 1247/728/4754
f 1232/714/4755 1233/715/4755 1248/730/4755
f 1233/715/4756 1234/716/4756 1249/731/4756
f 1234/716/4757 1235/717/4757 1250/732/4757
f 1236/718/4758 1251/734/4758 1250/732/4758
f 1236/718/4759 1237/719/4759 1252/733/4759
f 1237/719/4760 1238/720/4760 1253/735/4760
f 1238/720/4761 1239/721/4761 1254/736/4761
f 1239/721/4762 1240/795/4762 1255/737/4762
f 1241/724/4763 1242/723/4763 1257/738/4763
f 1242/723/4764 1243/725/4764 1258/740/4764
f 1243/725/4765 1244/726/4765 1259/741/4765
f 1244/726/4766 1245/727/4766 1260/742/4766
f 1246/729/4767 1261/744/4767 1260/742/4767
f 1246/729/4768 1247/728/4768 1262/743/4768
f 1247/728/4769 1248/730/4769 1263/745/4769
f 1249/731/4770 1264/746/4770 1263/745/4770
f 1250/732/4771 1265/747/4771 1264/746/4771
f 1251/734/4772 1266/748/4772 1265/747/4772
f 1252/733/4773 1267/750/4773 1266/748/4773
f 1252/733/4774 1253/735/4774 1268/749/4774
f 1253/735/4775 1254/736/4775 1269/751/4775
f 1254/736/4776 1255/737/4776 1270/752/4776
f 1256/739/4777 1257/738/4777 1272/753/4777
f 1257/738/4778 1258/740/4778 1273/755/4778
f 1258/740/4779 1259/741/4779 1274/756/4779
f 1259/741/4780 1260/742/4780 1275/757/4780
f 1260/742/4781 1261/744/4781 1276/758/4781
f 1262/743/4782 1277/759/4782 1276/758/4782
f 1263/745/4783 1278/760/4783 1277/759/4783
f 1264/746/4784 1279/761/4784 1278/760/4784
f 1265/747/4785 1280/762/4785 1279/761/4785
f 1266/748/4786 1281/763/4786 1280/762/4786
f 1267/750/4787 1282/765/4787 1281/763/4787
f 1267/750/4788 1268/749/4788 1283/764/4788
f 1268/749/4789 1269/751/4789 1284/766/4789
f 1269/751/4790 1270/752/4790 1285/767/4790
f 1271/754/4791 1272/753/4791 1287/768/4791
f 1272/753/4792 1273/755/4792 1288/770/4792
f 1273/755/4793 1274/756/4793 1289/771/4793
f 1274/756/4794 1275/757/4794 1290/772/4794
f 1275/757/4795 1276/758/4795 1291/773/4795
f 1277/759/4796 1292/774/4796 1291/773/4796
f 1278/760/4797 1293/775/4797 1292/774/4797
f 1279/761/4798 1294/776/4798 1293/775/4798
f 1280/762/4799 1295/777/4799 1294/776/4799
f 1281/763/4800 1296/778/4800 1295/777/4800
f 1282/765/4801 1297/780/4801 1296/778/4801
f 1282/765/4802 1283/764/4802 1298/779/4802
f 1283/764/4803 1284/766/4803 1299/781/4803
f 1284/766/4804 1285/767/4804 1300/782/4804
f 341/273/4805 1076/560/4805 371/783/4805
f 342/272/4806 1077/563/4806 1076/560/4806
f 342/272/4807 343/271/4807 1078/565/4807
f 343/271/4808 344/270/4808 1079/567/4808
f 344/270/4809 345/269/4809 1080/569/4809
f 345/269/4810 346/268/4810 1081/571/4810
f 347/267/4811 1082/574/4811 1081/571/4811
f 348/266/4812 1083/573/4812 1082/574/4812
f 349/265/4813 1084/575/4813 1083/573/4813
f 350/264/4814 1085/577/4814 1084/575/4814
f 351/263/4815 1086/579/4815 1085/577/4815
f 352/262/4816 1087/581/4816 1086/579/4816
f 352/262/4817 353/261/4817 1088/585/4817
f 353/261/4818 354/260/4818 1089/587/4818
f 354/260/4819 355/259/4819 1090/784/4819
f 355/259/4820 21/559/4820 386/785/4820
f 1090/784/4821 386/785/4821 387/786/4821
f 1105/588/4822 387/786/4822 388/787/4822
f 1120/603/4823 388/787/4823 389/788/4823
f 1135/618/4824 389/788/4824 390/789/4824
f 1150/632/4825 390/789/4825 391/790/4825
f 391/790/4826 392/791/4826 1180/676/4826
f 392/791/4827 393/792/4827 1195/691/4827
f 393/792/4828 394/793/4828 1210/706/4828
f 394/793/4829 395/794/4829 1225/722/4829
f 395/794/4830 396/796/4830 1240/795/4830
f 396/796/4831 397/797/4831 1255/737/4831
f 397/797/4832 398/1087/4832 1270/752/4832
f 1270/752/4833 398/1087/4833 399/798/4833
f 1285/767/4834 399/798/4834 400/799/4834
f 1300/782/4835 400/799/4835 24/800/4835
f 1299/781/4836 1300/782/4836 430/801/4836
f 1298/779/4837 1299/781/4837 429/802/4837
f 1297/780/4838 1298/779/4838 428/803/4838
f 1297/780/4839 427/804/4839 426/805/4839
f 1296/778/4840 426/805/4840 425/806/4840
f 1295/777/4841 425/806/4841 424/807/4841
f 1294/776/4842 424/807/4842 423/808/4842
f 1293/775/4843 423/808/4843 422/809/4843
f 1292/774/4844 422/809/4844 421/810/4844
f 1290/772/4845 1291/773/4845 421/810/4845
f 1289/771/4846 1290/772/4846 420/811/4846
f 1288/770/4847 1289/771/4847 419/812/4847
f 1287/768/4848 1288/770/4848 418/813/4848
f 1286/769/4849 1287/768/4849 417/814/4849
f 385/816/4850 1286/769/4850 416/815/4850
f 384/818/4851 1271/754/4851 1286/769/4851
f 383/819/4852 1256/739/4852 1271/754/4852
f 382/820/4853 1241/724/4853 1256/739/4853
f 381/821/4854 1226/709/4854 1241/724/4854
f 380/822/4855 1211/694/4855 1226/709/4855
f 379/823/4856 1196/678/4856 1211/694/4856
f 1181/663/4857 1196/678/4857 379/823/4857
f 1166/648/4858 1181/663/4858 378/824/4858
f 1151/634/4859 1166/648/4859 377/825/4859
f 1136/619/4860 1151/634/4860 376/826/4860
f 1121/604/4861 1136/619/4861 375/827/4861
f 1106/590/4862 1121/604/4862 374/828/4862
f 372/830/4863 1091/562/4863 1106/590/4863
f 371/783/4864 1076/560/4864 1091/562/4864
f 1302/831/4865 1317/835/4865 1316/832/4865
f 1303/834/4866 1318/837/4866 1317/835/4866
f 1304/836/4867 1319/839/4867 1318/837/4867
f 1305/838/4868 1320/841/4868 1319/839/4868
f 1306/840/4869 1321/843/4869 1320/841/4869
f 1307/842/4870 1322/845/4870 1321/843/4870
f 1308/844/4871 1323/847/4871 1322/845/4871
f 1309/846/4872 1324/849/4872 1323/847/4872
f 1310/848/4873 1325/851/4873 1324/849/4873
f 1310/848/4874 1311/852/4874 1326/850/4874
f 1311/852/4875 1312/854/4875 1327/853/4875
f 1312/854/4876 1313/856/4876 1328/855/4876
f 1313/856/4877 1314/858/4877 1329/857/4877
f 1314/858/4878 1315/1055/4878 1330/859/4878
f 1316/832/4879 1317/835/4879 1332/860/4879
f 1318/837/4880 1333/862/4880 1332/860/4880
f 1319/839/4881 1334/863/4881 1333/862/4881
f 1320/841/4882 1335/864/4882 1334/863/4882
f 1321/843/4883 1336/865/4883 1335/864/4883
f 1322/845/4884 1337/866/4884 1336/865/4884
f 1323/847/4885 1338/867/4885 1337/866/4885
f 1324/849/4886 1339/868/4886 1338/867/4886
f 1325/851/4887 1340/870/4887 1339/868/4887
f 1325/851/4888 1326/850/4888 1341/869/4888
f 1326/850/4889 1327/853/4889 1342/871/4889
f 1327/853/4890 1328/855/4890 1343/872/4890
f 1328/855/4891 1329/857/4891 1344/873/4891
f 1329/857/4892 1330/859/4892 1345/874/4892
f 1331/861/4893 1332/860/4893 1347/875/4893
f 1332/860/4894 1333/862/4894 1348/877/4894
f 1334/863/4895 1349/878/4895 1348/877/4895
f 1335/864/4896 1350/879/4896 1349/878/4896
f 1336/865/4897 1351/880/4897 1350/879/4897
f 1337/866/4898 1352/881/4898 1351/880/4898
f 1338/867/4899 1353/882/4899 1352/881/4899
f 1339/868/4900 1354/883/4900 1353/882/4900
f 1340/870/4901 1355/885/4901 1354/883/4901
f 1340/870/4902 1341/869/4902 1356/884/4902
f 1341/869/4903 1342/871/4903 1357/886/4903
f 1342/871/4904 1343/872/4904 1358/887/4904
f 1343/872/4905 1344/873/4905 1359/888/4905
f 1344/873/4906 1345/874/4906 1360/889/4906
f 1346/876/4907 1347/875/4907 1362/890/4907
f 1347/875/4908 1348/877/4908 1363/892/4908
f 1348/877/4909 1349/878/4909 1364/893/4909
f 1350/879/4910 1365/895/4910 1364/893/4910
f 1350/879/4911 1351/880/4911 1366/894/4911
f 1351/880/4912 1352/881/4912 1367/896/4912
f 1352/881/4913 1353/882/4913 1368/897/4913
f 1353/882/4914 1354/883/4914 1369/898/4914
f 1354/883/4915 1355/885/4915 1370/899/4915
f 1355/885/4916 1356/884/4916 1371/900/4916
f 1356/884/4917 1357/886/4917 1372/901/4917
f 1357/886/4918 1358/887/4918 1373/902/4918
f 1358/887/4919 1359/888/4919 1374/903/4919
f 1359/888/4920 1360/889/4920 1375/904/4920
f 1361/891/4921 1362/890/4921 1377/905/4921
f 1362/890/4922 1363/892/4922 1378/907/4922
f 1363/892/4923 1364/893/4923 1379/908/4923
f 1364/893/4924 1365/895/4924 1380/909/4924
f 1365/895/4925 1366/894/4925 1381/910/4925
f 1366/894/4926 1367/896/4926 1382/911/4926
f 1367/896/4927 1368/897/4927 1383/912/4927
f 1368/897/4928 1369/898/4928 1384/913/4928
f 1369/898/4929 1370/899/4929 1385/914/4929
f 1370/899/4930 1371/900/4930 1386/915/4930
f 1371/900/4931 1372/901/4931 1387/916/4931
f 1372/901/4932 1373/902/4932 1388/917/4932
f 1373/902/4933 1374/903/4933 1389/918/4933
f 1374/903/4934 1375/904/4934 1390/919/4934
f 1376/906/4935 1377/905/4935 1392/920/4935
f 1377/905/4936 1378/907/4936 1393/922/4936
f 1378/907/4937 1379/908/4937 1394/923/4937
f 1379/908/4938 1380/909/4938 1395/924/4938
f 1380/909/4939 1381/910/4939 1396/925/4939
f 1381/910/4940 1382/911/4940 1397/926/4940
f 1382/911/4941 1383/912/4941 1398/927/4941
f 1383/912/4942 1384/913/4942 1399/928/4942
f 1384/913/4943 1385/914/4943 1400/929/4943
f 1385/914/4944 1386/915/4944 1401/930/4944
f 1386/915/4945 1387/916/4945 1402/931/4945
f 1387/916/4946 1388/917/4946 1403/932/4946
f 1388/917/4947 1389/918/4947 1404/933/4947
f 1389/918/4948 1390/919/4948 1405/934/4948
f 1392/920/4949 1407/937/4949 1406/935/4949
f 1392/920/4950 1393/922/4950 1408/936/4950
f 1393/922/4951 1394/923/4951 1409/938/4951
f 1394/923/4952 1395/924/4952 1410/939/4952
f 1395/924/4953 1396/925/4953 1411/940/4953
f 1396/925/4954 1397/926/4954 1412/941/4954
f 1397/926/4955 1398/927/4955 1413/942/4955
f 1398/927/4956 1399/928/4956 1414/943/4956
f 1399/928/4957 1400/929/4957 1415/944/4957
f 1400/929/4958 1401/930/4958 1416/945/4958
f 1401/930/4959 1402/931/4959 1417/946/4959
f 1402/931/4960 1403/932/4960 1418/947/4960
f 1403/932/4961 1404/933/4961 1419/948/4961
f 1404/933/4962 1405/934/4962 1420/949/4962
f 1407/937/4963 1422/951/4963 1421/950/4963
f 1408/936/4964 1423/953/4964 1422/951/4964
f 1408/936/4965 1409/938/4965 1424/952/4965
f 1409/938/4966 1410/939/4966 1425/954/4966
f 1410/939/4967 1411/940/4967 1426/955/4967
f 1411/940/4968 1412/941/4968 1427/956/4968
f 1412/941/4969 1413/942/4969 1428/957/4969
f 1413/942/4970 1414/943/4970 1429/958/4970
f 1414/943/4971 1415/944/4971 1430/959/4971
f 1415/944/4972 1416/945/4972 1431/960/4972
f 1416/945/4973 1417/946/4973 1432/961/4973
f 1417/946/4974 1418/947/4974 1433/962/4974
f 1418/947/4975 1419/948/4975 1434/963/4975
f 1419/948/4976 1420/949/4976 1435/964/4976
f 1422/951/4977 1437/966/4977 1436/965/4977
f 1423/953/4978 1438/968/4978 1437/966/4978
f 1423/953/4979 1424/952/4979 1439/967/4979
f 1424/952/4980 1425/954/4980 1440/969/4980
f 1425/954/4981 1426/955/4981 1441/970/4981
f 1426/955/4982 1427/956/4982 1442/971/4982
f 1427/956/4983 1428/957/4983 1443/972/4983
f 1428/957/4984 1429/958/4984 1444/973/4984
f 1429/958/4985 1430/959/4985 1445/974/4985
f 1430/959/4986 1431/960/4986 1446/975/4986
f 1431/960/4987 1432/961/4987 1447/976/4987
f 1432/961/4988 1433/962/4988 1448/977/4988
f 1433/962/4989 1434/963/4989 1449/978/4989
f 1434/963/4990 1435/964/4990 1450/979/4990
f 1437/966/4991 1452/981/4991 1451/980/4991
f 1438/968/4992 1453/982/4992 1452/981/4992
f 1439/967/4993 1454/984/4993 1453/982/4993
f 1439/967/4994 1440/969/4994 1455/983/4994
f 1440/969/4995 1441/970/4995 1456/985/4995
f 1441/970/4996 1442/971/4996 1457/986/4996
f 1442/971/4997 1443/972/4997 1458/987/4997
f 1443/972/4998 1444/973/4998 1459/988/4998
f 1444/973/4999 1445/974/4999 1460/989/4999
f 1445/974/5000 1446/975/5000 1461/990/5000
f 1446/975/5001 1447/976/5001 1462/991/5001
f 1447/976/5002 1448/977/5002 1463/992/5002
f 1448/977/5003 1449/978/5003 1464/993/5003
f 1449/978/5004 1450/979/5004 1465/994/5004
f 1452/981/5005 1467/996/5005 1466/995/5005
f 1453/982/5006 1468/997/5006 1467/996/5006
f 1454/984/5007 1469/999/5007 1468/997/5007
f 1454/984/5008 1455/983/5008 1470/998/5008
f 1455/983/5009 1456/985/5009 1471/1000/5009
f 1456/985/5010 1457/986/5010 1472/1001/5010
f 1457/986/5011 1458/987/5011 1473/1002/5011
f 1458/987/5012 1459/988/5012 1474/1003/5012
f 1459/988/5013 1460/989/5013 1475/1004/5013
f 1460/989/5014 1461/990/5014 1476/1005/5014
f 1461/990/5015 1462/991/5015 1477/1006/5015
f 1462/991/5016 1463/992/5016 1478/1007/5016
f 1463/992/5017 1464/993/5017 1479/1008/5017
f 1464/993/5018 1465/994/5018 1480/1009/5018
f 1467/996/5019 1482/1011/5019 1481/1010/5019
f 1468/997/5020 1483/1012/5020 1482/1011/5020
f 1469/999/5021 1484/1013/5021 1483/1012/5021
f 1470/998/5022 1485/1015/5022 1484/1013/5022
f 1470/998/5023 1471/1000/5023 1486/1014/5023
f 1471/1000/5024 1472/1001/5024 1487/1016/5024
f 1472/1001/5025 1473/1002/5025 1488/1017/5025
f 1473/1002/5026 1474/1003/5026 1489/1018/5026
f 1474/1003/5027 1475/1004/5027 1490/1019/5027
f 1475/1004/5028 1476/1005/5028 1491/1020/5028
f 1476/1005/5029 1477/1006/5029 1492/1021/5029
f 1477/1006/5030 1478/1007/5030 1493/1022/5030
f 1478/1007/5031 1479/1008/5031 1494/1023/5031
f 1479/1008/5032 1480/1009/5032 1495/1024/5032
f 1482/1011/5033 1497/1026/5033 1496/1025/5033
f 1483/1012/5034 1498/1027/5034 1497/1026/5034
f 1484/1013/5035 1499/1028/5035 1498/1027/5035
f 1485/1015/5036 1500/1030/5036 1499/1028/5036
f 1485/1015/5037 1486/1014/5037 1501/1029/5037
f 1486/1014/5038 1487/1016/5038 1502/1031/5038
f 1487/1016/5039 1488/1017/5039 1503/1032/5039
f 1488/1017/5040 1489/1018/5040 1504/1033/5040
f 1489/1018/5041 1490/1019/5041 1505/1034/5041
f 1490/1019/5042 1491/1020/5042 1506/1035/5042
f 1491/1020/5043 1492/1021/5043 1507/1036/5043
f 1492/1021/5044 1493/1022/5044 1508/1037/5044
f 1493/1022/5045 1494/1023/5045 1509/1038/5045
f 1494/1023/5046 1495/1024/5046 1510/1039/5046
f 1497/1026/5047 1512/1041/5047 1511/1040/5047
f 1498/1027/5048 1513/1042/5048 1512/1041/5048
f 1499/1028/5049 1514/1043/5049 1513/1042/5049
f 1500/1030/5050 1515/1044/5050 1514/1043/5050
f 1501/1029/5051 1516/1046/5051 1515/1044/5051
f 1501/1029/5052 1502/1031/5052 1517/1045/5052
f 1502/1031/5053 1503/1032/5053 1518/1047/5053
f 1503/1032/5054 1504/1033/5054 1519/1048/5054
f 1504/1033/5055 1505/1034/5055 1520/1049/5055
f 1505/1034/5056 1506/1035/5056 1521/1050/5056
f 1506/1035/5057 1507/1036/5057 1522/1051/5057
f 1507/1036/5058 1508/1037/5058 1523/1052/5058
f 1508/1037/5059 1509/1038/5059 1524/1053/5059
f 1509/1038/5060 1510/1039/5060 1525/1054/5060
f 356/558/5061 1301/833/5061 386/785/5061
f 357/557/5062 1302/831/5062 1301/833/5062
f 358/556/5063 1303/834/5063 1302/831/5063
f 359/555/5064 1304/836/5064 1303/834/5064
f 360/554/5065 1305/838/5065 1304/836/5065
f 361/553/5066 1306/840/5066 1305/838/5066
f 362/552/5067 1307/842/5067 1306/840/5067
f 363/551/5068 1308/844/5068 1307/842/5068
f 364/550/5069 1309/846/5069 1308/844/5069
f 365/549/5070 1310/848/5070 1309/846/5070
f 365/549/5071 366/548/5071 1311/852/5071
f 366/548/5072 367/547/5072 1312/854/5072
f 367/547/5073 368/546/5073 1313/856/5073
f 368/546/5074 369/545/5074 1314/858/5074
f 369/545/5075 370/544/5075 1315/1055/5075
f 370/544/5076 22/543/5076 401/1056/5076
f 1315/1055/5077 401/1056/5077 402/1057/5077
f 1330/859/5078 402/1057/5078 403/1058/5078
f 1345/874/5079 403/1058/5079 404/1059/5079
f 1360/889/5080 404/1059/5080 405/1060/5080
f 1375/904/5081 405/1060/5081 406/1061/5081
f 1390/919/5082 406/1061/5082 407/1062/5082
f 1405/934/5083 407/1062/5083 408/1063/5083
f 1420/949/5084 408/1063/5084 409/1064/5084
f 1435/964/5085 409/1064/5085 410/1065/5085
f 1450/979/5086 410/1065/5086 411/1066/5086
f 1465/994/5087 411/1066/5087 412/1067/5087
f 1480/1009/5088 412/1067/5088 413/1068/5088
f 1495/1024/5089 413/1068/5089 414/1069/5089
f 1510/1039/5090 414/1069/5090 415/1070/5090
f 1525/1054/5091 415/1070/5091 25/1071/5091
f 1524/1053/5092 1525/1054/5092 445/1072/5092
f 1523/1052/5093 1524/1053/5093 444/1073/5093
f 1522/1051/5094 1523/1052/5094 443/1074/5094
f 1521/1050/5095 1522/1051/5095 442/1075/5095
f 1520/1049/5096 1521/1050/5096 441/1076/5096
f 1519/1048/5097 1520/1049/5097 440/1077/5097
f 1518/1047/5098 1519/1048/5098 439/1078/5098
f 1517/1045/5099 1518/1047/5099 438/1079/5099
f 1516/1046/5100 1517/1045/5100 437/1080/5100
f 1516/1046/5101 436/1081/5101 435/1082/5101
f 1515/1044/5102 435/1082/5102 434/1083/5102
f 1514/1043/5103 434/1083/5103 433/1084/5103
f 1513/1042/5104 433/1084/5104 432/1085/5104
f 1511/1040/5105 1512/1041/5105 432/1085/5105
f 400/799/5106 1511/1040/5106 431/1086/5106
f 399/798/5107 1496/1025/5107 1511/1040/5107
f 1481/1010/5108 1496/1025/5108 399/798/5108
f 1466/995/5109 1481/1010/5109 398/1087/5109
f 1451/980/5110 1466/995/5110 397/797/5110
f 1436/965/5111 1451/980/5111 396/796/5111
f 1421/950/5112 1436/965/5112 395/794/5112
f 1406/935/5113 1421/950/5113 394/793/5113
f 1391/921/5114 1406/935/5114 393/792/5114
f 391/790/5115 1376/906/5115 1391/921/5115
f 390/789/5116 1361/891/5116 1376/906/5116
f 389/788/5117 1346/876/5117 1361/891/5117
f 388/787/5118 1331/861/5118 1346/876/5118
f 387/786/5119 1316/832/5119 1331/861/5119
f 386/785/5120 1301/833/5120 1316/832/5120
f 1527/1088/5121 1542/1092/5121 1541/1089/5121
f 1528/1091/5122 1543/1094/5122 1542/1092/5122
f 1529/1093/5123 1544/1096/5123 1543/1094/5123
f 1530/1095/5124 1545/1098/5124 1544/1096/5124
f 1531/1097/5125 1546/1100/5125 1545/1098/5125
f 1532/1099/5126 1547/1102/5126 1546/1100/5126
f 1533/1101/5127 1548/1104/5127 1547/1102/5127
f 1534/1103/5128 1549/1106/5128 1548/1104/5128
f 1535/1105/5129 1550/1108/5129 1549/1106/5129
f 1536/1107/5130 1551/1110/5130 1550/1108/5130
f 1536/1107/5131 1537/1111/5131 1552/1109/5131
f 1537/1111/5132 1538/1113/5132 1553/1112/5132
f 1538/1113/5133 1539/1115/5133 1554/1114/5133
f 1539/1115/5134 1540/1329/5134 1555/1116/5134
f 1542/1092/5135 1557/1118/5135 1556/1117/5135
f 1543/1094/5136 1558/1119/5136 1557/1118/5136
f 1544/1096/5137 1559/1120/5137 1558/1119/5137
f 1545/1098/5138 1560/1121/5138 1559/1120/5138
f 1546/1100/5139 1561/1122/5139 1560/1121/5139
f 1547/1102/5140 1562/1123/5140 1561/1122/5140
f 1548/1104/5141 1563/1124/5141 1562/1123/5141
f 1549/1106/5142 1564/1125/5142 1563/1124/5142
f 1550/1108/5143 1565/1127/5143 1564/1125/5143
f 1550/1108/5144 1551/1110/5144 1566/1126/5144
f 1551/1110/5145 1552/1109/5145 1567/1128/5145
f 1552/1109/5146 1553/1112/5146 1568/1129/5146
f 1553/1112/5147 1554/1114/5147 1569/1130/5147
f 1555/1116/5148 1570/1144/5148 1569/1130/5148
f 1557/1118/5149 1572/1132/5149 1571/1131/5149
f 1558/1119/5150 1573/1133/5150 1572/1132/5150
f 1559/1120/5151 1574/1134/5151 1573/1133/5151
f 1560/1121/5152 1575/1135/5152 1574/1134/5152
f 1561/1122/5153 1576/1136/5153 1575/1135/5153
f 1562/1123/5154 1577/1137/5154 1576/1136/5154
f 1563/1124/5155 1578/1138/5155 1577/1137/5155
f 1564/1125/5156 1579/1139/5156 1578/1138/5156
f 1565/1127/5157 1580/1140/5157 1579/1139/5157
f 1566/1126/5158 1581/1141/5158 1580/1140/5158
f 1567/1128/5159 1582/1143/5159 1581/1141/5159
f 1567/1128/5160 1568/1129/5160 1583/1142/5160
f 1569/1130/5161 1584/1145/5161 1583/1142/5161
f 1570/1144/5162 1585/1159/5162 1584/1145/5162
f 1572/1132/5163 1587/1147/5163 1586/1146/5163
f 1573/1133/5164 1588/1148/5164 1587/1147/5164
f 1574/1134/5165 1589/1149/5165 1588/1148/5165
f 1575/1135/5166 1590/1150/5166 1589/1149/5166
f 1576/1136/5167 1591/1151/5167 1590/1150/5167
f 1577/1137/5168 1592/1152/5168 1591/1151/5168
f 1578/1138/5169 1593/1153/5169 1592/1152/5169
f 1579/1139/5170 1594/1154/5170 1593/1153/5170
f 1580/1140/5171 1595/1155/5171 1594/1154/5171
f 1581/1141/5172 1596/1156/5172 1595/1155/5172
f 1582/1143/5173 1597/1157/5173 1596/1156/5173
f 1583/1142/5174 1598/1158/5174 1597/1157/5174
f 1584/1145/5175 1599/1160/5175 1598/1158/5175
f 1585/1159/5176 1600/1174/5176 1599/1160/5176
f 1587/1147/5177 1602/1162/5177 1601/1161/5177
f 1588/1148/5178 1603/1163/5178 1602/1162/5178
f 1589/1149/5179 1604/1164/5179 1603/1163/5179
f 1590/1150/5180 1605/1165/5180 1604/1164/5180
f 1591/1151/5181 1606/1166/5181 1605/1165/5181
f 1592/1152/5182 1607/1167/5182 1606/1166/5182
f 1593/1153/5183 1608/1168/5183 1607/1167/5183
f 1594/1154/5184 1609/1169/5184 1608/1168/5184
f 1595/1155/5185 1610/1170/5185 1609/1169/5185
f 1596/1156/5186 1611/1171/5186 1610/1170/5186
f 1597/1157/5187 1612/1172/5187 1611/1171/5187
f 1598/1158/5188 1613/1173/5188 1612/1172/5188
f 1599/1160/5189 1614/1175/5189 1613/1173/5189
f 1600/1174/5190 1615/1189/5190 1614/1175/5190
f 1602/1162/5191 1617/1177/5191 1616/1176/5191
f 1603/1163/5192 1618/1178/5192 1617/1177/5192
f 1604/1164/5193 1619/1179/5193 1618/1178/5193
f 1605/1165/5194 1620/1180/5194 1619/1179/5194
f 1606/1166/5195 1621/1181/5195 1620/1180/5195
f 1607/1167/5196 1622/1182/5196 1621/1181/5196
f 1608/1168/5197 1623/1183/5197 1622/1182/5197
f 1609/1169/5198 1624/1184/5198 1623/1183/5198
f 1610/1170/5199 1625/1185/5199 1624/1184/5199
f 1611/1171/5200 1626/1186/5200 1625/1185/5200
f 1612/1172/5201 1627/1187/5201 1626/1186/5201
f 1613/1173/5202 1628/1188/5202 1627/1187/5202
f 1614/1175/5203 1629/1190/5203 1628/1188/5203
f 1615/1189/5204 1630/1204/5204 1629/1190/5204
f 1617/1177/5205 1632/1192/5205 1631/1191/5205
f 1618/1178/5206 1633/1193/5206 1632/1192/5206
f 1619/1179/5207 1634/1194/5207 1633/1193/5207
f 1620/1180/5208 1635/1195/5208 1634/1194/5208
f 1621/1181/5209 1636/1196/5209 1635/1195/5209
f 1622/1182/5210 1637/1197/5210 1636/1196/5210
f 1623/1183/5211 1638/1198/5211 1637/1197/5211
f 1624/1184/5212 1639/1199/5212 1638/1198/5212
f 1625/1185/5213 1640/1200/5213 1639/1199/5213
f 1626/1186/5214 1641/1201/5214 1640/1200/5214
f 1627/1187/5215 1642/1202/5215 1641/1201/5215
f 1628/1188/5216 1643/1203/5216 1642/1202/5216
f 1629/1190/5217 1644/1205/5217 1643/1203/5217
f 1630/1204/5218 1645/1219/5218 1644/1205/5218
f 1632/1192/5219 1647/1207/5219 1646/1206/5219
f 1633/1193/5220 1648/1208/5220 1647/1207/5220
f 1634/1194/5221 1649/1209/5221 1648/1208/5221
f 1635/1195/5222 1650/1210/5222 1649/1209/5222
f 1636/1196/5223 1651/1211/5223 1650/1210/5223
f 1637/1197/5224 1652/1212/5224 1651/1211/5224
f 1638/1198/5225 1653/1213/5225 1652/1212/5225
f 1639/1199/5226 1654/1214/5226 1653/1213/5226
f 1640/1200/5227 1655/1215/5227 1654/1214/5227
f 1641/1201/5228 1656/1216/5228 1655/1215/5228
f 1642/1202/5229 1657/1217/5229 1656/1216/5229
f 1643/1203/5230 1658/1218/5230 1657/1217/5230
f 1644/1205/5231 1659/1220/5231 1658/1218/5231
f 1645/1219/5232 1660/1234/5232 1659/1220/5232
f 1647/1207/5233 1662/1222/5233 1661/1221/5233
f 1648/1208/5234 1663/1223/5234 1662/1222/5234
f 1649/1209/5235 1664/1224/5235 1663/1223/5235
f 1650/1210/5236 1665/1225/5236 1664/1224/5236
f 1651/1211/5237 1666/1226/5237 1665/1225/5237
f 1652/1212/5238 1667/1227/5238 1666/1226/5238
f 1653/1213/5239 1668/1228/5239 1667/1227/5239
f 1654/1214/5240 1669/1229/5240 1668/1228/5240
f 1655/1215/5241 1670/1230/5241 1669/1229/5241
f 1656/1216/5242 1671/1231/5242 1670/1230/5242
f 1657/1217/5243 1672/1232/5243 1671/1231/5243
f 1658/1218/5244 1673/1233/5244 1672/1232/5244
f 1659/1220/5245 1674/1235/5245 1673/1233/5245
f 1660/1234/5246 1675/1249/5246 1674/1235/5246
f 1662/1222/5247 1677/1237/5247 1676/1236/5247
f 1663/1223/5248 1678/1238/5248 1677/1237/5248
f 1664/1224/5249 1679/1239/5249 1678/1238/5249
f 1665/1225/5250 1680/1240/5250 1679/1239/5250
f 1666/1226/5251 1681/1241/5251 1680/1240/5251
f 1667/1227/5252 1682/1242/5252 1681/1241/5252
f 1668/1228/5253 1683/1243/5253 1682/1242/5253
f 1669/1229/5254 1684/1244/5254 1683/1243/5254
f 1670/1230/5255 1685/1245/5255 1684/1244/5255
f 1671/1231/5256 1686/1246/5256 1685/1245/5256
f 1672/1232/5257 1687/1247/5257 1686/1246/5257
f 1673/1233/5258 1688/1248/5258 1687/1247/5258
f 1674/1235/5259 1689/1250/5259 1688/1248/5259
f 1675/1249/5260 1690/1264/5260 1689/1250/5260
f 1677/1237/5261 1692/1252/5261 1691/1251/5261
f 1678/1238/5262 1693/1253/5262 1692/1252/5262
f 1679/1239/5263 1694/1254/5263 1693/1253/5263
f 1680/1240/5264 1695/1255/5264 1694/1254/5264
f 1681/1241/5265 1696/1256/5265 1695/1255/5265
f 1682/1242/5266 1697/1257/5266 1696/1256/5266
f 1683/1243/5267 1698/1258/5267 1697/1257/5267
f 1684/1244/5268 1699/1259/5268 1698/1258/5268
f 1685/1245/5269 1700/1260/5269 1699/1259/5269
f 1686/1246/5270 1701/1261/5270 1700/1260/5270
f 1687/1247/5271 1702/1262/5271 1701/1261/5271
f 1688/1248/5272 1703/1263/5272 1702/1262/5272
f 1689/1250/5273 1704/1265/5273 1703/1263/5273
f 1690/1264/5274 1705/1279/5274 1704/1265/5274
f 1692/1252/5275 1707/1267/5275 1706/1266/5275
f 1693/1253/5276 1708/1268/5276 1707/1267/5276
f 1694/1254/5277 1709/1269/5277 1708/1268/5277
f 1695/1255/5278 1710/1270/5278 1709/1269/5278
f 1696/1256/5279 1711/1271/5279 1710/1270/5279
f 1697/1257/5280 1712/1272/5280 1711/1271/5280
f 1698/1258/5281 1713/1273/5281 1712/1272/5281
f 1699/1259/5282 1714/1274/5282 1713/1273/5282
f 1700/1260/5283 1715/1275/5283 1714/1274/5283
f 1701/1261/5284 1716/1276/5284 1715/1275/5284
f 1702/1262/5285 1717/1277/5285 1716/1276/5285
f 1703/1263/5286 1718/1278/5286 1717/1277/5286
f 1704/1265/5287 1719/1280/5287 1718/1278/5287
f 1705/1279/5288 1720/1294/5288 1719/1280/5288
f 1707/1267/5289 1722/1282/5289 1721/1281/5289
f 1708/1268/5290 1723/1283/5290 1722/1282/5290
f 1709/1269/5291 1724/1284/5291 1723/1283/5291
f 1710/1270/5292 1725/1285/5292 1724/1284/5292
f 1711/1271/5293 1726/1286/5293 1725/1285/5293
f 1712/1272/5294 1727/1287/5294 1726/1286/5294
f 1713/1273/5295 1728/1288/5295 1727/1287/5295
f 1714/1274/5296 1729/1289/5296 1728/1288/5296
f 1715/1275/5297 1730/1290/5297 1729/1289/5297
f 1716/1276/5298 1731/1291/5298 1730/1290/5298
f 1717/1277/5299 1732/1292/5299 1731/1291/5299
f 1718/1278/5300 1733/1293/5300 1732/1292/5300
f 1719/1280/5301 1734/1295/5301 1733/1293/5301
f 1720/1294/5302 1735/1310/5302 1734/1295/5302
f 1722/1282/5303 1737/1297/5303 1736/1296/5303
f 1723/1283/5304 1738/1298/5304 1737/1297/5304
f 1724/1284/5305 1739/1299/5305 1738/1298/5305
f 1725/1285/5306 1740/1300/5306 1739/1299/5306
f 1726/1286/5307 1741/1301/5307 1740/1300/5307
f 1727/1287/5308 1742/1302/5308 1741/1301/5308
f 1728/1288/5309 1743/1303/5309 1742/1302/5309
f 1729/1289/5310 1744/1304/5310 1743/1303/5310
f 1730/1290/5311 1745/1305/5311 1744/1304/5311
f 1731/1291/5312 1746/1306/5312 1745/1305/5312
f 1732/1292/5313 1747/1307/5313 1746/1306/5313
f 1733/1293/5314 1748/1309/5314 1747/1307/5314
f 1733/1293/5315 1734/1295/5315 1749/1308/5315
f 1735/1310/5316 1750/1342/5316 1749/1308/5316
f 265/1311/5317 1526/1090/5317 86/1312/5317
f 264/1314/5318 1527/1088/5318 1526/1090/5318
f 263/1315/5319 1528/1091/5319 1527/1088/5319
f 262/1316/5320 1529/1093/5320 1528/1091/5320
f 261/1317/5321 1530/1095/5321 1529/1093/5321
f 260/1318/5322 1531/1097/5322 1530/1095/5322
f 259/1319/5323 1532/1099/5323 1531/1097/5323
f 258/1320/5324 1533/1101/5324 1532/1099/5324
f 257/1321/5325 1534/1103/5325 1533/1101/5325
f 256/1322/5326 1535/1105/5326 1534/1103/5326
f 255/1323/5327 1536/1107/5327 1535/1105/5327
f 254/1324/5328 1537/1111/5328 1536/1107/5328
f 253/1325/5329 1538/1113/5329 1537/1111/5329
f 252/1326/5330 1539/1115/5330 1538/1113/5330
f 251/1327/5331 1540/1329/5331 1539/1115/5331
f 251/1327/5332 16/1597/5332 446/1328/5332
f 446/1328/5333 447/1330/5333 1555/1116/5333
f 447/1330/5334 448/1331/5334 1570/1144/5334
f 448/1331/5335 449/1332/5335 1585/1159/5335
f 449/1332/5336 450/1333/5336 1600/1174/5336
f 450/1333/5337 451/1630/5337 1615/1189/5337
f 1615/1189/5338 451/1630/5338 452/1334/5338
f 1630/1204/5339 452/1334/5339 453/1335/5339
f 453/1335/5340 454/1336/5340 1660/1234/5340
f 454/1336/5341 455/1337/5341 1675/1249/5341
f 455/1337/5342 456/1338/5342 1690/1264/5342
f 456/1338/5343 457/1339/5343 1705/1279/5343
f 457/1339/5344 458/1340/5344 1720/1294/5344
f 458/1340/5345 459/1341/5345 1735/1310/5345
f 459/1341/5346 460/1629/5346 1750/1342/5346
f 1750/1342/5347 460/1629/5347 17/227/5347
f 1749/1308/5348 1750/1342/5348 625/1343/5348
f 1748/1309/5349 1749/1308/5349 624/1344/5349
f 1747/1307/5350 1748/1309/5350 623/1345/5350
f 1746/1306/5351 1747/1307/5351 622/1346/5351
f 1745/1305/5352 1746/1306/5352 621/1347/5352
f 1745/1305/5353 620/1348/5353 619/1349/5353
f 1744/1304/5354 619/1349/5354 618/1350/5354
f 1743/1303/5355 618/1350/5355 617/1351/5355
f 1742/1302/5356 617/1351/5356 616/1352/5356
f 1741/1301/5357 616/1352/5357 615/1353/5357
f 1740/1300/5358 615/1353/5358 614/1354/5358
f 1739/1299/5359 614/1354/5359 613/1355/5359
f 1738/1298/5360 613/1355/5360 612/1356/5360
f 1737/1297/5361 612/1356/5361 611/1357/5361
f 100/1358/5362 1736/1296/5362 611/1357/5362
f 1721/1281/5363 1736/1296/5363 100/1358/5363
f 1706/1266/5364 1721/1281/5364 99/1360/5364
f 1691/1251/5365 1706/1266/5365 98/1361/5365
f 1676/1236/5366 1691/1251/5366 97/1362/5366
f 1661/1221/5367 1676/1236/5367 96/1363/5367
f 1646/1206/5368 1661/1221/5368 95/1364/5368
f 1631/1191/5369 1646/1206/5369 94/1365/5369
f 1616/1176/5370 1631/1191/5370 93/1366/5370
f 1601/1161/5371 1616/1176/5371 92/1367/5371
f 1586/1146/5372 1601/1161/5372 91/1368/5372
f 1571/1131/5373 1586/1146/5373 90/1369/5373
f 1556/1117/5374 1571/1131/5374 89/1370/5374
f 1541/1089/5375 1556/1117/5375 88/1371/5375
f 1526/1090/5376 1541/1089/5376 87/1372/5376
f 1752/1373/5377 1767/1377/5377 1766/1374/5377
f 1753/1376/5378 1768/1379/5378 1767/1377/5378
f 1754/1378/5379 1769/1381/5379 1768/1379/5379
f 1755/1380/5380 1770/1383/5380 1769/1381/5380
f 1756/1382/5381 1771/1385/5381 1770/1383/5381
f 1757/1384/5382 1772/1387/5382 1771/1385/5382
f 1758/1386/5383 1773/1389/5383 1772/1387/5383
f 1758/1386/5384 1759/1390/5384 1774/1388/5384
f 1759/1390/5385 1760/1392/5385 1775/1391/5385
f 1760/1392/5386 1761/1394/5386 1776/1393/5386
f 1761/1394/5387 1762/1396/5387 1777/1395/5387
f 1762/1396/5388 1763/1398/5388 1778/1397/5388
f 1763/1398/5389 1764/1400/5389 1779/1399/5389
f 1764/1400/5390 1765/1612/5390 1780/1401/5390
f 1767/1377/5391 1782/1403/5391 1781/1402/5391
f 1768/1379/5392 1783/1404/5392 1782/1403/5392
f 1769/1381/5393 1784/1405/5393 1783/1404/5393
f 1770/1383/5394 1785/1406/5394 1784/1405/5394
f 1771/1385/5395 1786/1407/5395 1785/1406/5395
f 1772/1387/5396 1787/1408/5396 1786/1407/5396
f 1773/1389/1315 1788/1410/1315 1787/1408/1315
f 1773/1389/5397 1774/1388/5397 1789/1409/5397
f 1774/1388/5398 1775/1391/5398 1790/1411/5398
f 1775/1391/5399 1776/1393/5399 1791/1412/5399
f 1776/1393/5400 1777/1395/5400 1792/1413/5400
f 1777/1395/5401 1778/1397/5401 1793/1414/5401
f 1778/1397/5402 1779/1399/5402 1794/1415/5402
f 1779/1399/5403 1780/1401/5403 1795/1416/5403
f 1782/1403/5404 1797/1418/5404 1796/1417/5404
f 1783/1404/5405 1798/1419/5405 1797/1418/5405
f 1784/1405/5406 1799/1420/5406 1798/1419/5406
f 1785/1406/5407 1800/1421/5407 1799/1420/5407
f 1786/1407/5408 1801/1422/5408 1800/1421/5408
f 1787/1408/5409 1802/1423/5409 1801/1422/5409
f 1788/1410/5410 1803/1425/5410 1802/1423/5410
f 1788/1410/5411 1789/1409/5411 1804/1424/5411
f 1789/1409/5412 1790/1411/5412 1805/1426/5412
f 1790/1411/5413 1791/1412/5413 1806/1427/5413
f 1791/1412/5414 1792/1413/5414 1807/1428/5414
f 1792/1413/5415 1793/1414/5415 1808/1429/5415
f 1793/1414/5416 1794/1415/5416 1809/1430/5416
f 1794/1415/5417 1795/1416/5417 1810/1431/5417
f 1797/1418/5418 1812/1433/5418 1811/1432/5418
f 1798/1419/5419 1813/1434/5419 1812/1433/5419
f 1799/1420/5420 1814/1435/5420 1813/1434/5420
f 1800/1421/5421 1815/1436/5421 1814/1435/5421
f 1801/1422/5422 1816/1437/5422 1815/1436/5422
f 1802/1423/5423 1817/1438/5423 1816/1437/5423
f 1803/1425/5424 1818/1440/5424 1817/1438/5424
f 1803/1425/5425 1804/1424/5425 1819/1439/5425
f 1804/1424/5426 1805/1426/5426 1820/1441/5426
f 1805/1426/5427 1806/1427/5427 1821/1442/5427
f 1806/1427/5428 1807/1428/5428 1822/1443/5428
f 1807/1428/5429 1808/1429/5429 1823/1444/5429
f 1808/1429/5430 1809/1430/5430 1824/1445/5430
f 1809/1430/5431 1810/1431/5431 1825/1446/5431
f 1812/1433/5432 1827/1448/5432 1826/1447/5432
f 1813/1434/5433 1828/1449/5433 1827/1448/5433
f 1814/1435/5434 1829/1450/5434 1828/1449/5434
f 1815/1436/5435 1830/1451/5435 1829/1450/5435
f 1816/1437/5436 1831/1452/5436 1830/1451/5436
f 1817/1438/5437 1832/1453/5437 1831/1452/5437
f 1818/1440/5438 1833/1454/5438 1832/1453/5438
f 1819/1439/5439 1834/1456/5439 1833/1454/5439
f 1819/1439/5440 1820/1441/5440 1835/1455/5440
f 1820/1441/5441 1821/1442/5441 1836/1457/5441
f 1821/1442/5442 1822/1443/5442 1837/1458/5442
f 1822/1443/5443 1823/1444/5443 1838/1459/5443
f 1823/1444/5444 1824/1445/5444 1839/1460/5444
f 1824/1445/5445 1825/1446/5445 1840/1461/5445
f 1826/1447/5446 1827/1448/5446 1842/1462/5446
f 1827/1448/5447 1828/1449/5447 1843/1464/5447
f 1828/1449/5448 1829/1450/5448 1844/1465/5448
f 1829/1450/5449 1830/1451/5449 1845/1466/5449
f 1831/1452/5450 1846/1467/5450 1845/1466/5450
f 1832/1453/5451 1847/1468/5451 1846/1467/5451
f 1833/1454/5452 1848/1469/5452 1847/1468/5452
f 1834/1456/5453 1849/1471/5453 1848/1469/5453
f 1834/1456/5454 1835/1455/5454 1850/1470/5454
f 1835/1455/5455 1836/1457/5455 1851/1472/5455
f 1836/1457/5456 1837/1458/5456 1852/1473/5456
f 1837/1458/5457 1838/1459/5457 1853/1474/5457
f 1838/1459/5458 1839/1460/5458 1854/1475/5458
f 1839/1460/5459 1840/1461/5459 1855/1476/5459
f 1841/1463/5460 1842/1462/5460 1857/1477/5460
f 1842/1462/5461 1843/1464/5461 1858/1479/5461
f 1843/1464/5462 1844/1465/5462 1859/1480/5462
f 1844/1465/5463 1845/1466/5463 1860/1481/5463
f 1845/1466/5464 1846/1467/5464 1861/1482/5464
f 1846/1467/5465 1847/1468/5465 1862/1483/5465
f 1848/1469/5466 1863/1484/5466 1862/1483/5466
f 1849/1471/5467 1864/1485/5467 1863/1484/5467
f 1850/1470/5468 1865/1487/5468 1864/1485/5468
f 1850/1470/5469 1851/1472/5469 1866/1486/5469
f 1851/1472/5470 1852/1473/5470 1867/1488/5470
f 1852/1473/5471 1853/1474/5471 1868/1489/5471
f 1853/1474/5472 1854/1475/5472 1869/1490/5472
f 1854/1475/5473 1855/1476/5473 1870/1491/5473
f 1856/1478/5474 1857/1477/5474 1872/1492/5474
f 1857/1477/5475 1858/1479/5475 1873/1494/5475
f 1858/1479/5476 1859/1480/5476 1874/1495/5476
f 1859/1480/5477 1860/1481/5477 1875/1496/5477
f 1860/1481/5478 1861/1482/5478 1876/1497/5478
f 1861/1482/5479 1862/1483/5479 1877/1498/5479
f 1862/1483/5480 1863/1484/5480 1878/1499/5480
f 1864/1485/5481 1879/1500/5481 1878/1499/5481
f 1865/1487/5482 1880/1502/5482 1879/1500/5482
f 1865/1487/5483 1866/1486/5483 1881/1501/5483
f 1866/1486/5484 1867/1488/5484 1882/1503/5484
f 1867/1488/5485 1868/1489/5485 1883/1504/5485
f 1868/1489/5486 1869/1490/5486 1884/1505/5486
f 1869/1490/5487 1870/1491/5487 1885/1506/5487
f 1871/1493/5488 1872/1492/5488 1887/1507/5488
f 1872/1492/5489 1873/1494/5489 1888/1509/5489
f 1873/1494/5490 1874/1495/5490 1889/1510/5490
f 1874/1495/5491 1875/1496/5491 1890/1511/5491
f 1875/1496/5492 1876/1497/5492 1891/1512/5492
f 1876/1497/5493 1877/1498/5493 1892/1513/5493
f 1877/1498/5494 1878/1499/5494 1893/1514/5494
f 1879/1500/5495 1894/1515/5495 1893/1514/5495
f 1880/1502/5496 1895/1517/5496 1894/1515/5496
f 1880/1502/5497 1881/1501/5497 1896/1516/5497
f 1881/1501/5498 1882/1503/5498 1897/1518/5498
f 1882/1503/5499 1883/1504/5499 1898/1519/5499
f 1883/1504/5500 1884/1505/5500 1899/1520/5500
f 1884/1505/5501 1885/1506/5501 1900/1521/5501
f 1886/1508/5502 1887/1507/5502 1902/1522/5502
f 1887/1507/5503 1888/1509/5503 1903/1524/5503
f 1888/1509/5504 1889/1510/5504 1904/1525/5504
f 1889/1510/5505 1890/1511/5505 1905/1526/5505
f 1890/1511/5506 1891/1512/5506 1906/1527/5506
f 1891/1512/5507 1892/1513/5507 1907/1528/5507
f 1892/1513/5508 1893/1514/5508 1908/1529/5508
f 1894/1515/5509 1909/1531/5509 1908/1529/5509
f 1894/1515/5510 1895/1517/5510 1910/1530/5510
f 1895/1517/5511 1896/1516/5511 1911/1532/5511
f 1896/1516/5512 1897/1518/5512 1912/1533/5512
f 1897/1518/5513 1898/1519/5513 1913/1534/5513
f 1898/1519/5514 1899/1520/5514 1914/1535/5514
f 1899/1520/5515 1900/1521/5515 1915/1536/5515
f 1901/1523/5516 1902/1522/5516 1917/1537/5516
f 1902/1522/5517 1903/1524/5517 1918/1539/5517
f 1903/1524/5518 1904/1525/5518 1919/1540/5518
f 1904/1525/5519 1905/1526/5519 1920/1541/5519
f 1905/1526/5520 1906/1527/5520 1921/1542/5520
f 1906/1527/5521 1907/1528/5521 1922/1543/5521
f 1907/1528/5522 1908/1529/5522 1923/1544/5522
f 1908/1529/5523 1909/1531/5523 1924/1545/5523
f 1909/1531/5524 1910/1530/5524 1925/1546/5524
f 1910/1530/5525 1911/1532/5525 1926/1547/5525
f 1911/1532/5526 1912/1533/5526 1927/1548/5526
f 1912/1533/5527 1913/1534/5527 1928/1549/5527
f 1913/1534/5528 1914/1535/5528 1929/1550/5528
f 1914/1535/5529 1915/1536/5529 1930/1551/5529
f 1916/1538/5530 1917/1537/5530 1932/1552/5530
f 1917/1537/5531 1918/1539/5531 1933/1554/5531
f 1918/1539/5532 1919/1540/5532 1934/1555/5532
f 1919/1540/5533 1920/1541/5533 1935/1556/5533
f 1920/1541/5534 1921/1542/5534 1936/1557/5534
f 1921/1542/5535 1922/1543/5535 1937/1558/5535
f 1922/1543/5536 1923/1544/5536 1938/1559/5536
f 1923/1544/5537 1924/1545/5537 1939/1560/5537
f 1924/1545/5538 1925/1546/5538 1940/1561/5538
f 1925/1546/5539 1926/1547/5539 1941/1562/5539
f 1926/1547/5540 1927/1548/5540 1942/1563/5540
f 1927/1548/5541 1928/1549/5541 1943/1564/5541
f 1928/1549/5542 1929/1550/5542 1944/1565/5542
f 1929/1550/5543 1930/1551/5543 1945/1566/5543
f 1931/1553/5544 1932/1552/5544 1947/1567/5544
f 1932/1552/5545 1933/1554/5545 1948/1569/5545
f 1933/1554/5546 1934/1555/5546 1949/1570/5546
f 1934/1555/5547 1935/1556/5547 1950/1571/5547
f 1935/1556/5548 1936/1557/5548 1951/1572/5548
f 1936/1557/5549 1937/1558/5549 1952/1573/5549
f 1937/1558/5550 1938/1559/5550 1953/1574/5550
f 1938/1559/5551 1939/1560/5551 1954/1575/5551
f 1939/1560/5552 1940/1561/5552 1955/1576/5552
f 1940/1561/5553 1941/1562/5553 1956/1577/5553
f 1941/1562/5554 1942/1563/5554 1957/1578/5554
f 1942/1563/5555 1943/1564/5555 1958/1579/5555
f 1943/1564/5556 1944/1565/5556 1959/1580/5556
f 1944/1565/5557 1945/1566/5557 1960/1581/5557
f 1946/1568/5558 1947/1567/5558 1962/1582/5558
f 1947/1567/5559 1948/1569/5559 1963/1584/5559
f 1948/1569/5560 1949/1570/5560 1964/1585/5560
f 1949/1570/5561 1950/1571/5561 1965/1586/5561
f 1950/1571/5562 1951/1572/5562 1966/1587/5562
f 1951/1572/5563 1952/1573/5563 1967/1588/5563
f 1952/1573/5564 1953/1574/5564 1968/1589/5564
f 1953/1574/5565 1954/1575/5565 1969/1590/5565
f 1954/1575/5566 1955/1576/5566 1970/1591/5566
f 1955/1576/5567 1956/1577/5567 1971/1592/5567
f 1956/1577/5568 1957/1578/5568 1972/1593/5568
f 1957/1578/5569 1958/1579/5569 1973/1594/5569
f 1958/1579/5570 1959/1580/5570 1974/1595/5570
f 1959/1580/5571 1960/1581/5571 1975/1596/5571
f 16/1597/5572 250/1598/5572 1751/1375/5572
f 250/1598/5573 249/1599/5573 1752/1373/5573
f 249/1599/5574 248/1600/5574 1753/1376/5574
f 248/1600/5575 247/1601/5575 1754/1378/5575
f 247/1601/5576 246/1603/5576 1755/1380/5576
f 245/1602/5577 1756/1382/5577 1755/1380/5577
f 244/1604/5578 1757/1384/5578 1756/1382/5578
f 243/1605/5579 1758/1386/5579 1757/1384/5579
f 242/1606/5580 1759/1390/5580 1758/1386/5580
f 242/1606/5581 241/1607/5581 1760/1392/5581
f 241/1607/5582 240/1609/5582 1761/1394/5582
f 239/1608/5583 1762/1396/5583 1761/1394/5583
f 238/1610/5584 1763/1398/5584 1762/1396/5584
f 238/1610/5585 237/1611/5585 1764/1400/5585
f 237/1611/5586 236/1613/5586 1765/1612/5586
f 236/1613/5587 15/1855/5587 461/1614/5587
f 1765/1612/5588 461/1614/5588 462/1615/5588
f 1780/1401/5589 462/1615/5589 463/1616/5589
f 1795/1416/5590 463/1616/5590 464/1617/5590
f 1810/1431/5591 464/1617/5591 465/1618/5591
f 1825/1446/5592 465/1618/5592 466/1619/5592
f 1840/1461/5593 466/1619/5593 467/1620/5593
f 1855/1476/5594 467/1620/5594 468/1621/5594
f 1870/1491/5595 468/1621/5595 469/1622/5595
f 1885/1506/5596 469/1622/5596 470/1623/5596
f 1900/1521/5597 470/1623/5597 471/1624/5597
f 1915/1536/5598 471/1624/5598 472/1625/5598
f 1930/1551/5599 472/1625/5599 473/1626/5599
f 1945/1566/5600 473/1626/5600 474/1627/5600
f 1960/1581/5601 474/1627/5601 475/1628/5601
f 1975/1596/5602 475/1628/5602 18/242/5602
f 1974/1595/5603 1975/1596/5603 280/241/5603
f 1973/1594/5604 1974/1595/5604 279/240/5604
f 1972/1593/5605 1973/1594/5605 278/239/5605
f 1971/1592/5606 1972/1593/5606 277/238/5606
f 1970/1591/5607 1971/1592/5607 276/237/5607
f 1969/1590/5608 1970/1591/5608 275/236/5608
f 1968/1589/5609 1969/1590/5609 274/235/5609
f 1967/1588/5610 1968/1589/5610 273/234/5610
f 1966/1587/5611 1967/1588/5611 272/233/5611
f 1965/1586/5612 1966/1587/5612 271/232/5612
f 1964/1585/5613 1965/1586/5613 270/231/5613
f 1964/1585/5614 269/230/5614 268/229/5614
f 1963/1584/5615 268/229/5615 267/228/5615
f 1962/1582/5616 267/228/5616 266/225/5616
f 460/1629/5617 1961/1583/5617 266/225/5617
f 459/1341/5618 1946/1568/5618 1961/1583/5618
f 458/1340/5619 1931/1553/5619 1946/1568/5619
f 457/1339/5620 1916/1538/5620 1931/1553/5620
f 456/1338/5621 1901/1523/5621 1916/1538/5621
f 455/1337/5622 1886/1508/5622 1901/1523/5622
f 454/1336/5623 1871/1493/5623 1886/1508/5623
f 453/1335/5624 1856/1478/5624 1871/1493/5624
f 452/1334/5625 1841/1463/5625 1856/1478/5625
f 451/1630/5626 1826/1447/5626 1841/1463/5626
f 450/1333/5627 1811/1432/5627 1826/1447/5627
f 1796/1417/5628 1811/1432/5628 450/1333/5628
f 1781/1402/5629 1796/1417/5629 449/1332/5629
f 1766/1374/5630 1781/1402/5630 448/1331/5630
f 1751/1375/5631 1766/1374/5631 447/1330/5631
f 1976/1631/5632 1977/1635/5632 1992/1632/5632
f 1978/1634/5633 1993/1637/5633 1992/1632/5633
f 1979/1636/5634 1994/1639/5634 1993/1637/5634
f 1980/1638/5635 1995/1641/5635 1994/1639/5635
f 1981/1640/5636 1996/1643/5636 1995/1641/5636
f 1982/1642/5637 1997/1645/5637 1996/1643/5637
f 1983/1644/5638 1998/1647/5638 1997/1645/5638
f 1984/1646/5639 1999/1649/5639 1998/1647/5639
f 1985/1648/5640 2000/1651/5640 1999/1649/5640
f 1986/1650/5641 2001/1653/5641 2000/1651/5641
f 1987/1652/5642 2002/1655/5642 2001/1653/5642
f 1988/1654/5643 2003/1657/5643 2002/1655/5643
f 1989/1656/5644 2004/1659/5644 2003/1657/5644
f 1990/1658/5645 2005/1673/5645 2004/1659/5645
f 1992/1632/5646 2007/1661/5646 2006/1660/5646
f 1993/1637/5647 2008/1662/5647 2007/1661/5647
f 1994/1639/5648 2009/1663/5648 2008/1662/5648
f 1995/1641/5649 2010/1664/5649 2009/1663/5649
f 1996/1643/5650 2011/1665/5650 2010/1664/5650
f 1997/1645/5651 2012/1666/5651 2011/1665/5651
f 1998/1647/5652 2013/1667/5652 2012/1666/5652
f 1999/1649/5653 2014/1669/5653 2013/1667/5653
f 1999/1649/5654 2000/1651/5654 2015/1668/5654
f 2000/1651/5655 2001/1653/5655 2016/1670/5655
f 2001/1653/5656 2002/1655/5656 2017/1671/5656
f 2002/1655/5657 2003/1657/5657 2018/1672/5657
f 2004/1659/5658 2019/1674/5658 2018/1672/5658
f 2005/1673/5659 2020/1688/5659 2019/1674/5659
f 2007/1661/5660 2022/1676/5660 2021/1675/5660
f 2008/1662/5661 2023/1677/5661 2022/1676/5661
f 2009/1663/5662 2024/1678/5662 2023/1677/5662
f 2010/1664/5663 2025/1679/5663 2024/1678/5663
f 2011/1665/5664 2026/1680/5664 2025/1679/5664
f 2012/1666/5665 2027/1681/5665 2026/1680/5665
f 2013/1667/5666 2028/1683/5666 2027/1681/5666
f 2013/1667/5667 2014/1669/5667 2029/1682/5667
f 2014/1669/5668 2015/1668/5668 2030/1684/5668
f 2015/1668/5669 2016/1670/5669 2031/1685/5669
f 2016/1670/5670 2017/1671/5670 2032/1686/5670
f 2017/1671/5671 2018/1672/5671 2033/1687/5671
f 2019/1674/5672 2034/1689/5672 2033/1687/5672
f 2020/1688/5673 2035/1703/5673 2034/1689/5673
f 2021/1675/5674 2022/1676/5674 2037/1690/5674
f 2022/1676/5675 2023/1677/5675 2038/1692/5675
f 2024/1678/5676 2039/1693/5676 2038/1692/5676
f 2025/1679/5677 2040/1694/5677 2039/1693/5677
f 2026/1680/5678 2041/1695/5678 2040/1694/5678
f 2027/1681/5679 2042/1696/5679 2041/1695/5679
f 2028/1683/5680 2043/1698/5680 2042/1696/5680
f 2028/1683/5681 2029/1682/5681 2044/1697/5681
f 2029/1682/5682 2030/1684/5682 2045/1699/5682
f 2030/1684/5683 2031/1685/5683 2046/1700/5683
f 2031/1685/5684 2032/1686/5684 2047/1701/5684
f 2032/1686/5685 2033/1687/5685 2048/1702/5685
f 2034/1689/5686 2049/1704/5686 2048/1702/5686
f 2035/1703/5687 2050/1718/5687 2049/1704/5687
f 2036/1691/5688 2037/1690/5688 2052/1705/5688
f 2037/1690/5689 2038/1692/5689 2053/1707/5689
f 2038/1692/5690 2039/1693/5690 2054/1708/5690
f 2039/1693/5691 2040/1694/5691 2055/1709/5691
f 2040/1694/5692 2041/1695/5692 2056/1710/5692
f 2041/1695/5693 2042/1696/5693 2057/1711/5693
f 2042/1696/5694 2043/1698/5694 2058/1712/5694
f 2043/1698/5695 2044/1697/5695 2059/1713/5695
f 2044/1697/5696 2045/1699/5696 2060/1714/5696
f 2045/1699/5697 2046/1700/5697 2061/1715/5697
f 2046/1700/5698 2047/1701/5698 2062/1716/5698
f 2048/1702/5699 2063/1717/5699 2062/1716/5699
f 2049/1704/5700 2064/1719/5700 2063/1717/5700
f 2050/1718/5701 2065/1733/5701 2064/1719/5701
f 2051/1706/5702 2052/1705/5702 2067/1720/5702
f 2052/1705/5703 2053/1707/5703 2068/1722/5703
f 2053/1707/5704 2054/1708/5704 2069/1723/5704
f 2054/1708/5705 2055/1709/5705 2070/1724/5705
f 2055/1709/5706 2056/1710/5706 2071/1725/5706
f 2056/1710/5707 2057/1711/5707 2072/1726/5707
f 2057/1711/5708 2058/1712/5708 2073/1727/5708
f 2058/1712/5709 2059/1713/5709 2074/1728/5709
f 2060/1714/5710 2075/1729/5710 2074/1728/5710
f 2061/1715/5711 2076/1730/5711 2075/1729/5711
f 2062/1716/5712 2077/1731/5712 2076/1730/5712
f 2063/1717/5713 2078/1732/5713 2077/1731/5713
f 2064/1719/5714 2079/1734/5714 2078/1732/5714
f 2065/1733/5715 2080/1748/5715 2079/1734/5715
f 2066/1721/5716 2067/1720/5716 2082/1735/5716
f 2067/1720/5717 2068/1722/5717 2083/1737/5717
f 2068/1722/5718 2069/1723/5718 2084/1738/5718
f 2069/1723/5719 2070/1724/5719 2085/1739/5719
f 2070/1724/5720 2071/1725/5720 2086/1740/5720
f 2071/1725/5721 2072/1726/5721 2087/1741/5721
f 2072/1726/5722 2073/1727/5722 2088/1742/5722
f 2073/1727/5723 2074/1728/5723 2089/1743/5723
f 2075/1729/5724 2090/1744/5724 2089/1743/5724
f 2076/1730/5725 2091/1745/5725 2090/1744/5725
f 2077/1731/5726 2092/1746/5726 2091/1745/5726
f 2078/1732/5727 2093/1747/5727 2092/1746/5727
f 2079/1734/5728 2094/1749/5728 2093/1747/5728
f 2080/1748/5729 2095/1763/5729 2094/1749/5729
f 2081/1736/5730 2082/1735/5730 2097/1750/5730
f 2082/1735/5731 2083/1737/5731 2098/1752/5731
f 2083/1737/5732 2084/1738/5732 2099/1753/5732
f 2084/1738/5733 2085/1739/5733 2100/1754/5733
f 2085/1739/5734 2086/1740/5734 2101/1755/5734
f 2086/1740/5735 2087/1741/5735 2102/1756/5735
f 2087/1741/5736 2088/1742/5736 2103/1757/5736
f 2088/1742/5737 2089/1743/5737 2104/1758/5737
f 2090/1744/5738 2105/1759/5738 2104/1758/5738
f 2091/1745/5739 2106/1760/5739 2105/1759/5739
f 2092/1746/5740 2107/1761/5740 2106/1760/5740
f 2093/1747/5741 2108/1762/5741 2107/1761/5741
f 2094/1749/5742 2109/1764/5742 2108/1762/5742
f 2095/1763/5743 2110/1778/5743 2109/1764/5743
f 2096/1751/5744 2097/1750/5744 2112/1765/5744
f 2097/1750/5745 2098/1752/5745 2113/1767/5745
f 2098/1752/5746 2099/1753/5746 2114/1768/5746
f 2099/1753/5747 2100/1754/5747 2115/1769/5747
f 2100/1754/5748 2101/1755/5748 2116/1770/5748
f 2101/1755/5749 2102/1756/5749 2117/1771/5749
f 2102/1756/5750 2103/1757/5750 2118/1772/5750
f 2103/1757/5751 2104/1758/5751 2119/1773/5751
f 2104/1758/5752 2105/1759/5752 2120/1774/5752
f 2106/1760/5753 2121/1775/5753 2120/1774/5753
f 2107/1761/5754 2122/1776/5754 2121/1775/5754
f 2108/1762/5755 2123/1777/5755 2122/1776/5755
f 2109/1764/5756 2124/1779/5756 2123/1777/5756
f 2110/1778/5757 2125/1793/5757 2124/1779/5757
f 2111/1766/5758 2112/1765/5758 2127/1780/5758
f 2112/1765/5759 2113/1767/5759 2128/1782/5759
f 2113/1767/5760 2114/1768/5760 2129/1783/5760
f 2114/1768/5761 2115/1769/5761 2130/1784/5761
f 2115/1769/5762 2116/1770/5762 2131/1785/5762
f 2116/1770/5763 2117/1771/5763 2132/1786/5763
f 2117/1771/5764 2118/1772/5764 2133/1787/5764
f 2118/1772/5765 2119/1773/5765 2134/1788/5765
f 2119/1773/5766 2120/1774/5766 2135/1789/5766
f 2121/1775/5767 2136/1790/5767 2135/1789/5767
f 2122/1776/5768 2137/1791/5768 2136/1790/5768
f 2123/1777/5769 2138/1792/5769 2137/1791/5769
f 2124/1779/5770 2139/1794/5770 2138/1792/5770
f 2125/1793/5771 2140/1808/5771 2139/1794/5771
f 2126/1781/5772 2127/1780/5772 2142/1795/5772
f 2127/1780/5773 2128/1782/5773 2143/1797/5773
f 2128/1782/5774 2129/1783/5774 2144/1798/5774
f 2129/1783/5775 2130/1784/5775 2145/1799/5775
f 2130/1784/5776 2131/1785/5776 2146/1800/5776
f 2131/1785/5777 2132/1786/5777 2147/1801/5777
f 2132/1786/5778 2133/1787/5778 2148/1802/5778
f 2133/1787/5779 2134/1788/5779 2149/1803/5779
f 2134/1788/5780 2135/1789/5780 2150/1804/5780
f 2135/1789/5781 2136/1790/5781 2151/1805/5781
f 2137/1791/5782 2152/1806/5782 2151/1805/5782
f 2138/1792/5783 2153/1807/5783 2152/1806/5783
f 2139/1794/5784 2154/1809/5784 2153/1807/5784
f 2140/1808/5785 2155/1823/5785 2154/1809/5785
f 2141/1796/5786 2142/1795/5786 2157/1810/5786
f 2142/1795/5787 2143/1797/5787 2158/1812/5787
f 2143/1797/5788 2144/1798/5788 2159/1813/5788
f 2144/1798/5789 2145/1799/5789 2160/1814/5789
f 2145/1799/5790 2146/1800/5790 2161/1815/5790
f 2146/1800/5791 2147/1801/5791 2162/1816/5791
f 2147/1801/5792 2148/1802/5792 2163/1817/5792
f 2148/1802/5793 2149/1803/5793 2164/1818/5793
f 2149/1803/5794 2150/1804/5794 2165/1819/5794
f 2150/1804/5795 2151/1805/5795 2166/1820/5795
f 2152/1806/5796 2167/1821/5796 2166/1820/5796
f 2153/1807/5797 2168/1822/5797 2167/1821/5797
f 2154/1809/5798 2169/1824/5798 2168/1822/5798
f 2155/1823/5799 2170/1838/5799 2169/1824/5799
f 2156/1811/5800 2157/1810/5800 2172/1825/5800
f 2157/1810/5801 2158/1812/5801 2173/1827/5801
f 2158/1812/5802 2159/1813/5802 2174/1828/5802
f 2159/1813/5803 2160/1814/5803 2175/1829/5803
f 2160/1814/5804 2161/1815/5804 2176/1830/5804
f 2161/1815/5805 2162/1816/5805 2177/1831/5805
f 2162/1816/5806 2163/1817/5806 2178/1832/5806
f 2163/1817/5807 2164/1818/5807 2179/1833/5807
f 2164/1818/5808 2165/1819/5808 2180/1834/5808
f 2165/1819/5809 2166/1820/5809 2181/1835/5809
f 2166/1820/5810 2167/1821/5810 2182/1836/5810
f 2168/1822/5811 2183/1837/5811 2182/1836/5811
f 2169/1824/5812 2184/1839/5812 2183/1837/5812
f 2170/1838/5813 2185/1853/5813 2184/1839/5813
f 2172/1825/5814 2187/1841/5814 2186/1840/5814
f 2173/1827/5815 2188/1843/5815 2187/1841/5815
f 2173/1827/5816 2174/1828/5816 2189/1842/5816
f 2174/1828/5817 2175/1829/5817 2190/1844/5817
f 2175/1829/5818 2176/1830/5818 2191/1845/5818
f 2176/1830/5819 2177/1831/5819 2192/1846/5819
f 2177/1831/5820 2178/1832/5820 2193/1847/5820
f 2178/1832/5821 2179/1833/5821 2194/1848/5821
f 2179/1833/5822 2180/1834/5822 2195/1849/5822
f 2180/1834/5823 2181/1835/5823 2196/1850/5823
f 2181/1835/5824 2182/1836/5824 2197/1851/5824
f 2183/1837/5825 2198/1852/5825 2197/1851/5825
f 2184/1839/5826 2199/1854/5826 2198/1852/5826
f 2185/1853/5827 2200/1886/5827 2199/1854/5827
f 15/1855/5828 235/1856/5828 1976/1631/5828
f 235/1856/5829 234/1857/5829 1977/1635/5829
f 234/1857/5830 233/1858/5830 1978/1634/5830
f 233/1858/5831 232/1859/5831 1979/1636/5831
f 232/1859/5832 231/1860/5832 1980/1638/5832
f 231/1860/5833 230/1862/5833 1981/1640/5833
f 229/1861/5834 1982/1642/5834 1981/1640/5834
f 228/1863/5835 1983/1644/5835 1982/1642/5835
f 227/1864/5836 1984/1646/5836 1983/1644/5836
f 226/1865/5837 1985/1648/5837 1984/1646/5837
f 225/1866/5838 1986/1650/5838 1985/1648/5838
f 224/1867/5839 1987/1652/5839 1986/1650/5839
f 223/1868/5840 1988/1654/5840 1987/1652/5840
f 222/1869/5841 1989/1656/5841 1988/1654/5841
f 221/1870/5842 1990/1658/5842 1989/1656/5842
f 14/1871/5843 476/1872/5843 1990/1658/5843
f 476/1872/5844 477/1873/5844 2005/1673/5844
f 477/1873/5845 478/1874/5845 2020/1688/5845
f 478/1874/5846 479/1875/5846 2035/1703/5846
f 479/1875/5847 480/1876/5847 2050/1718/5847
f 480/1876/5848 481/1877/5848 2065/1733/5848
f 481/1877/5849 482/1878/5849 2080/1748/5849
f 482/1878/5850 483/1879/5850 2095/1763/5850
f 483/1879/5851 484/1880/5851 2110/1778/5851
f 484/1880/5852 485/1881/5852 2125/1793/5852
f 485/1881/5853 486/1882/5853 2140/1808/5853
f 486/1882/5854 487/1883/5854 2155/1823/5854
f 487/1883/5855 488/1884/5855 2170/1838/5855
f 488/1884/5856 489/1885/5856 2185/1853/5856
f 489/1885/5857 490/2158/5857 2200/1886/5857
f 2200/1886/5858 490/2158/5858 19/1887/5858
f 2200/1886/5859 295/527/5859 294/526/5859
f 2199/1854/5860 294/526/5860 293/524/5860
f 2198/1852/5861 293/524/5861 292/525/5861
f 2196/1850/5862 2197/1851/5862 292/525/5862
f 2195/1849/5863 2196/1850/5863 291/523/5863
f 2194/1848/5864 2195/1849/5864 290/522/5864
f 2193/1847/5865 2194/1848/5865 289/521/5865
f 2192/1846/5866 2193/1847/5866 288/520/5866
f 2191/1845/5867 2192/1846/5867 287/519/5867
f 2190/1844/5868 2191/1845/5868 286/518/5868
f 2189/1842/5869 2190/1844/5869 285/517/5869
f 2189/1842/5870 284/516/5870 283/515/5870
f 2188/1843/5871 283/515/5871 282/514/5871
f 2187/1841/5872 282/514/5872 281/513/5872
f 2186/1840/5873 281/513/5873 18/242/5873
f 474/1627/5874 2171/1826/5874 2186/1840/5874
f 473/1626/5875 2156/1811/5875 2171/1826/5875
f 472/1625/5876 2141/1796/5876 2156/1811/5876
f 471/1624/5877 2126/1781/5877 2141/1796/5877
f 470/1623/5878 2111/1766/5878 2126/1781/5878
f 469/1622/5879 2096/1751/5879 2111/1766/5879
f 468/1621/5880 2081/1736/5880 2096/1751/5880
f 467/1620/5881 2066/1721/5881 2081/1736/5881
f 466/1619/5882 2051/1706/5882 2066/1721/5882
f 465/1618/5883 2036/1691/5883 2051/1706/5883
f 464/1617/5884 2021/1675/5884 2036/1691/5884
f 463/1616/5885 2006/1660/5885 2021/1675/5885
f 462/1615/5886 1991/1633/5886 2006/1660/5886
f 461/1614/5887 1976/1631/5887 1991/1633/5887
f 2202/1888/5888 2217/1892/5888 2216/1889/5888
f 2203/1891/5889 2218/1894/5889 2217/1892/5889
f 2204/1893/5890 2219/1896/5890 2218/1894/5890
f 2205/1895/5891 2220/1898/5891 2219/1896/5891
f 2206/1897/5892 2221/1900/5892 2220/1898/5892
f 2207/1899/5893 2222/1902/5893 2221/1900/5893
f 2208/1901/5894 2223/1904/5894 2222/1902/5894
f 2209/1903/5895 2224/1906/5895 2223/1904/5895
f 2210/1905/5896 2225/1908/5896 2224/1906/5896
f 2210/1905/5897 2211/1909/5897 2226/1907/5897
f 2211/1909/5898 2212/1911/5898 2227/1910/5898
f 2212/1911/5899 2213/1913/5899 2228/1912/5899
f 2213/1913/5900 2214/1915/5900 2229/1914/5900
f 2214/1915/5901 2215/2125/5901 2230/1916/5901
f 2217/1892/5902 2232/1918/5902 2231/1917/5902
f 2218/1894/5903 2233/1919/5903 2232/1918/5903
f 2219/1896/5904 2234/1920/5904 2233/1919/5904
f 2220/1898/5905 2235/1921/5905 2234/1920/5905
f 2221/1900/5906 2236/1922/5906 2235/1921/5906
f 2222/1902/5907 2237/1923/5907 2236/1922/5907
f 2223/1904/5908 2238/1924/5908 2237/1923/5908
f 2224/1906/5909 2239/1926/5909 2238/1924/5909
f 2224/1906/5910 2225/1908/5910 2240/1925/5910
f 2225/1908/5911 2226/1907/5911 2241/1927/5911
f 2226/1907/5912 2227/1910/5912 2242/1928/5912
f 2227/1910/5913 2228/1912/5913 2243/1929/5913
f 2228/1912/5914 2229/1914/5914 2244/1930/5914
f 2229/1914/5915 2230/1916/5915 2245/1931/5915
f 2232/1918/5916 2247/1933/5916 2246/1932/5916
f 2233/1919/5917 2248/1934/5917 2247/1933/5917
f 2234/1920/5918 2249/1935/5918 2248/1934/5918
f 2235/1921/5919 2250/1936/5919 2249/1935/5919
f 2236/1922/5920 2251/1937/5920 2250/1936/5920
f 2237/1923/5921 2252/1938/5921 2251/1937/5921
f 2238/1924/5922 2253/1940/5922 2252/1938/5922
f 2238/1924/5923 2239/1926/5923 2254/1939/5923
f 2239/1926/5924 2240/1925/5924 2255/1941/5924
f 2240/1925/5925 2241/1927/5925 2256/1942/5925
f 2241/1927/5926 2242/1928/5926 2257/1943/5926
f 2242/1928/5927 2243/1929/5927 2258/1944/5927
f 2243/1929/5928 2244/1930/5928 2259/1945/5928
f 2244/1930/5929 2245/1931/5929 2260/1946/5929
f 2247/1933/5930 2262/1948/5930 2261/1947/5930
f 2248/1934/5931 2263/1949/5931 2262/1948/5931
f 2249/1935/5932 2264/1950/5932 2263/1949/5932
f 2250/1936/5933 2265/1951/5933 2264/1950/5933
f 2251/1937/5934 2266/1952/5934 2265/1951/5934
f 2252/1938/5935 2267/1953/5935 2266/1952/5935
f 2253/1940/5936 2268/1955/5936 2267/1953/5936
f 2253/1940/5937 2254/1939/5937 2269/1954/5937
f 2254/1939/5938 2255/1941/5938 2270/1956/5938
f 2255/1941/5939 2256/1942/5939 2271/1957/5939
f 2256/1942/5940 2257/1943/5940 2272/1958/5940
f 2257/1943/5941 2258/1944/5941 2273/1959/5941
f 2258/1944/5942 2259/1945/5942 2274/1960/5942
f 2259/1945/5943 2260/1946/5943 2275/1961/5943
f 2262/1948/5944 2277/1963/5944 2276/1962/5944
f 2263/1949/5945 2278/1964/5945 2277/1963/5945
f 2264/1950/5946 2279/1965/5946 2278/1964/5946
f 2265/1951/5947 2280/1966/5947 2279/1965/5947
f 2266/1952/5948 2281/1967/5948 2280/1966/5948
f 2267/1953/5949 2282/1968/5949 2281/1967/5949
f 2268/1955/5950 2283/1970/5950 2282/1968/5950
f 2268/1955/5951 2269/1954/5951 2284/1969/5951
f 2269/1954/5952 2270/1956/5952 2285/1971/5952
f 2270/1956/5953 2271/1957/5953 2286/1972/5953
f 2271/1957/5954 2272/1958/5954 2287/1973/5954
f 2272/1958/5955 2273/1959/5955 2288/1974/5955
f 2273/1959/5956 2274/1960/5956 2289/1975/5956
f 2274/1960/5957 2275/1961/5957 2290/1976/5957
f 2277/1963/5958 2292/1978/5958 2291/1977/5958
f 2278/1964/5959 2293/1979/5959 2292/1978/5959
f 2279/1965/5960 2294/1980/5960 2293/1979/5960
f 2280/1966/5961 2295/1981/5961 2294/1980/5961
f 2281/1967/5962 2296/1982/5962 2295/1981/5962
f 2282/1968/5963 2297/1984/5963 2296/1982/5963
f 2282/1968/5964 2283/1970/5964 2298/1983/5964
f 2283/1970/5965 2284/1969/5965 2299/1985/5965
f 2284/1969/5966 2285/1971/5966 2300/1986/5966
f 2285/1971/5967 2286/1972/5967 2301/1987/5967
f 2286/1972/5968 2287/1973/5968 2302/1988/5968
f 2287/1973/5969 2288/1974/5969 2303/1989/5969
f 2288/1974/5970 2289/1975/5970 2304/1990/5970
f 2289/1975/5971 2290/1976/5971 2305/1991/5971
f 2292/1978/5972 2307/1993/5972 2306/1992/5972
f 2293/1979/5973 2308/1994/5973 2307/1993/5973
f 2294/1980/5974 2309/1995/5974 2308/1994/5974
f 2295/1981/5975 2310/1996/5975 2309/1995/5975
f 2296/1982/5976 2311/1997/5976 2310/1996/5976
f 2297/1984/5977 2312/1999/5977 2311/1997/5977
f 2297/1984/5978 2298/1983/5978 2313/1998/5978
f 2298/1983/5979 2299/1985/5979 2314/2000/5979
f 2299/1985/5980 2300/1986/5980 2315/2001/5980
f 2300/1986/5981 2301/1987/5981 2316/2002/5981
f 2301/1987/5982 2302/1988/5982 2317/2003/5982
f 2302/1988/5983 2303/1989/5983 2318/2004/5983
f 2303/1989/5984 2304/1990/5984 2319/2005/5984
f 2304/1990/5985 2305/1991/5985 2320/2006/5985
f 2307/1993/5986 2322/2008/5986 2321/2007/5986
f 2308/1994/5987 2323/2009/5987 2322/2008/5987
f 2309/1995/5988 2324/2010/5988 2323/2009/5988
f 2310/1996/5989 2325/2011/5989 2324/2010/5989
f 2311/1997/5990 2326/2012/5990 2325/2011/5990
f 2312/1999/5991 2327/2014/5991 2326/2012/5991
f 2312/1999/5992 2313/1998/5992 2328/2013/5992
f 2313/1998/5993 2314/2000/5993 2329/2015/5993
f 2314/2000/5994 2315/2001/5994 2330/2016/5994
f 2315/2001/5995 2316/2002/5995 2331/2017/5995
f 2316/2002/5996 2317/2003/5996 2332/2018/5996
f 2317/2003/5997 2318/2004/5997 2333/2019/5997
f 2318/2004/5998 2319/2005/5998 2334/2020/5998
f 2319/2005/5999 2320/2006/5999 2335/2021/5999
f 2322/2008/6000 2337/2023/6000 2336/2022/6000
f 2323/2009/6001 2338/2024/6001 2337/2023/6001
f 2324/2010/6002 2339/2025/6002 2338/2024/6002
f 2325/2011/6003 2340/2027/6003 2339/2025/6003
f 2325/2011/6004 2326/2012/6004 2341/2026/6004
f 2326/2012/6005 2327/2014/6005 2342/2028/6005
f 2327/2014/6006 2328/2013/6006 2343/2029/6006
f 2328/2013/6007 2329/2015/6007 2344/2030/6007
f 2329/2015/6008 2330/2016/6008 2345/2031/6008
f 2330/2016/6009 2331/2017/6009 2346/2032/6009
f 2331/2017/6010 2332/2018/6010 2347/2033/6010
f 2332/2018/6011 2333/2019/6011 2348/2034/6011
f 2333/2019/6012 2334/2020/6012 2349/2035/6012
f 2334/2020/6013 2335/2021/6013 2350/2036/6013
f 2337/2023/6014 2352/2038/6014 2351/2037/6014
f 2338/2024/6015 2353/2039/6015 2352/2038/6015
f 2339/2025/6016 2354/2040/6016 2353/2039/6016
f 2340/2027/6017 2355/2042/6017 2354/2040/6017
f 2340/2027/6018 2341/2026/6018 2356/2041/6018
f 2341/2026/6019 2342/2028/6019 2357/2043/6019
f 2342/2028/6020 2343/2029/6020 2358/2044/6020
f 2343/2029/6021 2344/2030/6021 2359/2045/6021
f 2344/2030/6022 2345/2031/6022 2360/2046/6022
f 2345/2031/6023 2346/2032/6023 2361/2047/6023
f 2346/2032/6024 2347/2033/6024 2362/2048/6024
f 2347/2033/6025 2348/2034/6025 2363/2049/6025
f 2348/2034/6026 2349/2035/6026 2364/2050/6026
f 2349/2035/6027 2350/2036/6027 2365/2051/6027
f 2352/2038/6028 2367/2053/6028 2366/2052/6028
f 2353/2039/6029 2368/2054/6029 2367/2053/6029
f 2354/2040/6030 2369/2056/6030 2368/2054/6030
f 2354/2040/6031 2355/2042/6031 2370/2055/6031
f 2355/2042/6032 2356/2041/6032 2371/2057/6032
f 2356/2041/6033 2357/2043/6033 2372/2058/6033
f 2357/2043/6034 2358/2044/6034 2373/2059/6034
f 2358/2044/6035 2359/2045/6035 2374/2060/6035
f 2359/2045/6036 2360/2046/6036 2375/2061/6036
f 2360/2046/6037 2361/2047/6037 2376/2062/6037
f 2361/2047/6038 2362/2048/6038 2377/2063/6038
f 2362/2048/6039 2363/2049/6039 2378/2064/6039
f 2363/2049/6040 2364/2050/6040 2379/2065/6040
f 2364/2050/6041 2365/2051/6041 2380/2066/6041
f 2367/2053/6042 2382/2068/6042 2381/2067/6042
f 2368/2054/6043 2383/2069/6043 2382/2068/6043
f 2369/2056/6044 2384/2071/6044 2383/2069/6044
f 2369/2056/6045 2370/2055/6045 2385/2070/6045
f 2370/2055/6046 2371/2057/6046 2386/2072/6046
f 2371/2057/6047 2372/2058/6047 2387/2073/6047
f 2372/2058/6048 2373/2059/6048 2388/2074/6048
f 2373/2059/6049 2374/2060/6049 2389/2075/6049
f 2374/2060/6050 2375/2061/6050 2390/2076/6050
f 2375/2061/6051 2376/2062/6051 2391/2077/6051
f 2376/2062/6052 2377/2063/6052 2392/2078/6052
f 2377/2063/6053 2378/2064/6053 2393/2079/6053
f 2378/2064/6054 2379/2065/6054 2394/2080/6054
f 2379/2065/6055 2380/2066/6055 2395/2081/6055
f 2382/2068/6056 2397/2083/6056 2396/2082/6056
f 2383/2069/6057 2398/2084/6057 2397/2083/6057
f 2384/2071/6058 2399/2086/6058 2398/2084/6058
f 2384/2071/6059 2385/2070/6059 2400/2085/6059
f 2385/2070/6060 2386/2072/6060 2401/2087/6060
f 2386/2072/6061 2387/2073/6061 2402/2088/6061
f 2387/2073/6062 2388/2074/6062 2403/2089/6062
f 2388/2074/6063 2389/2075/6063 2404/2090/6063
f 2389/2075/6064 2390/2076/6064 2405/2091/6064
f 2390/2076/6065 2391/2077/6065 2406/2092/6065
f 2391/2077/6066 2392/2078/6066 2407/2093/6066
f 2392/2078/6067 2393/2079/6067 2408/2094/6067
f 2393/2079/6068 2394/2080/6068 2409/2095/6068
f 2395/2081/6069 2410/2109/6069 2409/2095/6069
f 2397/2083/6070 2412/2098/6070 2411/2096/6070
f 2397/2083/6071 2398/2084/6071 2413/2097/6071
f 2398/2084/6072 2399/2086/6072 2414/2099/6072
f 2399/2086/6073 2400/2085/6073 2415/2100/6073
f 2400/2085/6074 2401/2087/6074 2416/2101/6074
f 2401/2087/6075 2402/2088/6075 2417/2102/6075
f 2402/2088/6076 2403/2089/6076 2418/2103/6076
f 2403/2089/6077 2404/2090/6077 2419/2104/6077
f 2404/2090/6078 2405/2091/6078 2420/2105/6078
f 2405/2091/6079 2406/2092/6079 2421/2106/6079
f 2406/2092/6080 2407/2093/6080 2422/2107/6080
f 2407/2093/6081 2408/2094/6081 2423/2108/6081
f 2409/2095/6082 2424/2110/6082 2423/2108/6082
f 2410/2109/6083 2425/2141/6083 2424/2110/6083
f 220/2111/6084 2201/1890/6084 476/1872/6084
f 219/2112/6085 2202/1888/6085 2201/1890/6085
f 218/2113/6086 2203/1891/6086 2202/1888/6086
f 217/2114/6087 2204/1893/6087 2203/1891/6087
f 216/2115/6088 2205/1895/6088 2204/1893/6088
f 215/2116/6089 2206/1897/6089 2205/1895/6089
f 214/2117/6090 2207/1899/6090 2206/1897/6090
f 213/2118/6091 2208/1901/6091 2207/1899/6091
f 212/2119/6092 2209/1903/6092 2208/1901/6092
f 212/2119/6093 211/2120/6093 2210/1905/6093
f 211/2120/6094 210/2121/6094 2211/1909/6094
f 210/2121/6095 209/2122/6095 2212/1911/6095
f 209/2122/6096 208/2123/6096 2213/1913/6096
f 208/2123/6097 207/2124/6097 2214/1915/6097
f 207/2124/6098 206/2126/6098 2215/2125/6098
f 206/2126/6099 3/4223/6099 205/2127/6099
f 2215/2125/6100 205/2127/6100 204/2128/6100
f 2230/1916/6101 204/2128/6101 203/2129/6101
f 2245/1931/6102 203/2129/6102 202/2130/6102
f 2260/1946/6103 202/2130/6103 201/2131/6103
f 2275/1961/6104 201/2131/6104 200/2132/6104
f 2290/1976/6105 200/2132/6105 199/2133/6105
f 2305/1991/6106 199/2133/6106 198/2134/6106
f 2320/2006/6107 198/2134/6107 197/2135/6107
f 2335/2021/6108 197/2135/6108 196/2136/6108
f 196/2136/6109 195/2137/6109 2365/2051/6109
f 195/2137/6110 194/2138/6110 2380/2066/6110
f 194/2138/6111 193/2139/6111 2395/2081/6111
f 193/2139/6112 192/2140/6112 2410/2109/6112
f 192/2140/6113 191/2142/6113 2425/2141/6113
f 191/2142/6114 13/2383/6114 491/2143/6114
f 2425/2141/6115 491/2143/6115 492/2144/6115
f 2424/2110/6116 492/2144/6116 493/2145/6116
f 2423/2108/6117 493/2145/6117 494/2146/6117
f 2422/2107/6118 494/2146/6118 495/2147/6118
f 2420/2105/6119 2421/2106/6119 495/2147/6119
f 2419/2104/6120 2420/2105/6120 496/2148/6120
f 2419/2104/6121 497/2149/6121 498/2150/6121
f 2418/2103/6122 498/2150/6122 499/2151/6122
f 2417/2102/6123 499/2151/6123 500/2152/6123
f 2416/2101/6124 500/2152/6124 501/2153/6124
f 2415/2100/6125 501/2153/6125 502/2154/6125
f 2413/2097/6126 2414/2099/6126 502/2154/6126
f 2412/2098/6127 2413/2097/6127 503/2155/6127
f 2411/2096/6128 2412/2098/6128 504/2156/6128
f 490/2158/6129 2411/2096/6129 505/2157/6129
f 489/1885/6130 2396/2082/6130 2411/2096/6130
f 2381/2067/6131 2396/2082/6131 489/1885/6131
f 2366/2052/6132 2381/2067/6132 488/1884/6132
f 2351/2037/6133 2366/2052/6133 487/1883/6133
f 2336/2022/6134 2351/2037/6134 486/1882/6134
f 2321/2007/6135 2336/2022/6135 485/1881/6135
f 2306/1992/6136 2321/2007/6136 484/1880/6136
f 2291/1977/6137 2306/1992/6137 483/1879/6137
f 2276/1962/6138 2291/1977/6138 482/1878/6138
f 2261/1947/6139 2276/1962/6139 481/1877/6139
f 2246/1932/6140 2261/1947/6140 480/1876/6140
f 2231/1917/6141 2246/1932/6141 479/1875/6141
f 2216/1889/6142 2231/1917/6142 478/1874/6142
f 2201/1890/6143 2216/1889/6143 477/1873/6143
f 2426/2159/6144 2427/2162/6144 2442/2160/6144
f 2427/2162/6145 2428/2164/6145 2443/2163/6145
f 2428/2164/6146 2429/2167/6146 2444/2165/6146
f 2430/2166/6147 2445/2169/6147 2444/2165/6147
f 2431/2168/6148 2446/2171/6148 2445/2169/6148
f 2432/2170/6149 2447/2173/6149 2446/2171/6149
f 2433/2172/6150 2448/2175/6150 2447/2173/6150
f 2434/2174/6151 2449/2177/6151 2448/2175/6151
f 2435/2176/6152 2450/2179/6152 2449/2177/6152
f 2436/2178/6153 2451/2181/6153 2450/2179/6153
f 2437/2180/6154 2452/2183/6154 2451/2181/6154
f 2438/2182/6155 2453/2185/6155 2452/2183/6155
f 2439/2184/6156 2454/2187/6156 2453/2185/6156
f 2440/2186/6157 2455/2201/6157 2454/2187/6157
f 2441/2161/6158 2442/2160/6158 2457/2188/6158
f 2442/2160/6159 2443/2163/6159 2458/2190/6159
f 2443/2163/6160 2444/2165/6160 2459/2191/6160
f 2444/2165/6161 2445/2169/6161 2460/2192/6161
f 2446/2171/6162 2461/2193/6162 2460/2192/6162
f 2447/2173/6163 2462/2194/6163 2461/2193/6163
f 2448/2175/6164 2463/2195/6164 2462/2194/6164
f 2449/2177/6165 2464/2196/6165 2463/2195/6165
f 2450/2179/6166 2465/2197/6166 2464/2196/6166
f 2451/2181/6167 2466/2198/6167 2465/2197/6167
f 2452/2183/6168 2467/2199/6168 2466/2198/6168
f 2453/2185/6169 2468/2200/6169 2467/2199/6169
f 2454/2187/6170 2469/2202/6170 2468/2200/6170
f 2455/2201/6171 2470/2386/6171 2469/2202/6171
f 2456/2189/6172 2457/2188/6172 2472/2203/6172
f 2457/2188/6173 2458/2190/6173 2473/2205/6173
f 2458/2190/6174 2459/2191/6174 2474/2206/6174
f 2459/2191/6175 2460/2192/6175 2475/2207/6175
f 2460/2192/6176 2461/2193/6176 2476/2208/6176
f 2462/2194/6177 2477/2209/6177 2476/2208/6177
f 2463/2195/6178 2478/2210/6178 2477/2209/6178
f 2464/2196/6179 2479/2211/6179 2478/2210/6179
f 2465/2197/6180 2480/2212/6180 2479/2211/6180
f 2466/2198/6181 2481/2213/6181 2480/2212/6181
f 2467/2199/6182 2482/2214/6182 2481/2213/6182
f 2468/2200/6183 2483/2215/6183 2482/2214/6183
f 2469/2202/6184 2484/2217/6184 2483/2215/6184
f 2469/2202/6185 2470/2386/6185 2485/2216/6185
f 2471/2204/6186 2472/2203/6186 2487/2218/6186
f 2472/2203/6187 2473/2205/6187 2488/2220/6187
f 2473/2205/6188 2474/2206/6188 2489/2221/6188
f 2474/2206/6189 2475/2207/6189 2490/2222/6189
f 2475/2207/6190 2476/2208/6190 2491/2223/6190
f 2477/2209/6191 2492/2225/6191 2491/2223/6191
f 2477/2209/6192 2478/2210/6192 2493/2224/6192
f 2478/2210/6193 2479/2211/6193 2494/2226/6193
f 2479/2211/6194 2480/2212/6194 2495/2227/6194
f 2480/2212/6195 2481/2213/6195 2496/2228/6195
f 2481/2213/6196 2482/2214/6196 2497/2229/6196
f 2482/2214/6197 2483/2215/6197 2498/2230/6197
f 2483/2215/6198 2484/2217/6198 2499/2231/6198
f 2484/2217/6199 2485/2216/6199 2500/2232/6199
f 2486/2219/6200 2487/2218/6200 2502/2233/6200
f 2487/2218/6201 2488/2220/6201 2503/2235/6201
f 2488/2220/6202 2489/2221/6202 2504/2236/6202
f 2489/2221/6203 2490/2222/6203 2505/2237/6203
f 2490/2222/6204 2491/2223/6204 2506/2238/6204
f 2491/2223/6205 2492/2225/6205 2507/2239/6205
f 2492/2225/6206 2493/2224/6206 2508/2240/6206
f 2493/2224/6207 2494/2226/6207 2509/2241/6207
f 2494/2226/6208 2495/2227/6208 2510/2242/6208
f 2495/2227/6209 2496/2228/6209 2511/2243/6209
f 2496/2228/6210 2497/2229/6210 2512/2244/6210
f 2497/2229/6211 2498/2230/6211 2513/2245/6211
f 2498/2230/6212 2499/2231/6212 2514/2246/6212
f 2499/2231/6213 2500/2232/6213 2515/2247/6213
f 2501/2234/6214 2502/2233/6214 2517/2248/6214
f 2502/2233/6215 2503/2235/6215 2518/2250/6215
f 2503/2235/6216 2504/2236/6216 2519/2251/6216
f 2504/2236/6217 2505/2237/6217 2520/2252/6217
f 2505/2237/6218 2506/2238/6218 2521/2253/6218
f 2506/2238/6219 2507/2239/6219 2522/2254/6219
f 2507/2239/6220 2508/2240/6220 2523/2255/6220
f 2508/2240/6221 2509/2241/6221 2524/2256/6221
f 2509/2241/6222 2510/2242/6222 2525/2257/6222
f 2510/2242/6223 2511/2243/6223 2526/2258/6223
f 2511/2243/6224 2512/2244/6224 2527/2259/6224
f 2512/2244/6225 2513/2245/6225 2528/2260/6225
f 2513/2245/6226 2514/2246/6226 2529/2261/6226
f 2514/2246/6227 2515/2247/6227 2530/2262/6227
f 2516/2249/6228 2517/2248/6228 2532/2263/6228
f 2517/2248/6229 2518/2250/6229 2533/2265/6229
f 2518/2250/6230 2519/2251/6230 2534/2266/6230
f 2519/2251/6231 2520/2252/6231 2535/2267/6231
f 2520/2252/6232 2521/2253/6232 2536/2268/6232
f 2521/2253/6233 2522/2254/6233 2537/2269/6233
f 2522/2254/6234 2523/2255/6234 2538/2270/6234
f 2523/2255/6235 2524/2256/6235 2539/2271/6235
f 2524/2256/6236 2525/2257/6236 2540/2272/6236
f 2525/2257/6237 2526/2258/6237 2541/2273/6237
f 2526/2258/6238 2527/2259/6238 2542/2274/6238
f 2527/2259/6239 2528/2260/6239 2543/2275/6239
f 2528/2260/6240 2529/2261/6240 2544/2276/6240
f 2529/2261/6241 2530/2262/6241 2545/2277/6241
f 2531/2264/6242 2532/2263/6242 2547/2278/6242
f 2532/2263/6243 2533/2265/6243 2548/2280/6243
f 2533/2265/6244 2534/2266/6244 2549/2281/6244
f 2534/2266/6245 2535/2267/6245 2550/2282/6245
f 2535/2267/6246 2536/2268/6246 2551/2283/6246
f 2536/2268/6247 2537/2269/6247 2552/2284/6247
f 2537/2269/6248 2538/2270/6248 2553/2285/6248
f 2538/2270/6249 2539/2271/6249 2554/2286/6249
f 2539/2271/6250 2540/2272/6250 2555/2287/6250
f 2540/2272/6251 2541/2273/6251 2556/2288/6251
f 2541/2273/6252 2542/2274/6252 2557/2289/6252
f 2542/2274/6253 2543/2275/6253 2558/2290/6253
f 2543/2275/6254 2544/2276/6254 2559/2291/6254
f 2544/2276/6255 2545/2277/6255 2560/2292/6255
f 2546/2279/6256 2547/2278/6256 2562/2293/6256
f 2547/2278/6257 2548/2280/6257 2563/2295/6257
f 2548/2280/6258 2549/2281/6258 2564/2296/6258
f 2549/2281/6259 2550/2282/6259 2565/2297/6259
f 2550/2282/6260 2551/2283/6260 2566/2298/6260
f 2551/2283/6261 2552/2284/6261 2567/2299/6261
f 2552/2284/6262 2553/2285/6262 2568/2300/6262
f 2553/2285/6263 2554/2286/6263 2569/2301/6263
f 2554/2286/6264 2555/2287/6264 2570/2302/6264
f 2555/2287/6265 2556/2288/6265 2571/2303/6265
f 2556/2288/6266 2557/2289/6266 2572/2304/6266
f 2557/2289/6267 2558/2290/6267 2573/2305/6267
f 2558/2290/6268 2559/2291/6268 2574/2306/6268
f 2559/2291/6269 2560/2292/6269 2575/2307/6269
f 2561/2294/6270 2562/2293/6270 2577/2308/6270
f 2562/2293/6271 2563/2295/6271 2578/2310/6271
f 2563/2295/6272 2564/2296/6272 2579/2311/6272
f 2564/2296/6273 2565/2297/6273 2580/2312/6273
f 2565/2297/6274 2566/2298/6274 2581/2313/6274
f 2566/2298/6275 2567/2299/6275 2582/2314/6275
f 2567/2299/6276 2568/2300/6276 2583/2315/6276
f 2568/2300/6277 2569/2301/6277 2584/2316/6277
f 2569/2301/6278 2570/2302/6278 2585/2317/6278
f 2570/2302/6279 2571/2303/6279 2586/2318/6279
f 2571/2303/6280 2572/2304/6280 2587/2319/6280
f 2572/2304/6281 2573/2305/6281 2588/2320/6281
f 2573/2305/6282 2574/2306/6282 2589/2321/6282
f 2574/2306/6283 2575/2307/6283 2590/2322/6283
f 2576/2309/6284 2577/2308/6284 2592/2323/6284
f 2578/2310/6285 2593/2325/6285 2592/2323/6285
f 2579/2311/6286 2594/2326/6286 2593/2325/6286
f 2580/2312/6287 2595/2328/6287 2594/2326/6287
f 2580/2312/6288 2581/2313/6288 2596/2327/6288
f 2581/2313/6289 2582/2314/6289 2597/2329/6289
f 2582/2314/6290 2583/2315/6290 2598/2330/6290
f 2583/2315/6291 2584/2316/6291 2599/2331/6291
f 2584/2316/6292 2585/2317/6292 2600/2332/6292
f 2585/2317/6293 2586/2318/6293 2601/2333/6293
f 2586/2318/6294 2587/2319/6294 2602/2334/6294
f 2587/2319/6295 2588/2320/6295 2603/2335/6295
f 2588/2320/6296 2589/2321/6296 2604/2336/6296
f 2589/2321/6297 2590/2322/6297 2605/2337/6297
f 2591/2324/6298 2592/2323/6298 2607/2338/6298
f 2593/2325/6299 2608/2340/6299 2607/2338/6299
f 2594/2326/6300 2609/2341/6300 2608/2340/6300
f 2595/2328/6301 2610/2342/6301 2609/2341/6301
f 2596/2327/6302 2611/2344/6302 2610/2342/6302
f 2596/2327/6303 2597/2329/6303 2612/2343/6303
f 2597/2329/6304 2598/2330/6304 2613/2345/6304
f 2598/2330/6305 2599/2331/6305 2614/2346/6305
f 2599/2331/6306 2600/2332/6306 2615/2347/6306
f 2600/2332/6307 2601/2333/6307 2616/2348/6307
f 2601/2333/6308 2602/2334/6308 2617/2349/6308
f 2602/2334/6309 2603/2335/6309 2618/2350/6309
f 2603/2335/6310 2604/2336/6310 2619/2351/6310
f 2604/2336/6311 2605/2337/6311 2620/2352/6311
f 2606/2339/6312 2607/2338/6312 2622/2353/6312
f 2608/2340/6313 2623/2355/6313 2622/2353/6313
f 2609/2341/6314 2624/2356/6314 2623/2355/6314
f 2610/2342/6315 2625/2357/6315 2624/2356/6315
f 2611/2344/6316 2626/2358/6316 2625/2357/6316
f 2612/2343/6317 2627/2360/6317 2626/2358/6317
f 2612/2343/6318 2613/2345/6318 2628/2359/6318
f 2613/2345/6319 2614/2346/6319 2629/2361/6319
f 2614/2346/6320 2615/2347/6320 2630/2362/6320
f 2615/2347/6321 2616/2348/6321 2631/2363/6321
f 2616/2348/6322 2617/2349/6322 2632/2364/6322
f 2617/2349/6323 2618/2350/6323 2633/2365/6323
f 2618/2350/6324 2619/2351/6324 2634/2366/6324
f 2619/2351/6325 2620/2352/6325 2635/2367/6325
f 2621/2354/6326 2622/2353/6326 2637/2368/6326
f 2622/2353/6327 2623/2355/6327 2638/2370/6327
f 2624/2356/6328 2639/2371/6328 2638/2370/6328
f 2625/2357/6329 2640/2372/6329 2639/2371/6329
f 2626/2358/6330 2641/2373/6330 2640/2372/6330
f 2627/2360/6331 2642/2374/6331 2641/2373/6331
f 2628/2359/6332 2643/2375/6332 2642/2374/6332
f 2629/2361/6333 2644/2377/6333 2643/2375/6333
f 2629/2361/6334 2630/2362/6334 2645/2376/6334
f 2630/2362/6335 2631/2363/6335 2646/2378/6335
f 2631/2363/6336 2632/2364/6336 2647/2379/6336
f 2632/2364/6337 2633/2365/6337 2648/2380/6337
f 2633/2365/6338 2634/2366/6338 2649/2381/6338
f 2634/2366/6339 2635/2367/6339 2650/2382/6339
f 19/1887/6340 505/2157/6340 2426/2159/6340
f 505/2157/6341 504/2156/6341 2427/2162/6341
f 504/2156/6342 503/2155/6342 2428/2164/6342
f 503/2155/6343 502/2154/6343 2429/2167/6343
f 501/2153/6344 2430/2166/6344 2429/2167/6344
f 500/2152/6345 2431/2168/6345 2430/2166/6345
f 499/2151/6346 2432/2170/6346 2431/2168/6346
f 498/2150/6347 2433/2172/6347 2432/2170/6347
f 497/2149/6348 2434/2174/6348 2433/2172/6348
f 496/2148/6349 2435/2176/6349 2434/2174/6349
f 495/2147/6350 2436/2178/6350 2435/2176/6350
f 494/2146/6351 2437/2180/6351 2436/2178/6351
f 493/2145/6352 2438/2182/6352 2437/2180/6352
f 492/2144/6353 2439/2184/6353 2438/2182/6353
f 491/2143/6354 2440/2186/6354 2439/2184/6354
f 13/2383/6355 190/2384/6355 2440/2186/6355
f 190/2384/6356 189/2385/6356 2455/2201/6356
f 189/2385/6357 188/4224/6357 2470/2386/6357
f 2470/2386/6358 188/4224/6358 187/2387/6358
f 2485/2216/6359 187/2387/6359 186/2388/6359
f 2500/2232/6360 186/2388/6360 185/2389/6360
f 2515/2247/6361 185/2389/6361 184/2390/6361
f 2530/2262/6362 184/2390/6362 183/2391/6362
f 2545/2277/6363 183/2391/6363 182/2392/6363
f 2560/2292/6364 182/2392/6364 181/2393/6364
f 2575/2307/6365 181/2393/6365 180/2394/6365
f 2590/2322/6366 180/2394/6366 179/2395/6366
f 2605/2337/6367 179/2395/6367 178/2396/6367
f 2620/2352/6368 178/2396/6368 177/2397/6368
f 2635/2367/6369 177/2397/6369 176/2398/6369
f 2650/2382/6370 176/2398/6370 12/2399/6370
f 2649/2381/6371 2650/2382/6371 506/2400/6371
f 2648/2380/6372 2649/2381/6372 507/2401/6372
f 2648/2380/6373 508/2402/6373 509/2403/6373
f 2647/2379/6374 509/2403/6374 510/2404/6374
f 2646/2378/6375 510/2404/6375 511/2405/6375
f 2645/2376/6376 511/2405/6376 512/2406/6376
f 2644/2377/6377 512/2406/6377 513/2407/6377
f 2643/2375/6378 513/2407/6378 514/2408/6378
f 2642/2374/6379 514/2408/6379 515/2409/6379
f 2641/2373/6380 515/2409/6380 516/2410/6380
f 2640/2372/6381 516/2410/6381 517/2411/6381
f 2638/2370/6382 2639/2371/6382 517/2411/6382
f 2637/2368/6383 2638/2370/6383 518/2412/6383
f 2636/2369/6384 2637/2368/6384 519/2413/6384
f 340/542/6385 2636/2369/6385 520/2414/6385
f 339/541/6386 2621/2354/6386 2636/2369/6386
f 338/540/6387 2606/2339/6387 2621/2354/6387
f 337/539/6388 2591/2324/6388 2606/2339/6388
f 336/538/6389 2576/2309/6389 2591/2324/6389
f 335/537/6390 2561/2294/6390 2576/2309/6390
f 334/536/6391 2546/2279/6391 2561/2294/6391
f 333/535/6392 2531/2264/6392 2546/2279/6392
f 332/534/6393 2516/2249/6393 2531/2264/6393
f 331/533/6394 2501/2234/6394 2516/2249/6394
f 330/532/6395 2486/2219/6395 2501/2234/6395
f 329/531/6396 2471/2204/6396 2486/2219/6396
f 328/530/6397 2456/2189/6397 2471/2204/6397
f 327/2415/6398 2441/2161/6398 2456/2189/6398
f 326/528/6399 2426/2159/6399 2441/2161/6399
f 2651/2416/6400 2652/2419/6400 2667/2417/6400
f 2652/2419/6401 2653/2421/6401 2668/2420/6401
f 2653/2421/6402 2654/2424/6402 2669/2422/6402
f 2655/2423/6403 2670/2426/6403 2669/2422/6403
f 2656/2425/6404 2671/2428/6404 2670/2426/6404
f 2657/2427/6405 2672/2430/6405 2671/2428/6405
f 2658/2429/6406 2673/2432/6406 2672/2430/6406
f 2659/2431/6407 2674/2434/6407 2673/2432/6407
f 2660/2433/6408 2675/2436/6408 2674/2434/6408
f 2661/2435/6409 2676/2438/6409 2675/2436/6409
f 2662/2437/6410 2677/2440/6410 2676/2438/6410
f 2663/2439/6411 2678/2442/6411 2677/2440/6411
f 2664/2441/6412 2679/2444/6412 2678/2442/6412
f 2665/2443/6413 2680/2458/6413 2679/2444/6413
f 2666/2418/6414 2667/2417/6414 2682/2445/6414
f 2667/2417/6415 2668/2420/6415 2683/2447/6415
f 2668/2420/6416 2669/2422/6416 2684/2448/6416
f 2669/2422/6417 2670/2426/6417 2685/2449/6417
f 2671/2428/6418 2686/2450/6418 2685/2449/6418
f 2672/2430/6419 2687/2451/6419 2686/2450/6419
f 2673/2432/6420 2688/2452/6420 2687/2451/6420
f 2674/2434/6421 2689/2453/6421 2688/2452/6421
f 2675/2436/6422 2690/2454/6422 2689/2453/6422
f 2676/2438/6423 2691/2455/6423 2690/2454/6423
f 2677/2440/6424 2692/2456/6424 2691/2455/6424
f 2678/2442/6425 2693/2457/6425 2692/2456/6425
f 2679/2444/6426 2694/2459/6426 2693/2457/6426
f 2680/2458/6427 2695/2473/6427 2694/2459/6427
f 2681/2446/6428 2682/2445/6428 2697/2460/6428
f 2682/2445/6429 2683/2447/6429 2698/2462/6429
f 2683/2447/6430 2684/2448/6430 2699/2463/6430
f 2684/2448/6431 2685/2449/6431 2700/2464/6431
f 2686/2450/6432 2701/2465/6432 2700/2464/6432
f 2687/2451/6433 2702/2466/6433 2701/2465/6433
f 2688/2452/6434 2703/2467/6434 2702/2466/6434
f 2689/2453/6435 2704/2468/6435 2703/2467/6435
f 2690/2454/6436 2705/2469/6436 2704/2468/6436
f 2691/2455/6437 2706/2470/6437 2705/2469/6437
f 2692/2456/6438 2707/2471/6438 2706/2470/6438
f 2693/2457/6439 2708/2472/6439 2707/2471/6439
f 2694/2459/6440 2709/2474/6440 2708/2472/6440
f 2695/2473/6441 2710/2488/6441 2709/2474/6441
f 2696/2461/6442 2697/2460/6442 2712/2475/6442
f 2697/2460/6443 2698/2462/6443 2713/2477/6443
f 2698/2462/6444 2699/2463/6444 2714/2478/6444
f 2699/2463/6445 2700/2464/6445 2715/2479/6445
f 2701/2465/6446 2716/2480/6446 2715/2479/6446
f 2702/2466/6447 2717/2481/6447 2716/2480/6447
f 2703/2467/6448 2718/2482/6448 2717/2481/6448
f 2704/2468/6449 2719/2483/6449 2718/2482/6449
f 2705/2469/6450 2720/2484/6450 2719/2483/6450
f 2706/2470/6451 2721/2485/6451 2720/2484/6451
f 2707/2471/6452 2722/2486/6452 2721/2485/6452
f 2708/2472/6453 2723/2487/6453 2722/2486/6453
f 2709/2474/6454 2724/2489/6454 2723/2487/6454
f 2710/2488/6455 2725/2503/6455 2724/2489/6455
f 2711/2476/6456 2712/2475/6456 2727/2490/6456
f 2712/2475/6457 2713/2477/6457 2728/2492/6457
f 2713/2477/6458 2714/2478/6458 2729/2493/6458
f 2714/2478/6459 2715/2479/6459 2730/2494/6459
f 2716/2480/6460 2731/2495/6460 2730/2494/6460
f 2717/2481/6461 2732/2496/6461 2731/2495/6461
f 2718/2482/6462 2733/2497/6462 2732/2496/6462
f 2719/2483/6463 2734/2498/6463 2733/2497/6463
f 2720/2484/6464 2735/2499/6464 2734/2498/6464
f 2721/2485/6465 2736/2500/6465 2735/2499/6465
f 2722/2486/6466 2737/2501/6466 2736/2500/6466
f 2723/2487/6467 2738/2502/6467 2737/2501/6467
f 2724/2489/6468 2739/2504/6468 2738/2502/6468
f 2725/2503/6469 2740/2518/6469 2739/2504/6469
f 2726/2491/6470 2727/2490/6470 2742/2505/6470
f 2727/2490/6471 2728/2492/6471 2743/2507/6471
f 2728/2492/6472 2729/2493/6472 2744/2508/6472
f 2729/2493/6473 2730/2494/6473 2745/2509/6473
f 2731/2495/6474 2746/2510/6474 2745/2509/6474
f 2732/2496/6475 2747/2511/6475 2746/2510/6475
f 2733/2497/6476 2748/2512/6476 2747/2511/6476
f 2734/2498/6477 2749/2513/6477 2748/2512/6477
f 2735/2499/6478 2750/2514/6478 2749/2513/6478
f 2736/2500/6479 2751/2515/6479 2750/2514/6479
f 2737/2501/6480 2752/2516/6480 2751/2515/6480
f 2738/2502/6481 2753/2517/6481 2752/2516/6481
f 2739/2504/6482 2754/2519/6482 2753/2517/6482
f 2740/2518/6483 2755/2533/6483 2754/2519/6483
f 2741/2506/6484 2742/2505/6484 2757/2520/6484
f 2742/2505/6485 2743/2507/6485 2758/2522/6485
f 2743/2507/6486 2744/2508/6486 2759/2523/6486
f 2744/2508/6487 2745/2509/6487 2760/2524/6487
f 2745/2509/6488 2746/2510/6488 2761/2525/6488
f 2747/2511/6489 2762/2526/6489 2761/2525/6489
f 2748/2512/6490 2763/2527/6490 2762/2526/6490
f 2749/2513/6491 2764/2528/6491 2763/2527/6491
f 2750/2514/6492 2765/2529/6492 2764/2528/6492
f 2751/2515/6493 2766/2530/6493 2765/2529/6493
f 2752/2516/6494 2767/2531/6494 2766/2530/6494
f 2753/2517/6495 2768/2532/6495 2767/2531/6495
f 2754/2519/6496 2769/2534/6496 2768/2532/6496
f 2755/2533/6497 2770/2548/6497 2769/2534/6497
f 2756/2521/6498 2757/2520/6498 2772/2535/6498
f 2757/2520/6499 2758/2522/6499 2773/2537/6499
f 2758/2522/6500 2759/2523/6500 2774/2538/6500
f 2759/2523/6501 2760/2524/6501 2775/2539/6501
f 2760/2524/6502 2761/2525/6502 2776/2540/6502
f 2762/2526/6503 2777/2541/6503 2776/2540/6503
f 2763/2527/6504 2778/2542/6504 2777/2541/6504
f 2764/2528/6505 2779/2543/6505 2778/2542/6505
f 2765/2529/6506 2780/2544/6506 2779/2543/6506
f 2766/2530/6507 2781/2545/6507 2780/2544/6507
f 2767/2531/6508 2782/2546/6508 2781/2545/6508
f 2768/2532/6509 2783/2547/6509 2782/2546/6509
f 2769/2534/6510 2784/2549/6510 2783/2547/6510
f 2770/2548/6511 2785/2563/6511 2784/2549/6511
f 2771/2536/6512 2772/2535/6512 2787/2550/6512
f 2772/2535/6513 2773/2537/6513 2788/2552/6513
f 2773/2537/6514 2774/2538/6514 2789/2553/6514
f 2774/2538/6515 2775/2539/6515 2790/2554/6515
f 2776/2540/6516 2791/2555/6516 2790/2554/6516
f 2777/2541/6517 2792/2556/6517 2791/2555/6517
f 2778/2542/6518 2793/2557/6518 2792/2556/6518
f 2779/2543/6519 2794/2558/6519 2793/2557/6519
f 2780/2544/6520 2795/2559/6520 2794/2558/6520
f 2781/2545/6521 2796/2560/6521 2795/2559/6521
f 2782/2546/6522 2797/2561/6522 2796/2560/6522
f 2783/2547/6523 2798/2562/6523 2797/2561/6523
f 2784/2549/6524 2799/2564/6524 2798/2562/6524
f 2785/2563/6525 2800/2578/6525 2799/2564/6525
f 2786/2551/6526 2787/2550/6526 2802/2565/6526
f 2787/2550/6527 2788/2552/6527 2803/2567/6527
f 2788/2552/6528 2789/2553/6528 2804/2568/6528
f 2789/2553/6529 2790/2554/6529 2805/2569/6529
f 2791/2555/6530 2806/2570/6530 2805/2569/6530
f 2792/2556/6531 2807/2571/6531 2806/2570/6531
f 2793/2557/6532 2808/2572/6532 2807/2571/6532
f 2794/2558/6533 2809/2573/6533 2808/2572/6533
f 2795/2559/6534 2810/2574/6534 2809/2573/6534
f 2796/2560/6535 2811/2575/6535 2810/2574/6535
f 2797/2561/6536 2812/2576/6536 2811/2575/6536
f 2798/2562/6537 2813/2577/6537 2812/2576/6537
f 2799/2564/6538 2814/2579/6538 2813/2577/6538
f 2800/2578/6539 2815/2593/6539 2814/2579/6539
f 2801/2566/6540 2802/2565/6540 2817/2580/6540
f 2802/2565/6541 2803/2567/6541 2818/2582/6541
f 2803/2567/6542 2804/2568/6542 2819/2583/6542
f 2804/2568/6543 2805/2569/6543 2820/2584/6543
f 2806/2570/6544 2821/2585/6544 2820/2584/6544
f 2807/2571/6545 2822/2586/6545 2821/2585/6545
f 2808/2572/6546 2823/2587/6546 2822/2586/6546
f 2809/2573/6547 2824/2588/6547 2823/2587/6547
f 2810/2574/6548 2825/2589/6548 2824/2588/6548
f 2811/2575/6549 2826/2590/6549 2825/2589/6549
f 2812/2576/6550 2827/2591/6550 2826/2590/6550
f 2813/2577/6551 2828/2592/6551 2827/2591/6551
f 2814/2579/6552 2829/2594/6552 2828/2592/6552
f 2815/2593/6553 2830/2608/6553 2829/2594/6553
f 2816/2581/6554 2817/2580/6554 2832/2595/6554
f 2817/2580/6555 2818/2582/6555 2833/2597/6555
f 2818/2582/6556 2819/2583/6556 2834/2598/6556
f 2819/2583/6557 2820/2584/6557 2835/2599/6557
f 2821/2585/6558 2836/2600/6558 2835/2599/6558
f 2822/2586/6559 2837/2601/6559 2836/2600/6559
f 2823/2587/6560 2838/2602/6560 2837/2601/6560
f 2824/2588/6561 2839/2603/6561 2838/2602/6561
f 2825/2589/6562 2840/2604/6562 2839/2603/6562
f 2826/2590/6563 2841/2605/6563 2840/2604/6563
f 2827/2591/6564 2842/2606/6564 2841/2605/6564
f 2828/2592/6565 2843/2607/6565 2842/2606/6565
f 2829/2594/6566 2844/2609/6566 2843/2607/6566
f 2830/2608/6567 2845/2623/6567 2844/2609/6567
f 2831/2596/6568 2832/2595/6568 2847/2610/6568
f 2832/2595/6569 2833/2597/6569 2848/2612/6569
f 2833/2597/6570 2834/2598/6570 2849/2613/6570
f 2834/2598/6571 2835/2599/6571 2850/2614/6571
f 2836/2600/6572 2851/2615/6572 2850/2614/6572
f 2837/2601/6573 2852/2616/6573 2851/2615/6573
f 2838/2602/6574 2853/2617/6574 2852/2616/6574
f 2839/2603/6575 2854/2618/6575 2853/2617/6575
f 2840/2604/6576 2855/2619/6576 2854/2618/6576
f 2841/2605/6577 2856/2620/6577 2855/2619/6577
f 2842/2606/6578 2857/2621/6578 2856/2620/6578
f 2843/2607/6579 2858/2622/6579 2857/2621/6579
f 2844/2609/6580 2859/2624/6580 2858/2622/6580
f 2845/2623/6581 2860/2638/6581 2859/2624/6581
f 2846/2611/6582 2847/2610/6582 2862/2625/6582
f 2847/2610/6583 2848/2612/6583 2863/2627/6583
f 2848/2612/6584 2849/2613/6584 2864/2628/6584
f 2849/2613/6585 2850/2614/6585 2865/2629/6585
f 2851/2615/6586 2866/2630/6586 2865/2629/6586
f 2852/2616/6587 2867/2631/6587 2866/2630/6587
f 2853/2617/6588 2868/2632/6588 2867/2631/6588
f 2854/2618/6589 2869/2633/6589 2868/2632/6589
f 2855/2619/6590 2870/2634/6590 2869/2633/6590
f 2856/2620/6591 2871/2635/6591 2870/2634/6591
f 2857/2621/6592 2872/2636/6592 2871/2635/6592
f 2858/2622/6593 2873/2637/6593 2872/2636/6593
f 2859/2624/6594 2874/2639/6594 2873/2637/6594
f 2860/2638/6595 2875/2654/6595 2874/2639/6595
f 22/543/6596 520/2414/6596 2651/2416/6596
f 520/2414/6597 519/2413/6597 2652/2419/6597
f 519/2413/6598 518/2412/6598 2653/2421/6598
f 518/2412/6599 517/2411/6599 2654/2424/6599
f 516/2410/6600 2655/2423/6600 2654/2424/6600
f 515/2409/6601 2656/2425/6601 2655/2423/6601
f 514/2408/6602 2657/2427/6602 2656/2425/6602
f 513/2407/6603 2658/2429/6603 2657/2427/6603
f 512/2406/6604 2659/2431/6604 2658/2429/6604
f 511/2405/6605 2660/2433/6605 2659/2431/6605
f 510/2404/6606 2661/2435/6606 2660/2433/6606
f 509/2403/6607 2662/2437/6607 2661/2435/6607
f 508/2402/6608 2663/2439/6608 2662/2437/6608
f 507/2401/6609 2664/2441/6609 2663/2439/6609
f 506/2400/6610 2665/2443/6610 2664/2441/6610
f 12/2399/6611 175/2640/6611 2665/2443/6611
f 175/2640/6612 174/2641/6612 2680/2458/6612
f 174/2641/6613 173/2642/6613 2695/2473/6613
f 173/2642/6614 172/2643/6614 2710/2488/6614
f 172/2643/6615 171/2644/6615 2725/2503/6615
f 171/2644/6616 170/2645/6616 2740/2518/6616
f 170/2645/6617 169/2646/6617 2755/2533/6617
f 169/2646/6618 168/2647/6618 2770/2548/6618
f 168/2647/6619 167/2648/6619 2785/2563/6619
f 167/2648/6620 166/2649/6620 2800/2578/6620
f 166/2649/6621 165/2650/6621 2815/2593/6621
f 165/2650/6622 164/2651/6622 2830/2608/6622
f 164/2651/6623 163/2652/6623 2845/2623/6623
f 163/2652/6624 162/2653/6624 2860/2638/6624
f 162/2653/6625 161/2655/6625 2875/2654/6625
f 161/2655/6626 11/2895/6626 521/2656/6626
f 2875/2654/6627 521/2656/6627 522/2657/6627
f 2874/2639/6628 522/2657/6628 523/2658/6628
f 2873/2637/6629 523/2658/6629 524/2659/6629
f 2872/2636/6630 524/2659/6630 525/2660/6630
f 2871/2635/6631 525/2660/6631 526/2661/6631
f 2870/2634/6632 526/2661/6632 527/2662/6632
f 2869/2633/6633 527/2662/6633 528/2663/6633
f 2868/2632/6634 528/2663/6634 529/2664/6634
f 2867/2631/6635 529/2664/6635 530/2665/6635
f 2866/2630/6636 530/2665/6636 531/2666/6636
f 2864/2628/6637 2865/2629/6637 531/2666/6637
f 2863/2627/6638 2864/2628/6638 532/2667/6638
f 2862/2625/6639 2863/2627/6639 533/2668/6639
f 2861/2626/6640 2862/2625/6640 534/2669/6640
f 415/1070/6641 2861/2626/6641 535/2670/6641
f 414/1069/6642 2846/2611/6642 2861/2626/6642
f 413/1068/6643 2831/2596/6643 2846/2611/6643
f 412/1067/6644 2816/2581/6644 2831/2596/6644
f 411/1066/6645 2801/2566/6645 2816/2581/6645
f 410/1065/6646 2786/2551/6646 2801/2566/6646
f 409/1064/6647 2771/2536/6647 2786/2551/6647
f 408/1063/6648 2756/2521/6648 2771/2536/6648
f 407/1062/6649 2741/2506/6649 2756/2521/6649
f 406/1061/6650 2726/2491/6650 2741/2506/6650
f 405/1060/6651 2711/2476/6651 2726/2491/6651
f 404/1059/6652 2696/2461/6652 2711/2476/6652
f 403/1058/6653 2681/2446/6653 2696/2461/6653
f 402/1057/6654 2666/2418/6654 2681/2446/6654
f 401/1056/6655 2651/2416/6655 2666/2418/6655
f 2876/2671/6656 2877/2674/6656 2892/2672/6656
f 2877/2674/6657 2878/2676/6657 2893/2675/6657
f 2878/2676/6658 2879/2678/6658 2894/2677/6658
f 2879/2678/6659 2880/2681/6659 2895/2679/6659
f 2881/2680/6660 2896/2683/6660 2895/2679/6660
f 2882/2682/6661 2897/2685/6661 2896/2683/6661
f 2883/2684/6662 2898/2687/6662 2897/2685/6662
f 2884/2686/6663 2899/2689/6663 2898/2687/6663
f 2885/2688/6664 2900/2691/6664 2899/2689/6664
f 2886/2690/6665 2901/2693/6665 2900/2691/6665
f 2887/2692/6666 2902/2695/6666 2901/2693/6666
f 2888/2694/6667 2903/2697/6667 2902/2695/6667
f 2889/2696/6668 2904/2699/6668 2903/2697/6668
f 2890/2698/6669 2905/2713/6669 2904/2699/6669
f 2891/2673/6670 2892/2672/6670 2907/2700/6670
f 2892/2672/6671 2893/2675/6671 2908/2702/6671
f 2893/2675/6672 2894/2677/6672 2909/2703/6672
f 2894/2677/6673 2895/2679/6673 2910/2704/6673
f 2896/2683/6674 2911/2705/6674 2910/2704/6674
f 2897/2685/6675 2912/2706/6675 2911/2705/6675
f 2898/2687/6676 2913/2707/6676 2912/2706/6676
f 2899/2689/6677 2914/2708/6677 2913/2707/6677
f 2900/2691/6678 2915/2709/6678 2914/2708/6678
f 2901/2693/6679 2916/2710/6679 2915/2709/6679
f 2902/2695/6680 2917/2711/6680 2916/2710/6680
f 2903/2697/6681 2918/2712/6681 2917/2711/6681
f 2904/2699/6682 2919/2714/6682 2918/2712/6682
f 2905/2713/6683 2920/2728/6683 2919/2714/6683
f 2906/2701/6684 2907/2700/6684 2922/2715/6684
f 2907/2700/6685 2908/2702/6685 2923/2717/6685
f 2908/2702/6686 2909/2703/6686 2924/2718/6686
f 2909/2703/6687 2910/2704/6687 2925/2719/6687
f 2911/2705/6688 2926/2720/6688 2925/2719/6688
f 2912/2706/6689 2927/2721/6689 2926/2720/6689
f 2913/2707/6690 2928/2722/6690 2927/2721/6690
f 2914/2708/6691 2929/2723/6691 2928/2722/6691
f 2915/2709/6692 2930/2724/6692 2929/2723/6692
f 2916/2710/6693 2931/2725/6693 2930/2724/6693
f 2917/2711/6694 2932/2726/6694 2931/2725/6694
f 2918/2712/6695 2933/2727/6695 2932/2726/6695
f 2919/2714/6696 2934/2729/6696 2933/2727/6696
f 2920/2728/6697 2935/2743/6697 2934/2729/6697
f 2921/2716/6698 2922/2715/6698 2937/2730/6698
f 2922/2715/6699 2923/2717/6699 2938/2732/6699
f 2923/2717/6700 2924/2718/6700 2939/2733/6700
f 2924/2718/6701 2925/2719/6701 2940/2734/6701
f 2926/2720/6702 2941/2735/6702 2940/2734/6702
f 2927/2721/6703 2942/2736/6703 2941/2735/6703
f 2928/2722/6704 2943/2737/6704 2942/2736/6704
f 2929/2723/6705 2944/2738/6705 2943/2737/6705
f 2930/2724/6706 2945/2739/6706 2944/2738/6706
f 2931/2725/6707 2946/2740/6707 2945/2739/6707
f 2932/2726/6708 2947/2741/6708 2946/2740/6708
f 2933/2727/6709 2948/2742/6709 2947/2741/6709
f 2934/2729/6710 2949/2744/6710 2948/2742/6710
f 2935/2743/6711 2950/2758/6711 2949/2744/6711
f 2937/2730/6712 2952/2746/6712 2951/2745/6712
f 2938/2732/6713 2953/2747/6713 2952/2746/6713
f 2939/2733/6714 2954/2748/6714 2953/2747/6714
f 2940/2734/6715 2955/2749/6715 2954/2748/6715
f 2941/2735/6716 2956/2750/6716 2955/2749/6716
f 2942/2736/6717 2957/2751/6717 2956/2750/6717
f 2943/2737/6718 2958/2752/6718 2957/2751/6718
f 2944/2738/6719 2959/2753/6719 2958/2752/6719
f 2945/2739/6720 2960/2754/6720 2959/2753/6720
f 2946/2740/6721 2961/2755/6721 2960/2754/6721
f 2947/2741/6722 2962/2756/6722 2961/2755/6722
f 2948/2742/6723 2963/2757/6723 2962/2756/6723
f 2949/2744/6724 2964/2759/6724 2963/2757/6724
f 2950/2758/6725 2965/2773/6725 2964/2759/6725
f 2952/2746/6726 2967/2761/6726 2966/2760/6726
f 2953/2747/6727 2968/2762/6727 2967/2761/6727
f 2954/2748/6728 2969/2763/6728 2968/2762/6728
f 2955/2749/6729 2970/2764/6729 2969/2763/6729
f 2956/2750/6730 2971/2765/6730 2970/2764/6730
f 2957/2751/6731 2972/2766/6731 2971/2765/6731
f 2958/2752/6732 2973/2767/6732 2972/2766/6732
f 2959/2753/6733 2974/2768/6733 2973/2767/6733
f 2960/2754/6734 2975/2769/6734 2974/2768/6734
f 2961/2755/6735 2976/2770/6735 2975/2769/6735
f 2962/2756/6736 2977/2771/6736 2976/2770/6736
f 2963/2757/6737 2978/2772/6737 2977/2771/6737
f 2964/2759/6738 2979/2774/6738 2978/2772/6738
f 2965/2773/6739 2980/2788/6739 2979/2774/6739
f 2967/2761/6740 2982/2776/6740 2981/2775/6740
f 2968/2762/6741 2983/2777/6741 2982/2776/6741
f 2969/2763/6742 2984/2778/6742 2983/2777/6742
f 2970/2764/6743 2985/2779/6743 2984/2778/6743
f 2971/2765/6744 2986/2780/6744 2985/2779/6744
f 2972/2766/6745 2987/2781/6745 2986/2780/6745
f 2973/2767/6746 2988/2782/6746 2987/2781/6746
f 2974/2768/6747 2989/2783/6747 2988/2782/6747
f 2975/2769/6748 2990/2784/6748 2989/2783/6748
f 2976/2770/6749 2991/2785/6749 2990/2784/6749
f 2977/2771/6750 2992/2786/6750 2991/2785/6750
f 2978/2772/6751 2993/2787/6751 2992/2786/6751
f 2979/2774/6752 2994/2789/6752 2993/2787/6752
f 2980/2788/6753 2995/2803/6753 2994/2789/6753
f 2982/2776/6754 2997/2791/6754 2996/2790/6754
f 2983/2777/6755 2998/2792/6755 2997/2791/6755
f 2984/2778/6756 2999/2793/6756 2998/2792/6756
f 2985/2779/6757 3000/2794/6757 2999/2793/6757
f 2986/2780/6758 3001/2795/6758 3000/2794/6758
f 2987/2781/6759 3002/2796/6759 3001/2795/6759
f 2988/2782/6760 3003/2797/6760 3002/2796/6760
f 2989/2783/6761 3004/2798/6761 3003/2797/6761
f 2990/2784/6762 3005/2799/6762 3004/2798/6762
f 2991/2785/6763 3006/2800/6763 3005/2799/6763
f 2992/2786/6764 3007/2801/6764 3006/2800/6764
f 2993/2787/6765 3008/2802/6765 3007/2801/6765
f 2994/2789/6766 3009/2804/6766 3008/2802/6766
f 2995/2803/6767 3010/2819/6767 3009/2804/6767
f 2997/2791/6768 3012/2806/6768 3011/2805/6768
f 2998/2792/6769 3013/2807/6769 3012/2806/6769
f 2999/2793/6770 3014/2808/6770 3013/2807/6770
f 3000/2794/6771 3015/2809/6771 3014/2808/6771
f 3001/2795/6772 3016/2810/6772 3015/2809/6772
f 3002/2796/6773 3017/2811/6773 3016/2810/6773
f 3003/2797/6774 3018/2812/6774 3017/2811/6774
f 3004/2798/6775 3019/2813/6775 3018/2812/6775
f 3005/2799/6776 3020/2814/6776 3019/2813/6776
f 3006/2800/6777 3021/2816/6777 3020/2814/6777
f 3006/2800/6778 3007/2801/6778 3022/2815/6778
f 3007/2801/6779 3008/2802/6779 3023/2817/6779
f 3008/2802/6780 3009/2804/6780 3024/2818/6780
f 3010/2819/6781 3025/2905/6781 3024/2818/6781
f 3012/2806/6782 3027/2821/6782 3026/2820/6782
f 3013/2807/6783 3028/2822/6783 3027/2821/6783
f 3014/2808/6784 3029/2823/6784 3028/2822/6784
f 3015/2809/6785 3030/2824/6785 3029/2823/6785
f 3016/2810/6786 3031/2825/6786 3030/2824/6786
f 3017/2811/6787 3032/2826/6787 3031/2825/6787
f 3018/2812/6788 3033/2828/6788 3032/2826/6788
f 3018/2812/6789 3019/2813/6789 3034/2827/6789
f 3019/2813/6790 3020/2814/6790 3035/2829/6790
f 3020/2814/6791 3021/2816/6791 3036/2830/6791
f 3021/2816/6792 3022/2815/6792 3037/2831/6792
f 3022/2815/6793 3023/2817/6793 3038/2832/6793
f 3023/2817/6794 3024/2818/6794 3039/2833/6794
f 3024/2818/6795 3025/2905/6795 3040/2834/6795
f 3027/2821/6796 3042/2836/6796 3041/2835/6796
f 3028/2822/6797 3043/2837/6797 3042/2836/6797
f 3029/2823/6798 3044/2838/6798 3043/2837/6798
f 3030/2824/6799 3045/2839/6799 3044/2838/6799
f 3031/2825/6800 3046/2840/6800 3045/2839/6800
f 3032/2826/6801 3047/2842/6801 3046/2840/6801
f 3032/2826/6802 3033/2828/6802 3048/2841/6802
f 3033/2828/6803 3034/2827/6803 3049/2843/6803
f 3034/2827/6804 3035/2829/6804 3050/2844/6804
f 3035/2829/6805 3036/2830/6805 3051/2845/6805
f 3036/2830/6806 3037/2831/6806 3052/2846/6806
f 3037/2831/6807 3038/2832/6807 3053/2847/6807
f 3038/2832/6808 3039/2833/6808 3054/2848/6808
f 3039/2833/6809 3040/2834/6809 3055/2849/6809
f 3042/2836/6810 3057/2851/6810 3056/2850/6810
f 3043/2837/6811 3058/2852/6811 3057/2851/6811
f 3044/2838/6812 3059/2853/6812 3058/2852/6812
f 3045/2839/6813 3060/2854/6813 3059/2853/6813
f 3046/2840/6814 3061/2856/6814 3060/2854/6814
f 3046/2840/6815 3047/2842/6815 3062/2855/6815
f 3047/2842/6816 3048/2841/6816 3063/2857/6816
f 3048/2841/6817 3049/2843/6817 3064/2858/6817
f 3049/2843/6818 3050/2844/6818 3065/2859/6818
f 3050/2844/6819 3051/2845/6819 3066/2860/6819
f 3051/2845/6820 3052/2846/6820 3067/2861/6820
f 3052/2846/6821 3053/2847/6821 3068/2862/6821
f 3053/2847/6822 3054/2848/6822 3069/2863/6822
f 3055/2849/6823 3070/2877/6823 3069/2863/6823
f 3057/2851/6824 3072/2865/6824 3071/2864/6824
f 3058/2852/6825 3073/2866/6825 3072/2865/6825
f 3059/2853/6826 3074/2867/6826 3073/2866/6826
f 3060/2854/6827 3075/2868/6827 3074/2867/6827
f 3061/2856/6828 3076/2870/6828 3075/2868/6828
f 3061/2856/6829 3062/2855/6829 3077/2869/6829
f 3062/2855/6830 3063/2857/6830 3078/2871/6830
f 3063/2857/6831 3064/2858/6831 3079/2872/6831
f 3064/2858/6832 3065/2859/6832 3080/2873/6832
f 3065/2859/6833 3066/2860/6833 3081/2874/6833
f 3066/2860/6834 3067/2861/6834 3082/2875/6834
f 3067/2861/6835 3068/2862/6835 3083/2876/6835
f 3069/2863/6836 3084/2878/6836 3083/2876/6836
f 3070/2877/6837 3085/2892/6837 3084/2878/6837
f 3071/2864/6838 3072/2865/6838 3087/2879/6838
f 3073/2866/6839 3088/2881/6839 3087/2879/6839
f 3074/2867/6840 3089/2883/6840 3088/2881/6840
f 3074/2867/6841 3075/2868/6841 3090/2882/6841
f 3075/2868/6842 3076/2870/6842 3091/2884/6842
f 3076/2870/6843 3077/2869/6843 3092/2885/6843
f 3077/2869/6844 3078/2871/6844 3093/2886/6844
f 3078/2871/6845 3079/2872/6845 3094/2887/6845
f 3079/2872/6846 3080/2873/6846 3095/2888/6846
f 3080/2873/6847 3081/2874/6847 3096/2889/6847
f 3082/2875/6848 3097/2890/6848 3096/2889/6848
f 3083/2876/6849 3098/2891/6849 3097/2890/6849
f 3084/2878/6850 3099/2893/6850 3098/2891/6850
f 3085/2892/6851 3100/2911/6851 3099/2893/6851
f 25/1071/6852 535/2670/6852 2876/2671/6852
f 535/2670/6853 534/2669/6853 2877/2674/6853
f 534/2669/6854 533/2668/6854 2878/2676/6854
f 533/2668/6855 532/2667/6855 2879/2678/6855
f 532/2667/6856 531/2666/6856 2880/2681/6856
f 530/2665/6857 2881/2680/6857 2880/2681/6857
f 529/2664/6858 2882/2682/6858 2881/2680/6858
f 528/2663/6859 2883/2684/6859 2882/2682/6859
f 527/2662/6860 2884/2686/6860 2883/2684/6860
f 526/2661/6861 2885/2688/6861 2884/2686/6861
f 525/2660/6862 2886/2690/6862 2885/2688/6862
f 524/2659/6863 2887/2692/6863 2886/2690/6863
f 523/2658/6864 2888/2694/6864 2887/2692/6864
f 522/2657/6865 2889/2696/6865 2888/2694/6865
f 521/2656/6866 2890/2698/6866 2889/2696/6866
f 11/2895/6867 160/2896/6867 2890/2698/6867
f 160/2896/6868 159/2897/6868 2905/2713/6868
f 159/2897/6869 158/2898/6869 2920/2728/6869
f 158/2898/6870 157/2899/6870 2935/2743/6870
f 157/2899/6871 156/2900/6871 2950/2758/6871
f 156/2900/6872 155/2901/6872 2965/2773/6872
f 155/2901/6873 154/2902/6873 2980/2788/6873
f 154/2902/6874 153/2903/6874 2995/2803/6874
f 153/2903/6875 152/2904/6875 3010/2819/6875
f 152/2904/6876 151/2906/6876 3025/2905/6876
f 151/2906/6877 150/2907/6877 3040/2834/6877
f 150/2907/6878 149/2908/6878 3055/2849/6878
f 149/2908/6879 148/2909/6879 3070/2877/6879
f 148/2909/6880 147/2910/6880 3085/2892/6880
f 147/2910/6881 146/2912/6881 3100/2911/6881
f 146/2912/6882 4/4225/6882 85/2913/6882
f 3100/2911/6883 85/2913/6883 84/2914/6883
f 3099/2893/6884 84/2914/6884 83/2915/6884
f 3098/2891/6885 83/2915/6885 82/2916/6885
f 3097/2890/6886 82/2916/6886 81/2917/6886
f 3096/2889/6887 81/2917/6887 80/2918/6887
f 3095/2888/6888 80/2918/6888 79/2919/6888
f 3094/2887/6889 79/2919/6889 78/2920/6889
f 3092/2885/6890 3093/2886/6890 78/2920/6890
f 3091/2884/6891 3092/2885/6891 77/2921/6891
f 3090/2882/6892 3091/2884/6892 76/2922/6892
f 3089/2883/6893 3090/2882/6893 75/2923/6893
f 3088/2881/6894 3089/2883/6894 74/2924/6894
f 3087/2879/6895 3088/2881/6895 73/2925/6895
f 3086/2880/6896 3087/2879/6896 72/2926/6896
f 536/2928/6897 3086/2880/6897 71/2927/6897
f 537/2930/6898 3071/2864/6898 3086/2880/6898
f 3056/2850/6899 3071/2864/6899 537/2930/6899
f 3041/2835/6900 3056/2850/6900 538/2931/6900
f 3026/2820/6901 3041/2835/6901 539/2932/6901
f 3011/2805/6902 3026/2820/6902 540/2933/6902
f 2996/2790/6903 3011/2805/6903 541/2934/6903
f 2981/2775/6904 2996/2790/6904 542/2935/6904
f 2966/2760/6905 2981/2775/6905 543/2936/6905
f 2951/2745/6906 2966/2760/6906 544/2937/6906
f 2936/2731/6907 2951/2745/6907 545/2938/6907
f 547/2940/6908 2921/2716/6908 2936/2731/6908
f 548/2941/6909 2906/2701/6909 2921/2716/6909
f 549/2942/6910 2891/2673/6910 2906/2701/6910
f 550/2894/6911 2876/2671/6911 2891/2673/6911
f 3101/2943/6912 3102/2946/6912 3117/2944/6912
f 3102/2946/6913 3103/2949/6913 3118/2947/6913
f 3104/2948/6914 3119/2951/6914 3118/2947/6914
f 3105/2950/6915 3120/2953/6915 3119/2951/6915
f 3106/2952/6916 3121/2955/6916 3120/2953/6916
f 3107/2954/6917 3122/2957/6917 3121/2955/6917
f 3108/2956/6918 3123/2959/6918 3122/2957/6918
f 3108/2956/6919 3109/2960/6919 3124/2958/6919
f 3109/2960/6920 3110/2962/6920 3125/2961/6920
f 3110/2962/6921 3111/2964/6921 3126/2963/6921
f 3111/2964/6922 3112/2966/6922 3127/2965/6922
f 3112/2966/6923 3113/2968/6923 3128/2967/6923
f 3113/2968/6924 3114/2970/6924 3129/2969/6924
f 3114/2970/6925 3115/3167/6925 3130/2971/6925
f 3116/2945/6926 3117/2944/6926 3132/2972/6926
f 3117/2944/6927 3118/2947/6927 3133/2974/6927
f 3118/2947/6928 3119/2951/6928 3134/2975/6928
f 3120/2953/6929 3135/2976/6929 3134/2975/6929
f 3121/2955/6930 3136/2977/6930 3135/2976/6930
f 3122/2957/6931 3137/2978/6931 3136/2977/6931
f 3123/2959/6932 3138/2979/6932 3137/2978/6932
f 3124/2958/6933 3139/2981/6933 3138/2979/6933
f 3124/2958/6934 3125/2961/6934 3140/2980/6934
f 3125/2961/6935 3126/2963/6935 3141/2982/6935
f 3126/2963/6936 3127/2965/6936 3142/2983/6936
f 3127/2965/6937 3128/2967/6937 3143/2984/6937
f 3128/2967/6938 3129/2969/6938 3144/2985/6938
f 3129/2969/6939 3130/2971/6939 3145/2986/6939
f 3131/2973/6940 3132/2972/6940 3147/2987/6940
f 3132/2972/6941 3133/2974/6941 3148/2989/6941
f 3133/2974/6942 3134/2975/6942 3149/2990/6942
f 3134/2975/6943 3135/2976/6943 3150/2991/6943
f 3136/2977/6944 3151/2992/6944 3150/2991/6944
f 3137/2978/6945 3152/2993/6945 3151/2992/6945
f 3138/2979/6946 3153/2994/6946 3152/2993/6946
f 3139/2981/6947 3154/2995/6947 3153/2994/6947
f 3140/2980/6948 3155/2996/6948 3154/2995/6948
f 3141/2982/6949 3156/2997/6949 3155/2996/6949
f 3142/2983/6950 3157/2999/6950 3156/2997/6950
f 3142/2983/6951 3143/2984/6951 3158/2998/6951
f 3143/2984/6952 3144/2985/6952 3159/3000/6952
f 3144/2985/6953 3145/2986/6953 3160/3001/6953
f 3147/2987/6954 3162/3004/6954 3161/3002/6954
f 3147/2987/6955 3148/2989/6955 3163/3003/6955
f 3148/2989/6956 3149/2990/6956 3164/3005/6956
f 3149/2990/6957 3150/2991/6957 3165/3006/6957
f 3150/2991/6958 3151/2992/6958 3166/3007/6958
f 3152/2993/6959 3167/3008/6959 3166/3007/6959
f 3153/2994/6960 3168/3009/6960 3167/3008/6960
f 3154/2995/6961 3169/3010/6961 3168/3009/6961
f 3155/2996/6962 3170/3011/6962 3169/3010/6962
f 3156/2997/6963 3171/3012/6963 3170/3011/6963
f 3157/2999/6964 3172/3013/6964 3171/3012/6964
f 3158/2998/6965 3173/3014/6965 3172/3013/6965
f 3159/3000/6966 3174/3015/6966 3173/3014/6966
f 3160/3001/6967 3175/3029/6967 3174/3015/6967
f 3162/3004/6968 3177/3017/6968 3176/3016/6968
f 3163/3003/6969 3178/3019/6969 3177/3017/6969
f 3163/3003/6970 3164/3005/6970 3179/3018/6970
f 3164/3005/6971 3165/3006/6971 3180/3020/6971
f 3165/3006/6972 3166/3007/6972 3181/3021/6972
f 3167/3008/6973 3182/3022/6973 3181/3021/6973
f 3168/3009/6974 3183/3023/6974 3182/3022/6974
f 3169/3010/6975 3184/3024/6975 3183/3023/6975
f 3170/3011/6976 3185/3025/6976 3184/3024/6976
f 3171/3012/6977 3186/3026/6977 3185/3025/6977
f 3172/3013/6978 3187/3027/6978 3186/3026/6978
f 3173/3014/6979 3188/3028/6979 3187/3027/6979
f 3174/3015/6980 3189/3030/6980 3188/3028/6980
f 3175/3029/6981 3190/3044/6981 3189/3030/6981
f 3177/3017/6982 3192/3032/6982 3191/3031/6982
f 3178/3019/6983 3193/3034/6983 3192/3032/6983
f 3178/3019/6984 3179/3018/6984 3194/3033/6984
f 3179/3018/6985 3180/3020/6985 3195/3035/6985
f 3180/3020/6986 3181/3021/6986 3196/3036/6986
f 3182/3022/6987 3197/3037/6987 3196/3036/6987
f 3183/3023/6988 3198/3038/6988 3197/3037/6988
f 3184/3024/6989 3199/3039/6989 3198/3038/6989
f 3185/3025/6990 3200/3040/6990 3199/3039/6990
f 3186/3026/6991 3201/3041/6991 3200/3040/6991
f 3187/3027/6992 3202/3042/6992 3201/3041/6992
f 3188/3028/6993 3203/3043/6993 3202/3042/6993
f 3189/3030/6994 3204/3045/6994 3203/3043/6994
f 3190/3044/6995 3205/3059/6995 3204/3045/6995
f 3192/3032/6996 3207/3047/6996 3206/3046/6996
f 3193/3034/6997 3208/3048/6997 3207/3047/6997
f 3194/3033/6998 3209/3049/6998 3208/3048/6998
f 3195/3035/6999 3210/3050/6999 3209/3049/6999
f 3196/3036/7000 3211/3051/7000 3210/3050/7000
f 3197/3037/7001 3212/3052/7001 3211/3051/7001
f 3198/3038/7002 3213/3053/7002 3212/3052/7002
f 3199/3039/7003 3214/3054/7003 3213/3053/7003
f 3200/3040/7004 3215/3055/7004 3214/3054/7004
f 3201/3041/7005 3216/3056/7005 3215/3055/7005
f 3202/3042/7006 3217/3057/7006 3216/3056/7006
f 3203/3043/7007 3218/3058/7007 3217/3057/7007
f 3204/3045/7008 3219/3060/7008 3218/3058/7008
f 3205/3059/7009 3220/3074/7009 3219/3060/7009
f 3207/3047/7010 3222/3062/7010 3221/3061/7010
f 3208/3048/7011 3223/3063/7011 3222/3062/7011
f 3209/3049/7012 3224/3064/7012 3223/3063/7012
f 3210/3050/7013 3225/3065/7013 3224/3064/7013
f 3211/3051/7014 3226/3066/7014 3225/3065/7014
f 3212/3052/7015 3227/3067/7015 3226/3066/7015
f 3213/3053/7016 3228/3068/7016 3227/3067/7016
f 3214/3054/7017 3229/3069/7017 3228/3068/7017
f 3215/3055/7018 3230/3070/7018 3229/3069/7018
f 3216/3056/7019 3231/3071/7019 3230/3070/7019
f 3217/3057/7020 3232/3072/7020 3231/3071/7020
f 3218/3058/7021 3233/3073/7021 3232/3072/7021
f 3219/3060/7022 3234/3075/7022 3233/3073/7022
f 3220/3074/7023 3235/3089/7023 3234/3075/7023
f 3222/3062/7024 3237/3077/7024 3236/3076/7024
f 3223/3063/7025 3238/3078/7025 3237/3077/7025
f 3224/3064/7026 3239/3079/7026 3238/3078/7026
f 3225/3065/7027 3240/3080/7027 3239/3079/7027
f 3226/3066/7028 3241/3081/7028 3240/3080/7028
f 3227/3067/7029 3242/3082/7029 3241/3081/7029
f 3228/3068/7030 3243/3083/7030 3242/3082/7030
f 3229/3069/7031 3244/3084/7031 3243/3083/7031
f 3230/3070/7032 3245/3085/7032 3244/3084/7032
f 3231/3071/7033 3246/3086/7033 3245/3085/7033
f 3232/3072/7034 3247/3087/7034 3246/3086/7034
f 3233/3073/7035 3248/3088/7035 3247/3087/7035
f 3234/3075/7036 3249/3090/7036 3248/3088/7036
f 3235/3089/7037 3250/3104/7037 3249/3090/7037
f 3237/3077/7038 3252/3092/7038 3251/3091/7038
f 3238/3078/7039 3253/3093/7039 3252/3092/7039
f 3239/3079/7040 3254/3094/7040 3253/3093/7040
f 3240/3080/7041 3255/3095/7041 3254/3094/7041
f 3241/3081/7042 3256/3096/7042 3255/3095/7042
f 3242/3082/7043 3257/3097/7043 3256/3096/7043
f 3243/3083/7044 3258/3098/7044 3257/3097/7044
f 3244/3084/7045 3259/3099/7045 3258/3098/7045
f 3245/3085/7046 3260/3100/7046 3259/3099/7046
f 3246/3086/7047 3261/3101/7047 3260/3100/7047
f 3247/3087/7048 3262/3102/7048 3261/3101/7048
f 3248/3088/7049 3263/3103/7049 3262/3102/7049
f 3249/3090/7050 3264/3105/7050 3263/3103/7050
f 3250/3104/7051 3265/3119/7051 3264/3105/7051
f 3252/3092/7052 3267/3107/7052 3266/3106/7052
f 3253/3093/7053 3268/3108/7053 3267/3107/7053
f 3254/3094/7054 3269/3109/7054 3268/3108/7054
f 3255/3095/7055 3270/3110/7055 3269/3109/7055
f 3256/3096/7056 3271/3111/7056 3270/3110/7056
f 3257/3097/7057 3272/3112/7057 3271/3111/7057
f 3258/3098/7058 3273/3113/7058 3272/3112/7058
f 3259/3099/7059 3274/3114/7059 3273/3113/7059
f 3260/3100/7060 3275/3115/7060 3274/3114/7060
f 3261/3101/7061 3276/3116/7061 3275/3115/7061
f 3262/3102/7062 3277/3117/7062 3276/3116/7062
f 3263/3103/7063 3278/3118/7063 3277/3117/7063
f 3264/3105/7064 3279/3120/7064 3278/3118/7064
f 3265/3119/7065 3280/3134/7065 3279/3120/7065
f 3267/3107/7066 3282/3122/7066 3281/3121/7066
f 3268/3108/7067 3283/3123/7067 3282/3122/7067
f 3269/3109/7068 3284/3124/7068 3283/3123/7068
f 3270/3110/7069 3285/3125/7069 3284/3124/7069
f 3271/3111/7070 3286/3126/7070 3285/3125/7070
f 3272/3112/7071 3287/3127/7071 3286/3126/7071
f 3273/3113/7072 3288/3128/7072 3287/3127/7072
f 3274/3114/7073 3289/3129/7073 3288/3128/7073
f 3275/3115/7074 3290/3130/7074 3289/3129/7074
f 3276/3116/7075 3291/3131/7075 3290/3130/7075
f 3277/3117/7076 3292/3132/7076 3291/3131/7076
f 3278/3118/7077 3293/3133/7077 3292/3132/7077
f 3279/3120/7078 3294/3135/7078 3293/3133/7078
f 3280/3134/7079 3295/3149/7079 3294/3135/7079
f 3281/3121/7080 3282/3122/7080 3297/3136/7080
f 3283/3123/7081 3298/3138/7081 3297/3136/7081
f 3284/3124/7082 3299/3139/7082 3298/3138/7082
f 3285/3125/7083 3300/3140/7083 3299/3139/7083
f 3286/3126/7084 3301/3141/7084 3300/3140/7084
f 3287/3127/7085 3302/3142/7085 3301/3141/7085
f 3288/3128/7086 3303/3143/7086 3302/3142/7086
f 3289/3129/7087 3304/3144/7087 3303/3143/7087
f 3290/3130/7088 3305/3145/7088 3304/3144/7088
f 3291/3131/7089 3306/3146/7089 3305/3145/7089
f 3292/3132/7090 3307/3147/7090 3306/3146/7090
f 3293/3133/7091 3308/3148/7091 3307/3147/7091
f 3294/3135/7092 3309/3150/7092 3308/3148/7092
f 3295/3149/7093 3310/3168/7093 3309/3150/7093
f 3296/3137/7094 3297/3136/7094 3312/3151/7094
f 3297/3136/7095 3298/3138/7095 3313/3153/7095
f 3298/3138/7096 3299/3139/7096 3314/3154/7096
f 3299/3139/7097 3300/3140/7097 3315/3155/7097
f 3300/3140/7098 3301/3141/7098 3316/3156/7098
f 3301/3141/7099 3302/3142/7099 3317/3157/7099
f 3302/3142/7100 3303/3143/7100 3318/3158/7100
f 3303/3143/7101 3304/3144/7101 3319/3159/7101
f 3304/3144/7102 3305/3145/7102 3320/3160/7102
f 3305/3145/7103 3306/3146/7103 3321/3161/7103
f 3306/3146/7104 3307/3147/7104 3322/3162/7104
f 3307/3147/7105 3308/3148/7105 3323/3163/7105
f 3308/3148/7106 3309/3150/7106 3324/3164/7106
f 3309/3150/7107 3310/3168/7107 3325/3165/7107
f 24/800/7108 431/1086/7108 3101/2943/7108
f 431/1086/7109 432/1085/7109 3102/2946/7109
f 433/1084/7110 3103/2949/7110 3102/2946/7110
f 434/1083/7111 3104/2948/7111 3103/2949/7111
f 435/1082/7112 3105/2950/7112 3104/2948/7112
f 436/1081/7113 3106/2952/7113 3105/2950/7113
f 437/1080/7114 3107/2954/7114 3106/2952/7114
f 437/1080/7115 438/1079/7115 3108/2956/7115
f 438/1079/7116 439/1078/7116 3109/2960/7116
f 439/1078/7117 440/1077/7117 3110/2962/7117
f 440/1077/7118 441/1076/7118 3111/2964/7118
f 441/1076/7119 442/1075/7119 3112/2966/7119
f 442/1075/7120 443/1074/7120 3113/2968/7120
f 443/1074/7121 444/1073/7121 3114/2970/7121
f 444/1073/7122 445/1072/7122 3115/3167/7122
f 445/1072/7123 25/1071/7123 550/2894/7123
f 3115/3167/7124 550/2894/7124 549/2942/7124
f 3130/2971/7125 549/2942/7125 548/2941/7125
f 3145/2986/7126 548/2941/7126 547/2940/7126
f 547/2940/7127 546/2939/7127 3175/3029/7127
f 546/2939/7128 545/2938/7128 3190/3044/7128
f 545/2938/7129 544/2937/7129 3205/3059/7129
f 544/2937/7130 543/2936/7130 3220/3074/7130
f 543/2936/7131 542/2935/7131 3235/3089/7131
f 542/2935/7132 541/2934/7132 3250/3104/7132
f 541/2934/7133 540/2933/7133 3265/3119/7133
f 540/2933/7134 539/2932/7134 3280/3134/7134
f 539/2932/7135 538/2931/7135 3295/3149/7135
f 538/2931/7136 537/2930/7136 3310/3168/7136
f 3310/3168/7137 537/2930/7137 536/2928/7137
f 3325/3165/7138 536/2928/7138 7/2929/7138
f 3324/3164/7139 3325/3165/7139 70/3169/7139
f 3323/3163/7140 3324/3164/7140 69/3170/7140
f 3322/3162/7141 3323/3163/7141 68/3171/7141
f 3321/3161/7142 3322/3162/7142 67/3172/7142
f 3320/3160/7143 3321/3161/7143 66/3173/7143
f 3319/3159/7144 3320/3160/7144 65/3174/7144
f 3318/3158/7145 3319/3159/7145 64/3175/7145
f 3317/3157/7146 3318/3158/7146 63/3176/7146
f 3316/3156/7147 3317/3157/7147 62/3177/7147
f 3315/3155/7148 3316/3156/7148 61/3178/7148
f 3314/3154/7149 3315/3155/7149 60/3179/7149
f 3313/3153/7150 3314/3154/7150 59/3180/7150
f 3312/3151/7151 3313/3153/7151 58/3181/7151
f 3311/3152/7152 3312/3151/7152 57/3182/7152
f 551/3184/7153 3311/3152/7153 56/3183/7153
f 552/3186/7154 3296/3137/7154 3311/3152/7154
f 553/3187/7155 3281/3121/7155 3296/3137/7155
f 554/3188/7156 3266/3106/7156 3281/3121/7156
f 3251/3091/7157 3266/3106/7157 554/3188/7157
f 3236/3076/7158 3251/3091/7158 555/3189/7158
f 3221/3061/7159 3236/3076/7159 556/3190/7159
f 3206/3046/7160 3221/3061/7160 557/3191/7160
f 3191/3031/7161 3206/3046/7161 558/3192/7161
f 3176/3016/7162 3191/3031/7162 559/3193/7162
f 3161/3002/7163 3176/3016/7163 560/3194/7163
f 3146/2988/7164 3161/3002/7164 561/3195/7164
f 3131/2973/7165 3146/2988/7165 562/3196/7165
f 564/3198/7166 3116/2945/7166 3131/2973/7166
f 565/3166/7167 3101/2943/7167 3116/2945/7167
f 3326/3199/7168 3327/3202/7168 3342/3200/7168
f 3327/3202/7169 3328/3204/7169 3343/3203/7169
f 3328/3204/7170 3329/3206/7170 3344/3205/7170
f 3329/3206/7171 3330/3208/7171 3345/3207/7171
f 3330/3208/7172 3331/3211/7172 3346/3209/7172
f 3332/3210/7173 3347/3213/7173 3346/3209/7173
f 3333/3212/7174 3348/3215/7174 3347/3213/7174
f 3334/3214/7175 3349/3217/7175 3348/3215/7175
f 3335/3216/7176 3350/3219/7176 3349/3217/7176
f 3336/3218/7177 3351/3221/7177 3350/3219/7177
f 3337/3220/7178 3352/3223/7178 3351/3221/7178
f 3338/3222/7179 3353/3225/7179 3352/3223/7179
f 3338/3222/7180 3339/3226/7180 3354/3224/7180
f 3339/3226/7181 3340/3423/7181 3355/3227/7181
f 3341/3201/7182 3342/3200/7182 3357/3228/7182
f 3342/3200/7183 3343/3203/7183 3358/3230/7183
f 3343/3203/7184 3344/3205/7184 3359/3231/7184
f 3344/3205/7185 3345/3207/7185 3360/3232/7185
f 3345/3207/7186 3346/3209/7186 3361/3233/7186
f 3347/3213/7187 3362/3234/7187 3361/3233/7187
f 3348/3215/7188 3363/3235/7188 3362/3234/7188
f 3349/3217/7189 3364/3236/7189 3363/3235/7189
f 3350/3219/7190 3365/3237/7190 3364/3236/7190
f 3351/3221/7191 3366/3238/7191 3365/3237/7191
f 3352/3223/7192 3367/3239/7192 3366/3238/7192
f 3353/3225/7193 3368/3240/7193 3367/3239/7193
f 3354/3224/7194 3369/3242/7194 3368/3240/7194
f 3354/3224/7195 3355/3227/7195 3370/3241/7195
f 3356/3229/7196 3357/3228/7196 3372/3243/7196
f 3357/3228/7197 3358/3230/7197 3373/3245/7197
f 3358/3230/7198 3359/3231/7198 3374/3246/7198
f 3359/3231/7199 3360/3232/7199 3375/3247/7199
f 3360/3232/7200 3361/3233/7200 3376/3248/7200
f 3361/3233/7201 3362/3234/7201 3377/3249/7201
f 3363/3235/7202 3378/3250/7202 3377/3249/7202
f 3364/3236/7203 3379/3251/7203 3378/3250/7203
f 3365/3237/7204 3380/3252/7204 3379/3251/7204
f 3366/3238/7205 3381/3253/7205 3380/3252/7205
f 3367/3239/7206 3382/3254/7206 3381/3253/7206
f 3368/3240/7207 3383/3255/7207 3382/3254/7207
f 3369/3242/7208 3384/3256/7208 3383/3255/7208
f 3370/3241/7209 3385/3270/7209 3384/3256/7209
f 3371/3244/7210 3372/3243/7210 3387/3257/7210
f 3372/3243/7211 3373/3245/7211 3388/3259/7211
f 3373/3245/7212 3374/3246/7212 3389/3260/7212
f 3374/3246/7213 3375/3247/7213 3390/3261/7213
f 3375/3247/7214 3376/3248/7214 3391/3262/7214
f 3376/3248/7215 3377/3249/7215 3392/3263/7215
f 3377/3249/7216 3378/3250/7216 3393/3264/7216
f 3379/3251/7217 3394/3265/7217 3393/3264/7217
f 3380/3252/7218 3395/3266/7218 3394/3265/7218
f 3381/3253/7219 3396/3267/7219 3395/3266/7219
f 3382/3254/7220 3397/3268/7220 3396/3267/7220
f 3383/3255/7221 3398/3269/7221 3397/3268/7221
f 3384/3256/7222 3399/3271/7222 3398/3269/7222
f 3385/3270/7223 3400/3285/7223 3399/3271/7223
f 3386/3258/7224 3387/3257/7224 3402/3272/7224
f 3387/3257/7225 3388/3259/7225 3403/3274/7225
f 3388/3259/7226 3389/3260/7226 3404/3275/7226
f 3389/3260/7227 3390/3261/7227 3405/3276/7227
f 3390/3261/7228 3391/3262/7228 3406/3277/7228
f 3391/3262/7229 3392/3263/7229 3407/3278/7229
f 3392/3263/7230 3393/3264/7230 3408/3279/7230
f 3393/3264/7231 3394/3265/7231 3409/3280/7231
f 3394/3265/7232 3395/3266/7232 3410/3281/7232
f 3396/3267/7233 3411/3282/7233 3410/3281/7233
f 3397/3268/7234 3412/3283/7234 3411/3282/7234
f 3398/3269/7235 3413/3284/7235 3412/3283/7235
f 3399/3271/7236 3414/3286/7236 3413/3284/7236
f 3400/3285/7237 3415/3300/7237 3414/3286/7237
f 3402/3272/7238 3417/3289/7238 3416/3287/7238
f 3402/3272/7239 3403/3274/7239 3418/3288/7239
f 3403/3274/7240 3404/3275/7240 3419/3290/7240
f 3404/3275/7241 3405/3276/7241 3420/3291/7241
f 3405/3276/7242 3406/3277/7242 3421/3292/7242
f 3406/3277/7243 3407/3278/7243 3422/3293/7243
f 3407/3278/7244 3408/3279/7244 3423/3294/7244
f 3408/3279/7245 3409/3280/7245 3424/3295/7245
f 3409/3280/7246 3410/3281/7246 3425/3296/7246
f 3410/3281/7247 3411/3282/7247 3426/3297/7247
f 3412/3283/7248 3427/3298/7248 3426/3297/7248
f 3413/3284/7249 3428/3299/7249 3427/3298/7249
f 3414/3286/7250 3429/3301/7250 3428/3299/7250
f 3415/3300/7251 3430/3315/7251 3429/3301/7251
f 3416/3287/7252 3417/3289/7252 3432/3302/7252
f 3417/3289/7253 3418/3288/7253 3433/3304/7253
f 3418/3288/7254 3419/3290/7254 3434/3305/7254
f 3419/3290/7255 3420/3291/7255 3435/3306/7255
f 3420/3291/7256 3421/3292/7256 3436/3307/7256
f 3421/3292/7257 3422/3293/7257 3437/3308/7257
f 3422/3293/7258 3423/3294/7258 3438/3309/7258
f 3423/3294/7259 3424/3295/7259 3439/3310/7259
f 3424/3295/7260 3425/3296/7260 3440/3311/7260
f 3425/3296/7261 3426/3297/7261 3441/3312/7261
f 3426/3297/7262 3427/3298/7262 3442/3313/7262
f 3428/3299/7263 3443/3314/7263 3442/3313/7263
f 3429/3301/7264 3444/3316/7264 3443/3314/7264
f 3430/3315/7265 3445/3330/7265 3444/3316/7265
f 3432/3302/7266 3447/3318/7266 3446/3317/7266
f 3433/3304/7267 3448/3319/7267 3447/3318/7267
f 3434/3305/7268 3449/3320/7268 3448/3319/7268
f 3435/3306/7269 3450/3321/7269 3449/3320/7269
f 3436/3307/7270 3451/3323/7270 3450/3321/7270
f 3436/3307/7271 3437/3308/7271 3452/3322/7271
f 3437/3308/7272 3438/3309/7272 3453/3324/7272
f 3438/3309/7273 3439/3310/7273 3454/3325/7273
f 3439/3310/7274 3440/3311/7274 3455/3326/7274
f 3440/3311/7275 3441/3312/7275 3456/3327/7275
f 3441/3312/7276 3442/3313/7276 3457/3328/7276
f 3442/3313/7277 3443/3314/7277 3458/3329/7277
f 3444/3316/7278 3459/3331/7278 3458/3329/7278
f 3445/3330/7279 3460/3346/7279 3459/3331/7279
f 3447/3318/7280 3462/3333/7280 3461/3332/7280
f 3448/3319/7281 3463/3334/7281 3462/3333/7281
f 3449/3320/7282 3464/3335/7282 3463/3334/7282
f 3450/3321/7283 3465/3336/7283 3464/3335/7283
f 3451/3323/7284 3466/3337/7284 3465/3336/7284
f 3452/3322/7285 3467/3339/7285 3466/3337/7285
f 3452/3322/7286 3453/3324/7286 3468/3338/7286
f 3453/3324/7287 3454/3325/7287 3469/3340/7287
f 3454/3325/7288 3455/3326/7288 3470/3341/7288
f 3455/3326/7289 3456/3327/7289 3471/3342/7289
f 3456/3327/7290 3457/3328/7290 3472/3343/7290
f 3457/3328/7291 3458/3329/7291 3473/3344/7291
f 3458/3329/7292 3459/3331/7292 3474/3345/7292
f 3460/3346/7293 3475/3424/7293 3474/3345/7293
f 3462/3333/7294 3477/3348/7294 3476/3347/7294
f 3463/3334/7295 3478/3349/7295 3477/3348/7295
f 3464/3335/7296 3479/3350/7296 3478/3349/7296
f 3465/3336/7297 3480/3351/7297 3479/3350/7297
f 3466/3337/7298 3481/3352/7298 3480/3351/7298
f 3467/3339/7299 3482/3353/7299 3481/3352/7299
f 3468/3338/7300 3483/3355/7300 3482/3353/7300
f 3468/3338/7301 3469/3340/7301 3484/3354/7301
f 3469/3340/7302 3470/3341/7302 3485/3356/7302
f 3470/3341/7303 3471/3342/7303 3486/3357/7303
f 3471/3342/7304 3472/3343/7304 3487/3358/7304
f 3472/3343/7305 3473/3344/7305 3488/3359/7305
f 3473/3344/7306 3474/3345/7306 3489/3360/7306
f 3474/3345/7307 3475/3424/7307 3490/3361/7307
f 3477/3348/7308 3492/3363/7308 3491/3362/7308
f 3478/3349/7309 3493/3364/7309 3492/3363/7309
f 3479/3350/7310 3494/3365/7310 3493/3364/7310
f 3480/3351/7311 3495/3366/7311 3494/3365/7311
f 3481/3352/7312 3496/3367/7312 3495/3366/7312
f 3482/3353/7313 3497/3368/7313 3496/3367/7313
f 3483/3355/7314 3498/3369/7314 3497/3368/7314
f 3484/3354/7315 3499/3371/7315 3498/3369/7315
f 3484/3354/7316 3485/3356/7316 3500/3370/7316
f 3485/3356/7317 3486/3357/7317 3501/3372/7317
f 3486/3357/7318 3487/3358/7318 3502/3373/7318
f 3487/3358/7319 3488/3359/7319 3503/3374/7319
f 3488/3359/7320 3489/3360/7320 3504/3375/7320
f 3489/3360/7321 3490/3361/7321 3505/3376/7321
f 3492/3363/7322 3507/3378/7322 3506/3377/7322
f 3493/3364/7323 3508/3379/7323 3507/3378/7323
f 3494/3365/7324 3509/3380/7324 3508/3379/7324
f 3495/3366/7325 3510/3381/7325 3509/3380/7325
f 3496/3367/7326 3511/3382/7326 3510/3381/7326
f 3497/3368/7327 3512/3383/7327 3511/3382/7327
f 3498/3369/7328 3513/3384/7328 3512/3383/7328
f 3499/3371/7329 3514/3385/7329 3513/3384/7329
f 3500/3370/7330 3515/3387/7330 3514/3385/7330
f 3500/3370/7331 3501/3372/7331 3516/3386/7331
f 3501/3372/7332 3502/3373/7332 3517/3388/7332
f 3502/3373/7333 3503/3374/7333 3518/3389/7333
f 3503/3374/7334 3504/3375/7334 3519/3390/7334
f 3504/3375/7335 3505/3376/7335 3520/3391/7335
f 3507/3378/7336 3522/3393/7336 3521/3392/7336
f 3508/3379/7337 3523/3394/7337 3522/3393/7337
f 3509/3380/7338 3524/3395/7338 3523/3394/7338
f 3510/3381/7339 3525/3396/7339 3524/3395/7339
f 3511/3382/7340 3526/3397/7340 3525/3396/7340
f 3512/3383/7341 3527/3398/7341 3526/3397/7341
f 3513/3384/7342 3528/3399/7342 3527/3398/7342
f 3514/3385/7343 3529/3400/7343 3528/3399/7343
f 3515/3387/7344 3530/3402/7344 3529/3400/7344
f 3515/3387/7345 3516/3386/7345 3531/3401/7345
f 3516/3386/7346 3517/3388/7346 3532/3403/7346
f 3517/3388/7347 3518/3389/7347 3533/3404/7347
f 3518/3389/7348 3519/3390/7348 3534/3405/7348
f 3519/3390/7349 3520/3391/7349 3535/3406/7349
f 3522/3393/7350 3537/3408/7350 3536/3407/7350
f 3523/3394/7351 3538/3409/7351 3537/3408/7351
f 3524/3395/7352 3539/3410/7352 3538/3409/7352
f 3525/3396/7353 3540/3412/7353 3539/3410/7353
f 3525/3396/7354 3526/3397/7354 3541/3411/7354
f 3526/3397/7355 3527/3398/7355 3542/3413/7355
f 3527/3398/7356 3528/3399/7356 3543/3414/7356
f 3529/3400/7357 3544/3415/7357 3543/3414/7357
f 3530/3402/7358 3545/3416/7358 3544/3415/7358
f 3531/3401/7359 3546/3418/7359 3545/3416/7359
f 3531/3401/7360 3532/3403/7360 3547/3417/7360
f 3532/3403/7361 3533/3404/7361 3548/3419/7361
f 3533/3404/7362 3534/3405/7362 3549/3420/7362
f 3534/3405/7363 3535/3406/7363 3550/3421/7363
f 23/817/7364 416/815/7364 3326/3199/7364
f 416/815/7365 417/814/7365 3327/3202/7365
f 417/814/7366 418/813/7366 3328/3204/7366
f 418/813/7367 419/812/7367 3329/3206/7367
f 419/812/7368 420/811/7368 3330/3208/7368
f 420/811/7369 421/810/7369 3331/3211/7369
f 422/809/7370 3332/3210/7370 3331/3211/7370
f 423/808/7371 3333/3212/7371 3332/3210/7371
f 424/807/7372 3334/3214/7372 3333/3212/7372
f 425/806/7373 3335/3216/7373 3334/3214/7373
f 426/805/7374 3336/3218/7374 3335/3216/7374
f 427/804/7375 3337/3220/7375 3336/3218/7375
f 428/803/7376 3338/3222/7376 3337/3220/7376
f 428/803/7377 429/802/7377 3339/3226/7377
f 429/802/7378 430/801/7378 3340/3423/7378
f 430/801/7379 24/800/7379 565/3166/7379
f 3340/3423/7380 565/3166/7380 564/3198/7380
f 3355/3227/7381 564/3198/7381 563/3197/7381
f 563/3197/7382 562/3196/7382 3385/3270/7382
f 562/3196/7383 561/3195/7383 3400/3285/7383
f 561/3195/7384 560/3194/7384 3415/3300/7384
f 560/3194/7385 559/3193/7385 3430/3315/7385
f 559/3193/7386 558/3192/7386 3445/3330/7386
f 558/3192/7387 557/3191/7387 3460/3346/7387
f 557/3191/7388 556/3190/7388 3475/3424/7388
f 556/3190/7389 555/3189/7389 3490/3361/7389
f 555/3189/7390 554/3188/7390 3505/3376/7390
f 3505/3376/7391 554/3188/7391 553/3187/7391
f 3520/3391/7392 553/3187/7392 552/3186/7392
f 3535/3406/7393 552/3186/7393 551/3184/7393
f 3550/3421/7394 551/3184/7394 6/3185/7394
f 3549/3420/7395 3550/3421/7395 55/3425/7395
f 3548/3419/7396 3549/3420/7396 54/3426/7396
f 3548/3419/7397 53/3427/7397 52/3428/7397
f 3547/3417/7398 52/3428/7398 51/3429/7398
f 3546/3418/7399 51/3429/7399 50/3430/7399
f 3545/3416/7400 50/3430/7400 49/3431/7400
f 3543/3414/7401 3544/3415/7401 49/3431/7401
f 3542/3413/7402 3543/3414/7402 48/3432/7402
f 3541/3411/7403 3542/3413/7403 47/3433/7403
f 3540/3412/7404 3541/3411/7404 46/3434/7404
f 3540/3412/7405 45/3435/7405 44/3436/7405
f 3539/3410/7406 44/3436/7406 43/3437/7406
f 3538/3409/7407 43/3437/7407 42/3438/7407
f 3537/3408/7408 42/3438/7408 41/3439/7408
f 3536/3407/7409 41/3439/7409 5/3440/7409
f 3521/3392/7410 3536/3407/7410 566/3441/7410
f 3506/3377/7411 3521/3392/7411 567/3442/7411
f 3491/3362/7412 3506/3377/7412 568/3443/7412
f 3476/3347/7413 3491/3362/7413 569/3444/7413
f 3461/3332/7414 3476/3347/7414 570/3445/7414
f 3446/3317/7415 3461/3332/7415 571/3446/7415
f 3431/3303/7416 3446/3317/7416 572/3447/7416
f 574/3449/7417 3416/3287/7417 3431/3303/7417
f 3401/3273/7418 3416/3287/7418 574/3449/7418
f 576/3451/7419 3386/3258/7419 3401/3273/7419
f 577/3452/7420 3371/3244/7420 3386/3258/7420
f 578/3453/7421 3356/3229/7421 3371/3244/7421
f 579/3454/7422 3341/3201/7422 3356/3229/7422
f 580/3422/7423 3326/3199/7423 3341/3201/7423
f 3551/3455/7424 3552/3459/7424 3567/3456/7424
f 3553/3458/7425 3568/3461/7425 3567/3456/7425
f 3554/3460/7426 3569/3463/7426 3568/3461/7426
f 3555/3462/7427 3570/3465/7427 3569/3463/7427
f 3555/3462/7428 3556/3466/7428 3571/3464/7428
f 3556/3466/7429 3557/3468/7429 3572/3467/7429
f 3557/3468/7430 3558/3470/7430 3573/3469/7430
f 3558/3470/7431 3559/3473/7431 3574/3471/7431
f 3560/3472/7432 3575/3475/7432 3574/3471/7432
f 3561/3474/7433 3576/3477/7433 3575/3475/7433
f 3562/3476/7434 3577/3479/7434 3576/3477/7434
f 3562/3476/7435 3563/3480/7435 3578/3478/7435
f 3563/3480/7436 3564/3482/7436 3579/3481/7436
f 3564/3482/7437 3565/3694/7437 3580/3483/7437
f 3566/3457/7438 3567/3456/7438 3582/3484/7438
f 3567/3456/7439 3568/3461/7439 3583/3486/7439
f 3568/3461/7440 3569/3463/7440 3584/3487/7440
f 3569/3463/7441 3570/3465/7441 3585/3488/7441
f 3570/3465/7442 3571/3464/7442 3586/3489/7442
f 3571/3464/7443 3572/3467/7443 3587/3490/7443
f 3572/3467/7444 3573/3469/7444 3588/3491/7444
f 3573/3469/7445 3574/3471/7445 3589/3492/7445
f 3575/3475/7446 3590/3493/7446 3589/3492/7446
f 3576/3477/7447 3591/3494/7447 3590/3493/7447
f 3577/3479/7448 3592/3496/7448 3591/3494/7448
f 3577/3479/7449 3578/3478/7449 3593/3495/7449
f 3578/3478/7450 3579/3481/7450 3594/3497/7450
f 3579/3481/7451 3580/3483/7451 3595/3498/7451
f 3581/3485/7452 3582/3484/7452 3597/3499/7452
f 3582/3484/7453 3583/3486/7453 3598/3501/7453
f 3583/3486/7454 3584/3487/7454 3599/3502/7454
f 3584/3487/7455 3585/3488/7455 3600/3503/7455
f 3585/3488/7456 3586/3489/7456 3601/3504/7456
f 3586/3489/7457 3587/3490/7457 3602/3505/7457
f 3587/3490/7458 3588/3491/7458 3603/3506/7458
f 3588/3491/7459 3589/3492/7459 3604/3507/7459
f 3590/3493/7460 3605/3508/7460 3604/3507/7460
f 3591/3494/7461 3606/3509/7461 3605/3508/7461
f 3592/3496/7462 3607/3511/7462 3606/3509/7462
f 3592/3496/7463 3593/3495/7463 3608/3510/7463
f 3593/3495/7464 3594/3497/7464 3609/3512/7464
f 3594/3497/7465 3595/3498/7465 3610/3513/7465
f 3597/3499/7466 3612/3515/7466 3611/3514/7466
f 3598/3501/7467 3613/3517/7467 3612/3515/7467
f 3598/3501/7468 3599/3502/7468 3614/3516/7468
f 3599/3502/7469 3600/3503/7469 3615/3518/7469
f 3600/3503/7470 3601/3504/7470 3616/3519/7470
f 3601/3504/7471 3602/3505/7471 3617/3520/7471
f 3602/3505/7472 3603/3506/7472 3618/3521/7472
f 3603/3506/7473 3604/3507/7473 3619/3522/7473
f 3605/3508/7474 3620/3523/7474 3619/3522/7474
f 3606/3509/7475 3621/3524/7475 3620/3523/7475
f 3607/3511/7476 3622/3525/7476 3621/3524/7476
f 3608/3510/7477 3623/3527/7477 3622/3525/7477
f 3608/3510/7478 3609/3512/7478 3624/3526/7478
f 3609/3512/7479 3610/3513/7479 3625/3528/7479
f 3612/3515/7480 3627/3530/7480 3626/3529/7480
f 3613/3517/7481 3628/3531/7481 3627/3530/7481
f 3614/3516/7482 3629/3533/7482 3628/3531/7482
f 3614/3516/7483 3615/3518/7483 3630/3532/7483
f 3615/3518/7484 3616/3519/7484 3631/3534/7484
f 3616/3519/7485 3617/3520/7485 3632/3535/7485
f 3617/3520/7486 3618/3521/7486 3633/3536/7486
f 3618/3521/7487 3619/3522/7487 3634/3537/7487
f 3619/3522/7488 3620/3523/7488 3635/3538/7488
f 3621/3524/7489 3636/3539/7489 3635/3538/7489
f 3622/3525/7490 3637/3540/7490 3636/3539/7490
f 3623/3527/7491 3638/3541/7491 3637/3540/7491
f 3624/3526/7492 3639/3542/7492 3638/3541/7492
f 3625/3528/7493 3640/3556/7493 3639/3542/7493
f 3627/3530/7494 3642/3544/7494 3641/3543/7494
f 3628/3531/7495 3643/3545/7495 3642/3544/7495
f 3629/3533/7496 3644/3546/7496 3643/3545/7496
f 3630/3532/7497 3645/3548/7497 3644/3546/7497
f 3630/3532/7498 3631/3534/7498 3646/3547/7498
f 3631/3534/7499 3632/3535/7499 3647/3549/7499
f 3632/3535/7500 3633/3536/7500 3648/3550/7500
f 3633/3536/7501 3634/3537/7501 3649/3551/7501
f 3634/3537/7502 3635/3538/7502 3650/3552/7502
f 3635/3538/7503 3636/3539/7503 3651/3553/7503
f 3637/3540/7504 3652/3554/7504 3651/3553/7504
f 3638/3541/7505 3653/3555/7505 3652/3554/7505
f 3639/3542/7506 3654/3557/7506 3653/3555/7506
f 3640/3556/7507 3655/3571/7507 3654/3557/7507
f 3642/3544/7508 3657/3559/7508 3656/3558/7508
f 3643/3545/7509 3658/3560/7509 3657/3559/7509
f 3644/3546/7510 3659/3561/7510 3658/3560/7510
f 3645/3548/7511 3660/3562/7511 3659/3561/7511
f 3646/3547/7512 3661/3563/7512 3660/3562/7512
f 3647/3549/7513 3662/3564/7513 3661/3563/7513
f 3648/3550/7514 3663/3566/7514 3662/3564/7514
f 3648/3550/7515 3649/3551/7515 3664/3565/7515
f 3649/3551/7516 3650/3552/7516 3665/3567/7516
f 3650/3552/7517 3651/3553/7517 3666/3568/7517
f 3652/3554/7518 3667/3569/7518 3666/3568/7518
f 3653/3555/7519 3668/3570/7519 3667/3569/7519
f 3654/3557/7520 3669/3572/7520 3668/3570/7520
f 3655/3571/7521 3670/3586/7521 3669/3572/7521
f 3657/3559/7522 3672/3574/7522 3671/3573/7522
f 3658/3560/7523 3673/3575/7523 3672/3574/7523
f 3659/3561/7524 3674/3576/7524 3673/3575/7524
f 3660/3562/7525 3675/3577/7525 3674/3576/7525
f 3661/3563/7526 3676/3578/7526 3675/3577/7526
f 3662/3564/7527 3677/3580/7527 3676/3578/7527
f 3662/3564/7528 3663/3566/7528 3678/3579/7528
f 3663/3566/7529 3664/3565/7529 3679/3581/7529
f 3664/3565/7530 3665/3567/7530 3680/3582/7530
f 3665/3567/7531 3666/3568/7531 3681/3583/7531
f 3667/3569/7532 3682/3584/7532 3681/3583/7532
f 3668/3570/7533 3683/3585/7533 3682/3584/7533
f 3669/3572/7534 3684/3587/7534 3683/3585/7534
f 3670/3586/7535 3685/3601/7535 3684/3587/7535
f 3672/3574/7536 3687/3589/7536 3686/3588/7536
f 3673/3575/7537 3688/3590/7537 3687/3589/7537
f 3674/3576/7538 3689/3591/7538 3688/3590/7538
f 3675/3577/7539 3690/3592/7539 3689/3591/7539
f 3676/3578/7540 3691/3593/7540 3690/3592/7540
f 3677/3580/7541 3692/3595/7541 3691/3593/7541
f 3677/3580/7542 3678/3579/7542 3693/3594/7542
f 3678/3579/7543 3679/3581/7543 3694/3596/7543
f 3679/3581/7544 3680/3582/7544 3695/3597/7544
f 3680/3582/7545 3681/3583/7545 3696/3598/7545
f 3682/3584/7546 3697/3599/7546 3696/3598/7546
f 3683/3585/7547 3698/3600/7547 3697/3599/7547
f 3684/3587/7548 3699/3602/7548 3698/3600/7548
f 3685/3601/7549 3700/3616/7549 3699/3602/7549
f 3687/3589/7550 3702/3604/7550 3701/3603/7550
f 3688/3590/7551 3703/3605/7551 3702/3604/7551
f 3689/3591/7552 3704/3606/7552 3703/3605/7552
f 3690/3592/7553 3705/3607/7553 3704/3606/7553
f 3691/3593/7554 3706/3608/7554 3705/3607/7554
f 3692/3595/7555 3707/3609/7555 3706/3608/7555
f 3693/3594/7556 3708/3611/7556 3707/3609/7556
f 3693/3594/7557 3694/3596/7557 3709/3610/7557
f 3694/3596/7558 3695/3597/7558 3710/3612/7558
f 3695/3597/7559 3696/3598/7559 3711/3613/7559
f 3697/3599/7560 3712/3614/7560 3711/3613/7560
f 3698/3600/7561 3713/3615/7561 3712/3614/7561
f 3699/3602/7562 3714/3617/7562 3713/3615/7562
f 3700/3616/7563 3715/3631/7563 3714/3617/7563
f 3702/3604/7564 3717/3619/7564 3716/3618/7564
f 3703/3605/7565 3718/3620/7565 3717/3619/7565
f 3704/3606/7566 3719/3621/7566 3718/3620/7566
f 3705/3607/7567 3720/3622/7567 3719/3621/7567
f 3706/3608/7568 3721/3623/7568 3720/3622/7568
f 3707/3609/7569 3722/3624/7569 3721/3623/7569
f 3708/3611/7570 3723/3625/7570 3722/3624/7570
f 3709/3610/7571 3724/3626/7571 3723/3625/7571
f 3710/3612/7572 3725/3628/7572 3724/3626/7572
f 3710/3612/7573 3711/3613/7573 3726/3627/7573
f 3711/3613/7574 3712/3614/7574 3727/3629/7574
f 3713/3615/7575 3728/3630/7575 3727/3629/7575
f 3714/3617/7576 3729/3632/7576 3728/3630/7576
f 3715/3631/7577 3730/3646/7577 3729/3632/7577
f 3717/3619/7578 3732/3634/7578 3731/3633/7578
f 3718/3620/7579 3733/3635/7579 3732/3634/7579
f 3719/3621/7580 3734/3636/7580 3733/3635/7580
f 3720/3622/7581 3735/3637/7581 3734/3636/7581
f 3721/3623/7582 3736/3638/7582 3735/3637/7582
f 3722/3624/7583 3737/3639/7583 3736/3638/7583
f 3723/3625/7584 3738/3640/7584 3737/3639/7584
f 3724/3626/7585 3739/3641/7585 3738/3640/7585
f 3725/3628/7586 3740/3642/7586 3739/3641/7586
f 3726/3627/7587 3741/3643/7587 3740/3642/7587
f 3727/3629/7588 3742/3644/7588 3741/3643/7588
f 3728/3630/7589 3743/3645/7589 3742/3644/7589
f 3729/3632/7590 3744/3647/7590 3743/3645/7590
f 3730/3646/7591 3745/3661/7591 3744/3647/7591
f 3732/3634/7592 3747/3649/7592 3746/3648/7592
f 3733/3635/7593 3748/3650/7593 3747/3649/7593
f 3734/3636/7594 3749/3651/7594 3748/3650/7594
f 3735/3637/7595 3750/3652/7595 3749/3651/7595
f 3736/3638/7596 3751/3653/7596 3750/3652/7596
f 3737/3639/7597 3752/3654/7597 3751/3653/7597
f 3738/3640/7598 3753/3655/7598 3752/3654/7598
f 3739/3641/7599 3754/3656/7599 3753/3655/7599
f 3740/3642/7600 3755/3657/7600 3754/3656/7600
f 3741/3643/7601 3756/3658/7601 3755/3657/7601
f 3742/3644/7602 3757/3659/7602 3756/3658/7602
f 3743/3645/7603 3758/3660/7603 3757/3659/7603
f 3744/3647/7604 3759/3662/7604 3758/3660/7604
f 3745/3661/7605 3760/3676/7605 3759/3662/7605
f 3747/3649/7606 3762/3664/7606 3761/3663/7606
f 3748/3650/7607 3763/3665/7607 3762/3664/7607
f 3749/3651/7608 3764/3666/7608 3763/3665/7608
f 3750/3652/7609 3765/3667/7609 3764/3666/7609
f 3751/3653/7610 3766/3668/7610 3765/3667/7610
f 3752/3654/7611 3767/3669/7611 3766/3668/7611
f 3753/3655/7612 3768/3670/7612 3767/3669/7612
f 3754/3656/7613 3769/3671/7613 3768/3670/7613
f 3755/3657/7614 3770/3672/7614 3769/3671/7614
f 3756/3658/7615 3771/3673/7615 3770/3672/7615
f 3757/3659/7616 3772/3674/7616 3771/3673/7616
f 3758/3660/7617 3773/3675/7617 3772/3674/7617
f 3759/3662/7618 3774/3677/7618 3773/3675/7618
f 3760/3676/7619 3775/3696/7619 3774/3677/7619
f 10/3678/7620 581/3680/7620 3551/3455/7620
f 581/3680/7621 582/3682/7621 3552/3459/7621
f 583/3681/7622 3553/3458/7622 3552/3459/7622
f 584/3683/7623 3554/3460/7623 3553/3458/7623
f 585/3684/7624 3555/3462/7624 3554/3460/7624
f 586/3685/7625 3556/3466/7625 3555/3462/7625
f 586/3685/7626 587/3686/7626 3557/3468/7626
f 587/3686/7627 588/3687/7627 3558/3470/7627
f 588/3687/7628 589/3688/7628 3559/3473/7628
f 589/3688/7629 590/3690/7629 3560/3472/7629
f 591/3689/7630 3561/3474/7630 3560/3472/7630
f 592/3691/7631 3562/3476/7631 3561/3474/7631
f 592/3691/7632 593/3692/7632 3563/3480/7632
f 593/3692/7633 594/3693/7633 3564/3482/7633
f 594/3693/7634 595/3695/7634 3565/3694/7634
f 595/3695/7635 23/817/7635 580/3422/7635
f 3565/3694/7636 580/3422/7636 579/3454/7636
f 3580/3483/7637 579/3454/7637 578/3453/7637
f 3595/3498/7638 578/3453/7638 577/3452/7638
f 3610/3513/7639 577/3452/7639 576/3451/7639
f 3625/3528/7640 576/3451/7640 575/3450/7640
f 3640/3556/7641 575/3450/7641 574/3449/7641
f 3655/3571/7642 574/3449/7642 573/3448/7642
f 573/3448/7643 572/3447/7643 3685/3601/7643
f 572/3447/7644 571/3446/7644 3700/3616/7644
f 571/3446/7645 570/3445/7645 3715/3631/7645
f 570/3445/7646 569/3444/7646 3730/3646/7646
f 569/3444/7647 568/3443/7647 3745/3661/7647
f 568/3443/7648 567/3442/7648 3760/3676/7648
f 567/3442/7649 566/3441/7649 3775/3696/7649
f 566/3441/7650 5/3440/7650 40/3697/7650
f 3775/3696/7651 40/3697/7651 39/3698/7651
f 3774/3677/7652 39/3698/7652 38/3699/7652
f 3773/3675/7653 38/3699/7653 37/3700/7653
f 3772/3674/7654 37/3700/7654 36/3701/7654
f 3771/3673/7655 36/3701/7655 35/3702/7655
f 3770/3672/7656 35/3702/7656 34/3703/7656
f 3769/3671/7657 34/3703/7657 33/3704/7657
f 3768/3670/7658 33/3704/7658 32/3705/7658
f 3767/3669/7659 32/3705/7659 31/3706/7659
f 3766/3668/7660 31/3706/7660 30/3707/7660
f 3765/3667/7661 30/3707/7661 29/3708/7661
f 3764/3666/7662 29/3708/7662 28/3709/7662
f 3762/3664/7663 3763/3665/7663 28/3709/7663
f 3761/3663/7664 3762/3664/7664 27/3710/7664
f 145/3712/7665 3761/3663/7665 26/3711/7665
f 144/3714/7666 3746/3648/7666 3761/3663/7666
f 3731/3633/7667 3746/3648/7667 144/3714/7667
f 3716/3618/7668 3731/3633/7668 143/3715/7668
f 3701/3603/7669 3716/3618/7669 142/3716/7669
f 3686/3588/7670 3701/3603/7670 141/3717/7670
f 3671/3573/7671 3686/3588/7671 140/3718/7671
f 3656/3558/7672 3671/3573/7672 139/3719/7672
f 137/3721/7673 3641/3543/7673 3656/3558/7673
f 3626/3529/7674 3641/3543/7674 137/3721/7674
f 3611/3514/7675 3626/3529/7675 136/3722/7675
f 3596/3500/7676 3611/3514/7676 135/3723/7676
f 133/3725/7677 3581/3485/7677 3596/3500/7677
f 132/3726/7678 3566/3457/7678 3581/3485/7678
f 131/3679/7679 3551/3455/7679 3566/3457/7679
f 3776/3727/7680 3777/3730/7680 3792/3728/7680
f 3777/3730/7681 3778/3732/7681 3793/3731/7681
f 3778/3732/7682 3779/3734/7682 3794/3733/7682
f 3779/3734/7683 3780/3736/7683 3795/3735/7683
f 3780/3736/7684 3781/3738/7684 3796/3737/7684
f 3781/3738/7685 3782/3740/7685 3797/3739/7685
f 3782/3740/7686 3783/3742/7686 3798/3741/7686
f 3783/3742/7687 3784/3744/7687 3799/3743/7687
f 3784/3744/7688 3785/3746/7688 3800/3745/7688
f 3785/3746/7689 3786/3748/7689 3801/3747/7689
f 3786/3748/7690 3787/3750/7690 3802/3749/7690
f 3787/3750/7691 3788/3752/7691 3803/3751/7691
f 3788/3752/7692 3789/3754/7692 3804/3753/7692
f 3789/3754/7693 3790/3967/7693 3805/3755/7693
f 3791/3729/7694 3792/3728/7694 3807/3756/7694
f 3792/3728/7695 3793/3731/7695 3808/3758/7695
f 3793/3731/7696 3794/3733/7696 3809/3759/7696
f 3794/3733/7697 3795/3735/7697 3810/3760/7697
f 3795/3735/7698 3796/3737/7698 3811/3761/7698
f 3796/3737/7699 3797/3739/7699 3812/3762/7699
f 3797/3739/7700 3798/3741/7700 3813/3763/7700
f 3798/3741/7701 3799/3743/7701 3814/3764/7701
f 3799/3743/7702 3800/3745/7702 3815/3765/7702
f 3800/3745/7703 3801/3747/7703 3816/3766/7703
f 3801/3747/7704 3802/3749/7704 3817/3767/7704
f 3802/3749/7705 3803/3751/7705 3818/3768/7705
f 3804/3753/7706 3819/3769/7706 3818/3768/7706
f 3805/3755/7707 3820/3783/7707 3819/3769/7707
f 3806/3757/7708 3807/3756/7708 3822/3770/7708
f 3807/3756/7709 3808/3758/7709 3823/3772/7709
f 3808/3758/7710 3809/3759/7710 3824/3773/7710
f 3809/3759/7711 3810/3760/7711 3825/3774/7711
f 3810/3760/7712 3811/3761/7712 3826/3775/7712
f 3811/3761/7713 3812/3762/7713 3827/3776/7713
f 3812/3762/7714 3813/3763/7714 3828/3777/7714
f 3813/3763/7715 3814/3764/7715 3829/3778/7715
f 3814/3764/7716 3815/3765/7716 3830/3779/7716
f 3815/3765/7717 3816/3766/7717 3831/3780/7717
f 3816/3766/7718 3817/3767/7718 3832/3781/7718
f 3818/3768/7719 3833/3782/7719 3832/3781/7719
f 3819/3769/7720 3834/3784/7720 3833/3782/7720
f 3820/3783/7721 3835/3798/7721 3834/3784/7721
f 3821/3771/7722 3822/3770/7722 3837/3785/7722
f 3822/3770/7723 3823/3772/7723 3838/3787/7723
f 3823/3772/7724 3824/3773/7724 3839/3788/7724
f 3824/3773/7725 3825/3774/7725 3840/3789/7725
f 3825/3774/7726 3826/3775/7726 3841/3790/7726
f 3826/3775/7727 3827/3776/7727 3842/3791/7727
f 3827/3776/7728 3828/3777/7728 3843/3792/7728
f 3828/3777/7729 3829/3778/7729 3844/3793/7729
f 3829/3778/7730 3830/3779/7730 3845/3794/7730
f 3830/3779/7731 3831/3780/7731 3846/3795/7731
f 3831/3780/7732 3832/3781/7732 3847/3796/7732
f 3833/3782/7733 3848/3797/7733 3847/3796/7733
f 3834/3784/7734 3849/3799/7734 3848/3797/7734
f 3835/3798/7735 3850/3813/7735 3849/3799/7735
f 3836/3786/7736 3837/3785/7736 3852/3800/7736
f 3837/3785/7737 3838/3787/7737 3853/3802/7737
f 3838/3787/7738 3839/3788/7738 3854/3803/7738
f 3839/3788/7739 3840/3789/7739 3855/3804/7739
f 3840/3789/7740 3841/3790/7740 3856/3805/7740
f 3841/3790/7741 3842/3791/7741 3857/3806/7741
f 3842/3791/7742 3843/3792/7742 3858/3807/7742
f 3843/3792/7743 3844/3793/7743 3859/3808/7743
f 3844/3793/7744 3845/3794/7744 3860/3809/7744
f 3845/3794/7745 3846/3795/7745 3861/3810/7745
f 3846/3795/7746 3847/3796/7746 3862/3811/7746
f 3848/3797/7747 3863/3812/7747 3862/3811/7747
f 3849/3799/7748 3864/3814/7748 3863/3812/7748
f 3850/3813/7749 3865/3828/7749 3864/3814/7749
f 3851/3801/7750 3852/3800/7750 3867/3815/7750
f 3852/3800/7751 3853/3802/7751 3868/3817/7751
f 3853/3802/7752 3854/3803/7752 3869/3818/7752
f 3854/3803/7753 3855/3804/7753 3870/3819/7753
f 3855/3804/7754 3856/3805/7754 3871/3820/7754
f 3856/3805/7755 3857/3806/7755 3872/3821/7755
f 3857/3806/7756 3858/3807/7756 3873/3822/7756
f 3858/3807/7757 3859/3808/7757 3874/3823/7757
f 3859/3808/7758 3860/3809/7758 3875/3824/7758
f 3860/3809/7759 3861/3810/7759 3876/3825/7759
f 3861/3810/7760 3862/3811/7760 3877/3826/7760
f 3863/3812/7761 3878/3827/7761 3877/3826/7761
f 3864/3814/7762 3879/3829/7762 3878/3827/7762
f 3865/3828/7763 3880/3843/7763 3879/3829/7763
f 3866/3816/7764 3867/3815/7764 3882/3830/7764
f 3867/3815/7765 3868/3817/7765 3883/3832/7765
f 3868/3817/7766 3869/3818/7766 3884/3833/7766
f 3869/3818/7767 3870/3819/7767 3885/3834/7767
f 3870/3819/7768 3871/3820/7768 3886/3835/7768
f 3871/3820/7769 3872/3821/7769 3887/3836/7769
f 3872/3821/7770 3873/3822/7770 3888/3837/7770
f 3873/3822/7771 3874/3823/7771 3889/3838/7771
f 3874/3823/7772 3875/3824/7772 3890/3839/7772
f 3875/3824/7773 3876/3825/7773 3891/3840/7773
f 3876/3825/7774 3877/3826/7774 3892/3841/7774
f 3878/3827/7775 3893/3842/7775 3892/3841/7775
f 3879/3829/7776 3894/3844/7776 3893/3842/7776
f 3880/3843/7777 3895/3858/7777 3894/3844/7777
f 3881/3831/7778 3882/3830/7778 3897/3845/7778
f 3882/3830/7779 3883/3832/7779 3898/3847/7779
f 3883/3832/7780 3884/3833/7780 3899/3848/7780
f 3884/3833/7781 3885/3834/7781 3900/3849/7781
f 3885/3834/7782 3886/3835/7782 3901/3850/7782
f 3886/3835/7783 3887/3836/7783 3902/3851/7783
f 3887/3836/7784 3888/3837/7784 3903/3852/7784
f 3888/3837/7785 3889/3838/7785 3904/3853/7785
f 3890/3839/7786 3905/3855/7786 3904/3853/7786
f 3890/3839/7787 3891/3840/7787 3906/3854/7787
f 3891/3840/7788 3892/3841/7788 3907/3856/7788
f 3892/3841/7789 3893/3842/7789 3908/3857/7789
f 3894/3844/7790 3909/3859/7790 3908/3857/7790
f 3895/3858/7791 3910/3968/7791 3909/3859/7791
f 3896/3846/7792 3897/3845/7792 3912/3860/7792
f 3897/3845/7793 3898/3847/7793 3913/3862/7793
f 3898/3847/7794 3899/3848/7794 3914/3863/7794
f 3899/3848/7795 3900/3849/7795 3915/3864/7795
f 3900/3849/7796 3901/3850/7796 3916/3865/7796
f 3901/3850/7797 3902/3851/7797 3917/3866/7797
f 3903/3852/7798 3918/3867/7798 3917/3866/7798
f 3904/3853/7799 3919/3868/7799 3918/3867/7799
f 3905/3855/7800 3920/3870/7800 3919/3868/7800
f 3905/3855/7801 3906/3854/7801 3921/3869/7801
f 3906/3854/7802 3907/3856/7802 3922/3871/7802
f 3907/3856/7803 3908/3857/7803 3923/3872/7803
f 3908/3857/7804 3909/3859/7804 3924/3873/7804
f 3909/3859/7805 3910/3968/7805 3925/3874/7805
f 3911/3861/7806 3912/3860/7806 3927/3875/7806
f 3912/3860/7807 3913/3862/7807 3928/3877/7807
f 3913/3862/7808 3914/3863/7808 3929/3878/7808
f 3914/3863/7809 3915/3864/7809 3930/3879/7809
f 3915/3864/7810 3916/3865/7810 3931/3880/7810
f 3916/3865/7811 3917/3866/7811 3932/3881/7811
f 3918/3867/7812 3933/3882/7812 3932/3881/7812
f 3919/3868/7813 3934/3883/7813 3933/3882/7813
f 3920/3870/7814 3935/3885/7814 3934/3883/7814
f 3920/3870/7815 3921/3869/7815 3936/3884/7815
f 3921/3869/7816 3922/3871/7816 3937/3886/7816
f 3922/3871/7817 3923/3872/7817 3938/3887/7817
f 3923/3872/7818 3924/3873/7818 3939/3888/7818
f 3924/3873/7819 3925/3874/7819 3940/3889/7819
f 3926/3876/7820 3927/3875/7820 3942/3890/7820
f 3928/3877/7821 3943/3892/7821 3942/3890/7821
f 3929/3878/7822 3944/3893/7822 3943/3892/7822
f 3930/3879/7823 3945/3894/7823 3944/3893/7823
f 3931/3880/7824 3946/3895/7824 3945/3894/7824
f 3932/3881/7825 3947/3896/7825 3946/3895/7825
f 3933/3882/7826 3948/3897/7826 3947/3896/7826
f 3934/3883/7827 3949/3898/7827 3948/3897/7827
f 3935/3885/7828 3950/3900/7828 3949/3898/7828
f 3935/3885/7829 3936/3884/7829 3951/3899/7829
f 3936/3884/7830 3937/3886/7830 3952/3901/7830
f 3937/3886/7831 3938/3887/7831 3953/3902/7831
f 3938/3887/7832 3939/3888/7832 3954/3903/7832
f 3939/3888/7833 3940/3889/7833 3955/3904/7833
f 3941/3891/7834 3942/3890/7834 3957/3905/7834
f 3943/3892/7835 3958/3907/7835 3957/3905/7835
f 3944/3893/7836 3959/3908/7836 3958/3907/7836
f 3945/3894/7837 3960/3909/7837 3959/3908/7837
f 3946/3895/7838 3961/3910/7838 3960/3909/7838
f 3947/3896/7839 3962/3911/7839 3961/3910/7839
f 3948/3897/7840 3963/3912/7840 3962/3911/7840
f 3949/3898/7841 3964/3914/7841 3963/3912/7841
f 3949/3898/7842 3950/3900/7842 3965/3913/7842
f 3950/3900/7843 3951/3899/7843 3966/3915/7843
f 3951/3899/7844 3952/3901/7844 3967/3916/7844
f 3952/3901/7845 3953/3902/7845 3968/3917/7845
f 3953/3902/7846 3954/3903/7846 3969/3918/7846
f 3954/3903/7847 3955/3904/7847 3970/3919/7847
f 3956/3906/7848 3957/3905/7848 3972/3920/7848
f 3958/3907/7849 3973/3922/7849 3972/3920/7849
f 3959/3908/7850 3974/3923/7850 3973/3922/7850
f 3960/3909/7851 3975/3924/7851 3974/3923/7851
f 3961/3910/7852 3976/3925/7852 3975/3924/7852
f 3962/3911/7853 3977/3926/7853 3976/3925/7853
f 3963/3912/7854 3978/3927/7854 3977/3926/7854
f 3964/3914/7855 3979/3929/7855 3978/3927/7855
f 3964/3914/7856 3965/3913/7856 3980/3928/7856
f 3965/3913/7857 3966/3915/7857 3981/3930/7857
f 3966/3915/7858 3967/3916/7858 3982/3931/7858
f 3967/3916/7859 3968/3917/7859 3983/3932/7859
f 3968/3917/7860 3969/3918/7860 3984/3933/7860
f 3969/3918/7861 3970/3919/7861 3985/3934/7861
f 3971/3921/7862 3972/3920/7862 3987/3935/7862
f 3973/3922/7863 3988/3937/7863 3987/3935/7863
f 3974/3923/7864 3989/3938/7864 3988/3937/7864
f 3975/3924/7865 3990/3939/7865 3989/3938/7865
f 3976/3925/7866 3991/3940/7866 3990/3939/7866
f 3977/3926/7867 3992/3941/7867 3991/3940/7867
f 3978/3927/7868 3993/3942/7868 3992/3941/7868
f 3979/3929/7869 3994/3944/7869 3993/3942/7869
f 3979/3929/7870 3980/3928/7870 3995/3943/7870
f 3980/3928/7871 3981/3930/7871 3996/3945/7871
f 3981/3930/7872 3982/3931/7872 3997/3946/7872
f 3982/3931/7873 3983/3932/7873 3998/3947/7873
f 3983/3932/7874 3984/3933/7874 3999/3948/7874
f 3984/3933/7875 3985/3934/7875 4000/3949/7875
f 9/3950/7876 596/3952/7876 3776/3727/7876
f 596/3952/7877 597/3953/7877 3777/3730/7877
f 597/3953/7878 598/3954/7878 3778/3732/7878
f 598/3954/7879 599/3955/7879 3779/3734/7879
f 599/3955/7880 600/3956/7880 3780/3736/7880
f 600/3956/7881 601/3957/7881 3781/3738/7881
f 601/3957/7882 602/3958/7882 3782/3740/7882
f 602/3958/7883 603/3959/7883 3783/3742/7883
f 603/3959/7884 604/3960/7884 3784/3744/7884
f 604/3960/3790 605/3961/3790 3785/3746/3790
f 605/3961/7885 606/3963/7885 3786/3748/7885
f 607/3962/7886 3787/3750/7886 3786/3748/7886
f 608/3964/7887 3788/3752/7887 3787/3750/7887
f 609/3965/7888 3789/3754/7888 3788/3752/7888
f 610/3966/7889 3790/3967/7889 3789/3754/7889
f 20/274/7890 371/783/7890 3790/3967/7890
f 3790/3967/7891 371/783/7891 372/830/7891
f 372/830/7892 373/829/7892 3820/3783/7892
f 373/829/7893 374/828/7893 3835/3798/7893
f 374/828/7894 375/827/7894 3850/3813/7894
f 375/827/7895 376/826/7895 3865/3828/7895
f 376/826/7896 377/825/7896 3880/3843/7896
f 377/825/7897 378/824/7897 3895/3858/7897
f 378/824/7898 379/823/7898 3910/3968/7898
f 3910/3968/7899 379/823/7899 380/822/7899
f 3925/3874/7900 380/822/7900 381/821/7900
f 3940/3889/7901 381/821/7901 382/820/7901
f 3955/3904/7902 382/820/7902 383/819/7902
f 3970/3919/7903 383/819/7903 384/818/7903
f 3985/3934/7904 384/818/7904 385/816/7904
f 4000/3949/7905 385/816/7905 23/817/7905
f 3999/3948/7906 4000/3949/7906 595/3695/7906
f 3998/3947/7907 3999/3948/7907 594/3693/7907
f 3997/3946/7908 3998/3947/7908 593/3692/7908
f 3997/3946/7909 592/3691/7909 591/3689/7909
f 3996/3945/7910 591/3689/7910 590/3690/7910
f 3994/3944/7911 3995/3943/7911 590/3690/7911
f 3993/3942/7912 3994/3944/7912 589/3688/7912
f 3993/3942/7913 588/3687/7913 587/3686/7913
f 3992/3941/7914 587/3686/7914 586/3685/7914
f 3991/3940/7915 586/3685/7915 585/3684/7915
f 3990/3939/7916 585/3684/7916 584/3683/7916
f 3989/3938/7917 584/3683/7917 583/3681/7917
f 3988/3937/7918 583/3681/7918 582/3682/7918
f 3986/3936/7919 3987/3935/7919 582/3682/7919
f 130/3969/7920 3986/3936/7920 581/3680/7920
f 129/3970/7921 3971/3921/7921 3986/3936/7921
f 128/3971/7922 3956/3906/7922 3971/3921/7922
f 127/3972/7923 3941/3891/7923 3956/3906/7923
f 126/3973/7924 3926/3876/7924 3941/3891/7924
f 125/3974/7925 3911/3861/7925 3926/3876/7925
f 124/3975/7926 3896/3846/7926 3911/3861/7926
f 3881/3831/7927 3896/3846/7927 124/3975/7927
f 3866/3816/7928 3881/3831/7928 123/3976/7928
f 3851/3801/7929 3866/3816/7929 122/3977/7929
f 3836/3786/7930 3851/3801/7930 121/3978/7930
f 3821/3771/7931 3836/3786/7931 120/3979/7931
f 3806/3757/7932 3821/3771/7932 119/3980/7932
f 117/3982/7933 3791/3729/7933 3806/3757/7933
f 116/3951/7934 3776/3727/7934 3791/3729/7934
f 4001/3983/7935 4002/3986/7935 4017/3984/7935
f 4002/3986/7936 4003/3988/7936 4018/3987/7936
f 4003/3988/7937 4004/3990/7937 4019/3989/7937
f 4004/3990/7938 4005/3992/7938 4020/3991/7938
f 4005/3992/7939 4006/3994/7939 4021/3993/7939
f 4006/3994/7940 4007/3996/7940 4022/3995/7940
f 4007/3996/7941 4008/3998/7941 4023/3997/7941
f 4008/3998/7942 4009/4000/7942 4024/3999/7942
f 4009/4000/7943 4010/4002/7943 4025/4001/7943
f 4010/4002/7944 4011/4004/7944 4026/4003/7944
f 4011/4004/7945 4012/4006/7945 4027/4005/7945
f 4012/4006/7946 4013/4008/7946 4028/4007/7946
f 4013/4008/7947 4014/4010/7947 4029/4009/7947
f 4014/4010/7948 4015/4206/7948 4030/4011/7948
f 4016/3985/7949 4017/3984/7949 4032/4012/7949
f 4017/3984/7950 4018/3987/7950 4033/4014/7950
f 4018/3987/7951 4019/3989/7951 4034/4015/7951
f 4019/3989/7952 4020/3991/7952 4035/4016/7952
f 4020/3991/7953 4021/3993/7953 4036/4017/7953
f 4021/3993/7954 4022/3995/7954 4037/4018/7954
f 4022/3995/7955 4023/3997/7955 4038/4019/7955
f 4023/3997/7956 4024/3999/7956 4039/4020/7956
f 4024/3999/7957 4025/4001/7957 4040/4021/7957
f 4025/4001/7958 4026/4003/7958 4041/4022/7958
f 4026/4003/7959 4027/4005/7959 4042/4023/7959
f 4027/4005/7960 4028/4007/7960 4043/4024/7960
f 4028/4007/7961 4029/4009/7961 4044/4025/7961
f 4029/4009/7962 4030/4011/7962 4045/4026/7962
f 4031/4013/7963 4032/4012/7963 4047/4027/7963
f 4032/4012/7964 4033/4014/7964 4048/4029/7964
f 4033/4014/7965 4034/4015/7965 4049/4030/7965
f 4034/4015/7966 4035/4016/7966 4050/4031/7966
f 4035/4016/7967 4036/4017/7967 4051/4032/7967
f 4036/4017/7968 4037/4018/7968 4052/4033/7968
f 4037/4018/7969 4038/4019/7969 4053/4034/7969
f 4038/4019/7970 4039/4020/7970 4054/4035/7970
f 4039/4020/7971 4040/4021/7971 4055/4036/7971
f 4040/4021/7972 4041/4022/7972 4056/4037/7972
f 4041/4022/7973 4042/4023/7973 4057/4038/7973
f 4042/4023/7974 4043/4024/7974 4058/4039/7974
f 4043/4024/7975 4044/4025/7975 4059/4040/7975
f 4044/4025/7976 4045/4026/7976 4060/4041/7976
f 4046/4028/7977 4047/4027/7977 4062/4042/7977
f 4047/4027/7978 4048/4029/7978 4063/4044/7978
f 4048/4029/7979 4049/4030/7979 4064/4045/7979
f 4049/4030/7980 4050/4031/7980 4065/4046/7980
f 4050/4031/7981 4051/4032/7981 4066/4047/7981
f 4051/4032/7982 4052/4033/7982 4067/4048/7982
f 4052/4033/7983 4053/4034/7983 4068/4049/7983
f 4053/4034/7984 4054/4035/7984 4069/4050/7984
f 4054/4035/7985 4055/4036/7985 4070/4051/7985
f 4055/4036/7986 4056/4037/7986 4071/4052/7986
f 4056/4037/7987 4057/4038/7987 4072/4053/7987
f 4057/4038/7988 4058/4039/7988 4073/4054/7988
f 4058/4039/7989 4059/4040/7989 4074/4055/7989
f 4059/4040/7990 4060/4041/7990 4075/4056/7990
f 4061/4043/7991 4062/4042/7991 4077/4057/7991
f 4062/4042/7992 4063/4044/7992 4078/4059/7992
f 4063/4044/7993 4064/4045/7993 4079/4060/7993
f 4064/4045/7994 4065/4046/7994 4080/4061/7994
f 4065/4046/7995 4066/4047/7995 4081/4062/7995
f 4066/4047/7996 4067/4048/7996 4082/4063/7996
f 4067/4048/7997 4068/4049/7997 4083/4064/7997
f 4068/4049/7998 4069/4050/7998 4084/4065/7998
f 4069/4050/7999 4070/4051/7999 4085/4066/7999
f 4070/4051/8000 4071/4052/8000 4086/4067/8000
f 4071/4052/8001 4072/4053/8001 4087/4068/8001
f 4072/4053/8002 4073/4054/8002 4088/4069/8002
f 4073/4054/8003 4074/4055/8003 4089/4070/8003
f 4074/4055/8004 4075/4056/8004 4090/4071/8004
f 4076/4058/3911 4077/4057/3911 4092/4072/3911
f 4077/4057/8005 4078/4059/8005 4093/4074/8005
f 4078/4059/8006 4079/4060/8006 4094/4075/8006
f 4079/4060/8007 4080/4061/8007 4095/4076/8007
f 4080/4061/8008 4081/4062/8008 4096/4077/8008
f 4081/4062/8009 4082/4063/8009 4097/4078/8009
f 4082/4063/8010 4083/4064/8010 4098/4079/8010
f 4083/4064/8011 4084/4065/8011 4099/4080/8011
f 4084/4065/8012 4085/4066/8012 4100/4081/8012
f 4085/4066/8013 4086/4067/8013 4101/4082/8013
f 4086/4067/8014 4087/4068/8014 4102/4083/8014
f 4087/4068/8015 4088/4069/8015 4103/4084/8015
f 4088/4069/8016 4089/4070/8016 4104/4085/8016
f 4089/4070/8017 4090/4071/8017 4105/4086/8017
f 4091/4073/8018 4092/4072/8018 4107/4087/8018
f 4092/4072/8019 4093/4074/8019 4108/4089/8019
f 4093/4074/8020 4094/4075/8020 4109/4090/8020
f 4094/4075/8021 4095/4076/8021 4110/4091/8021
f 4095/4076/8022 4096/4077/8022 4111/4092/8022
f 4096/4077/8023 4097/4078/8023 4112/4093/8023
f 4097/4078/8024 4098/4079/8024 4113/4094/8024
f 4098/4079/8025 4099/4080/8025 4114/4095/8025
f 4099/4080/8026 4100/4081/8026 4115/4096/8026
f 4100/4081/8027 4101/4082/8027 4116/4097/8027
f 4101/4082/8028 4102/4083/8028 4117/4098/8028
f 4102/4083/8029 4103/4084/8029 4118/4099/8029
f 4104/4085/8030 4119/4100/8030 4118/4099/8030
f 4105/4086/8031 4120/4115/8031 4119/4100/8031
f 4106/4088/8032 4107/4087/8032 4122/4101/8032
f 4107/4087/8033 4108/4089/8033 4123/4103/8033
f 4108/4089/8034 4109/4090/8034 4124/4104/8034
f 4109/4090/8035 4110/4091/8035 4125/4105/8035
f 4110/4091/8036 4111/4092/8036 4126/4106/8036
f 4111/4092/8037 4112/4093/8037 4127/4107/8037
f 4112/4093/8038 4113/4094/8038 4128/4108/8038
f 4113/4094/8039 4114/4095/8039 4129/4109/8039
f 4114/4095/8040 4115/4096/8040 4130/4110/8040
f 4115/4096/8041 4116/4097/8041 4131/4111/8041
f 4116/4097/8042 4117/4098/8042 4132/4112/8042
f 4117/4098/8043 4118/4099/8043 4133/4113/8043
f 4118/4099/8044 4119/4100/8044 4134/4114/8044
f 4120/4115/8045 4135/4129/8045 4134/4114/8045
f 4121/4102/8046 4122/4101/8046 4137/4116/8046
f 4122/4101/8047 4123/4103/8047 4138/4118/8047
f 4123/4103/8048 4124/4104/8048 4139/4119/8048
f 4124/4104/8049 4125/4105/8049 4140/4120/8049
f 4125/4105/8050 4126/4106/8050 4141/4121/8050
f 4126/4106/8051 4127/4107/8051 4142/4122/8051
f 4127/4107/8052 4128/4108/8052 4143/4123/8052
f 4128/4108/8053 4129/4109/8053 4144/4124/8053
f 4129/4109/8054 4130/4110/8054 4145/4125/8054
f 4130/4110/8055 4131/4111/8055 4146/4126/8055
f 4132/4112/8056 4147/4128/8056 4146/4126/8056
f 4132/4112/8057 4133/4113/8057 4148/4127/8057
f 4134/4114/8058 4149/4130/8058 4148/4127/8058
f 4135/4129/8059 4150/4207/8059 4149/4130/8059
f 4136/4117/8060 4137/4116/8060 4152/4131/8060
f 4137/4116/8061 4138/4118/8061 4153/4133/8061
f 4138/4118/8062 4139/4119/8062 4154/4134/8062
f 4139/4119/8063 4140/4120/8063 4155/4135/8063
f 4140/4120/8064 4141/4121/8064 4156/4136/8064
f 4141/4121/8065 4142/4122/8065 4157/4137/8065
f 4142/4122/8066 4143/4123/8066 4158/4138/8066
f 4143/4123/8067 4144/4124/8067 4159/4139/8067
f 4144/4124/8068 4145/4125/8068 4160/4140/8068
f 4145/4125/8069 4146/4126/8069 4161/4141/8069
f 4146/4126/8070 4147/4128/8070 4162/4142/8070
f 4147/4128/8071 4148/4127/8071 4163/4143/8071
f 4149/4130/8072 4164/4145/8072 4163/4143/8072
f 4149/4130/8073 4150/4207/8073 4165/4144/8073
f 4151/4132/8074 4152/4131/8074 4167/4146/8074
f 4152/4131/8075 4153/4133/8075 4168/4148/8075
f 4153/4133/8076 4154/4134/8076 4169/4149/8076
f 4154/4134/8077 4155/4135/8077 4170/4150/8077
f 4155/4135/8078 4156/4136/8078 4171/4151/8078
f 4156/4136/8079 4157/4137/8079 4172/4152/8079
f 4157/4137/8080 4158/4138/8080 4173/4153/8080
f 4158/4138/8081 4159/4139/8081 4174/4154/8081
f 4159/4139/8082 4160/4140/8082 4175/4155/8082
f 4160/4140/8083 4161/4141/8083 4176/4156/8083
f 4161/4141/8084 4162/4142/8084 4177/4157/8084
f 4162/4142/8085 4163/4143/8085 4178/4158/8085
f 4163/4143/8086 4164/4145/8086 4179/4159/8086
f 4165/4144/8087 4180/4208/8087 4179/4159/8087
f 4166/4147/8088 4167/4146/8088 4182/4160/8088
f 4168/4148/8089 4183/4162/8089 4182/4160/8089
f 4169/4149/8090 4184/4164/8090 4183/4162/8090
f 4169/4149/8091 4170/4150/8091 4185/4163/8091
f 4170/4150/8092 4171/4151/8092 4186/4165/8092
f 4171/4151/8093 4172/4152/8093 4187/4166/8093
f 4172/4152/8094 4173/4153/8094 4188/4167/8094
f 4173/4153/8095 4174/4154/8095 4189/4168/8095
f 4174/4154/8096 4175/4155/8096 4190/4169/8096
f 4176/4156/8097 4191/4170/8097 4190/4169/8097
f 4177/4157/8098 4192/4172/8098 4191/4170/8098
f 4177/4157/8099 4178/4158/8099 4193/4171/8099
f 4178/4158/8100 4179/4159/8100 4194/4173/8100
f 4179/4159/8101 4180/4208/8101 4195/4174/8101
f 4181/4161/8102 4182/4160/8102 4197/4175/8102
f 4183/4162/8103 4198/4177/8103 4197/4175/8103
f 4184/4164/8104 4199/4178/8104 4198/4177/8104
f 4185/4163/8105 4200/4180/8105 4199/4178/8105
f 4185/4163/8106 4186/4165/8106 4201/4179/8106
f 4186/4165/8107 4187/4166/8107 4202/4181/8107
f 4187/4166/8108 4188/4167/8108 4203/4182/8108
f 4188/4167/8109 4189/4168/8109 4204/4183/8109
f 4189/4168/8110 4190/4169/8110 4205/4184/8110
f 4191/4170/8111 4206/4185/8111 4205/4184/8111
f 4192/4172/8112 4207/4186/8112 4206/4185/8112
f 4193/4171/8113 4208/4187/8113 4207/4186/8113
f 4194/4173/8114 4209/4189/8114 4208/4187/8114
f 4194/4173/8115 4195/4174/8115 4210/4188/8115
f 4196/4176/8116 4197/4175/8116 4212/4190/8116
f 4197/4175/8117 4198/4177/8117 4213/4192/8117
f 4198/4177/8118 4199/4178/8118 4214/4193/8118
f 4199/4178/8119 4200/4180/8119 4215/4194/8119
f 4200/4180/8120 4201/4179/8120 4216/4195/8120
f 4201/4179/8121 4202/4181/8121 4217/4196/8121
f 4202/4181/8122 4203/4182/8122 4218/4197/8122
f 4203/4182/8123 4204/4183/8123 4219/4198/8123
f 4205/4184/8124 4220/4199/8124 4219/4198/8124
f 4206/4185/8125 4221/4200/8125 4220/4199/8125
f 4207/4186/8126 4222/4201/8126 4221/4200/8126
f 4208/4187/8127 4223/4202/8127 4222/4201/8127
f 4209/4189/8128 4224/4204/8128 4223/4202/8128
f 4209/4189/8129 4210/4188/8129 4225/4203/8129
f 8/1359/8130 611/1357/8130 4001/3983/8130
f 611/1357/8131 612/1356/8131 4002/3986/8131
f 612/1356/8132 613/1355/8132 4003/3988/8132
f 613/1355/8133 614/1354/8133 4004/3990/8133
f 614/1354/8134 615/1353/8134 4005/3992/8134
f 615/1353/8135 616/1352/8135 4006/3994/8135
f 616/1352/8136 617/1351/8136 4007/3996/8136
f 617/1351/8137 618/1350/8137 4008/3998/8137
f 618/1350/8138 619/1349/8138 4009/4000/8138
f 619/1349/8139 620/1348/8139 4010/4002/8139
f 620/1348/8140 621/1347/8140 4011/4004/8140
f 621/1347/8141 622/1346/8141 4012/4006/8141
f 622/1346/8142 623/1345/8142 4013/4008/8142
f 623/1345/8143 624/1344/8143 4014/4010/8143
f 624/1344/8144 625/1343/8144 4015/4206/8144
f 625/1343/8145 17/227/8145 296/226/8145
f 4015/4206/8146 296/226/8146 297/288/8146
f 4030/4011/8147 297/288/8147 298/287/8147
f 4045/4026/8148 298/287/8148 299/286/8148
f 4060/4041/8149 299/286/8149 300/285/8149
f 300/285/8150 301/284/8150 4090/4071/8150
f 301/284/8151 302/283/8151 4105/4086/8151
f 302/283/8152 303/282/8152 4120/4115/8152
f 303/282/8153 304/281/8153 4135/4129/8153
f 304/281/8154 305/280/8154 4150/4207/8154
f 305/280/8155 306/279/8155 4165/4144/8155
f 306/279/8156 307/278/8156 4180/4208/8156
f 4180/4208/8157 307/278/8157 308/277/8157
f 4195/4174/8158 308/277/8158 309/276/8158
f 4210/4188/8159 309/276/8159 310/275/8159
f 310/275/8160 20/274/8160 610/3966/8160
f 4224/4204/8161 4225/4203/8161 610/3966/8161
f 4224/4204/8162 609/3965/8162 608/3964/8162
f 4223/4202/8163 608/3964/8163 607/3962/8163
f 4222/4201/8164 607/3962/8164 606/3963/8164
f 4221/4200/8165 606/3963/8165 605/3961/8165
f 4220/4199/8166 605/3961/8166 604/3960/8166
f 4218/4197/8167 4219/4198/8167 604/3960/8167
f 4217/4196/8168 4218/4197/8168 603/3959/8168
f 4216/4195/8169 4217/4196/8169 602/3958/8169
f 4215/4194/8170 4216/4195/8170 601/3957/8170
f 4214/4193/8171 4215/4194/8171 600/3956/8171
f 4213/4192/8172 4214/4193/8172 599/3955/8172
f 4212/4190/8173 4213/4192/8173 598/3954/8173
f 4211/4191/8174 4212/4190/8174 597/3953/8174
f 115/4209/8175 4211/4191/8175 596/3952/8175
f 114/4210/8176 4196/4176/8176 4211/4191/8176
f 113/4211/8177 4181/4161/8177 4196/4176/8177
f 112/4212/8178 4166/4147/8178 4181/4161/8178
f 111/4213/8179 4151/4132/8179 4166/4147/8179
f 110/4214/8180 4136/4117/8180 4151/4132/8180
f 109/4215/8181 4121/4102/8181 4136/4117/8181
f 108/4216/8182 4106/4088/8182 4121/4102/8182
f 107/4217/8183 4091/4073/8183 4106/4088/8183
f 106/4218/8184 4076/4058/8184 4091/4073/8184
f 105/4219/8185 4061/4043/8185 4076/4058/8185
f 104/4220/8186 4046/4028/8186 4061/4043/8186
f 103/4221/8187 4031/4013/8187 4046/4028/8187
f 102/4222/8188 4016/3985/8188 4031/4013/8188
f 101/4205/8189 4001/3983/8189 4016/3985/8189
